#
# There is insufficient memory for the Java Runtime Environment to continue.
# Native memory allocation (mmap) failed to map 65536 bytes. Error detail: Failed to commit metaspace.
# Possible reasons:
#   The system is out of physical RAM or swap space
#   This process is running with CompressedOops enabled, and the Java Heap may be blocking the growth of the native heap
# Possible solutions:
#   Reduce memory load on the system
#   Increase physical memory or swap space
#   Check if swap backing store is full
#   Decrease Java heap size (-Xmx/-Xms)
#   Decrease number of Java threads
#   Decrease Java thread stack sizes (-Xss)
#   Set larger code cache with -XX:ReservedCodeCacheSize=
#   JVM is running with Unscaled Compressed Oops mode in which the Java heap is
#     placed in the first 4GB address space. The Java Heap base address is the
#     maximum limit for the native heap growth. Please use -XX:HeapBaseMinAddress
#     to set the Java Heap base and to place the Java Heap above 4GB virtual address.
# This output file may be truncated or incomplete.
#
#  Out of Memory Error (virtualSpaceNode.cpp:113), pid=42444, tid=47360
#
# JRE version: OpenJDK Runtime Environment Temurin-21.0.12.1+1 (21.0.12.1+1) (build 21.0.12.1+1-LTS)
# Java VM: OpenJDK 64-Bit Server VM Temurin-21.0.12.1+1 (21.0.12.1+1-LTS, mixed mode, sharing, tiered, compressed oops, compressed class ptrs, g1 gc, windows-amd64)
# No core dump will be written. Minidumps are not enabled by default on client versions of Windows
#

---------------  S U M M A R Y ------------

Command Line: --add-opens=java.base/java.lang=ALL-UNNAMED --add-opens=java.base/java.lang.invoke=ALL-UNNAMED --add-opens=java.base/java.util=ALL-UNNAMED --add-opens=java.prefs/java.util.prefs=ALL-UNNAMED --add-exports=jdk.compiler/com.sun.tools.javac.api=ALL-UNNAMED --add-exports=jdk.compiler/com.sun.tools.javac.util=ALL-UNNAMED --add-opens=java.base/java.nio.charset=ALL-UNNAMED --add-opens=java.base/java.net=ALL-UNNAMED --add-opens=java.base/java.util.concurrent=ALL-UNNAMED --add-opens=java.base/java.util.concurrent.atomic=ALL-UNNAMED --add-opens=java.xml/javax.xml.namespace=ALL-UNNAMED --add-opens=java.base/java.time=ALL-UNNAMED -XX:MaxMetaspaceSize=384m -XX:+HeapDumpOnOutOfMemoryError -Xms256m -Xmx512m -Dfile.encoding=UTF-8 -Duser.country=KR -Duser.language=ko -Duser.variant -javaagent:C:\Users\user\.gradle\wrapper\dists\gradle-9.5.1-bin\iq79hdu3mqx29lgffhp8bfmx\gradle-9.5.1\lib\agents\gradle-instrumentation-agent-9.5.1.jar org.gradle.launcher.daemon.bootstrap.GradleDaemon 9.5.1

Host: AMD Ryzen 5 7530U with Radeon Graphics         , 12 cores, 13G,  Windows 11 , 64 bit Build 26100 (10.0.26100.9168)
Time: Tue Sep  8 09:37:36 2026 elapsed time: 69.413374 seconds (0d 0h 1m 9s)

---------------  T H R E A D  ---------------

Current thread (0x0000015dbf56f200):  JavaThread "Daemon worker"        [_thread_in_vm, id=47360, stack(0x0000002769d00000,0x0000002769e00000) (1024K)]

Stack: [0x0000002769d00000,0x0000002769e00000]
Native frames: (J=compiled Java code, j=interpreted, Vv=VM code, C=native code)
V  [jvm.dll+0x6d83e9]
V  [jvm.dll+0x8b5736]
V  [jvm.dll+0x8b7cee]
V  [jvm.dll+0x8b83d3]
V  [jvm.dll+0x284596]
V  [jvm.dll+0x8b147e]
V  [jvm.dll+0x679ad4]
V  [jvm.dll+0x1e849b]
V  [jvm.dll+0x1e825e]
V  [jvm.dll+0x67c3d2]
V  [jvm.dll+0x67c202]
V  [jvm.dll+0x67a4ae]
V  [jvm.dll+0x26f864]
V  [jvm.dll+0x21a11f]
V  [jvm.dll+0x20f80e]
V  [jvm.dll+0x5b6a7f]
V  [jvm.dll+0x82f606]
V  [jvm.dll+0x4792f8]
V  [jvm.dll+0x47f128]
C  [java.dll+0x17ec]

Java frames: (J=compiled Java code, j=interpreted, Vv=VM code)
J 747  java.lang.ClassLoader.defineClass1(Ljava/lang/ClassLoader;Ljava/lang/String;[BIILjava/security/ProtectionDomain;Ljava/lang/String;)Ljava/lang/Class; java.base@21.0.12.1 (0 bytes) @ 0x0000015d99c58f11 [0x0000015d99c58e40+0x00000000000000d1]
J 1162 c1 java.lang.ClassLoader.defineClass(Ljava/lang/String;[BIILjava/security/ProtectionDomain;)Ljava/lang/Class; java.base@21.0.12.1 (43 bytes) @ 0x0000015d92338d74 [0x0000015d92338a20+0x0000000000000354]
J 1012 c1 java.security.SecureClassLoader.defineClass(Ljava/lang/String;[BIILjava/security/CodeSource;)Ljava/lang/Class; java.base@21.0.12.1 (16 bytes) @ 0x0000015d922f959c [0x0000015d922f94c0+0x00000000000000dc]
J 976 c1 java.net.URLClassLoader.defineClass(Ljava/lang/String;Ljdk/internal/loader/Resource;)Ljava/lang/Class; java.base@21.0.12.1 (224 bytes) @ 0x0000015d922dc1d4 [0x0000015d922daa80+0x0000000000001754]
J 848 c1 java.net.URLClassLoader$1.run()Ljava/lang/Class; java.base@21.0.12.1 (81 bytes) @ 0x0000015d922a097c [0x0000015d9229fd40+0x0000000000000c3c]
J 847 c1 java.net.URLClassLoader$1.run()Ljava/lang/Object; java.base@21.0.12.1 (5 bytes) @ 0x0000015d9229f7d4 [0x0000015d9229f740+0x0000000000000094]
J 656 c1 java.security.AccessController.doPrivileged(Ljava/security/PrivilegedExceptionAction;Ljava/security/AccessControlContext;)Ljava/lang/Object; java.base@21.0.12.1 (26 bytes) @ 0x0000015d9224348c [0x0000015d922432a0+0x00000000000001ec]
J 801 c1 java.net.URLClassLoader.findClass(Ljava/lang/String;)Ljava/lang/Class; java.base@21.0.12.1 (47 bytes) @ 0x0000015d9228d1cc [0x0000015d9228d020+0x00000000000001ac]
J 741 c1 java.lang.ClassLoader.loadClass(Ljava/lang/String;Z)Ljava/lang/Class; java.base@21.0.12.1 (121 bytes) @ 0x0000015d922725a4 [0x0000015d92271fe0+0x00000000000005c4]
J 763 c1 java.lang.ClassLoader.loadClass(Ljava/lang/String;)Ljava/lang/Class; java.base@21.0.12.1 (7 bytes) @ 0x0000015d92281054 [0x0000015d92280f40+0x0000000000000114]
v  ~StubRoutines::call_stub 0x0000015d9967100d
j  com.google.common.collect.ImmutableListMultimap.builder()Lcom/google/common/collect/ImmutableListMultimap$Builder;+0
j  org.gradle.internal.instantiation.generator.AbstractClassGenerator.<init>(Ljava/util/Collection;Ljava/util/Collection;Lorg/gradle/internal/instantiation/PropertyRoleAnnotationHandler;Lorg/gradle/cache/Cache;)V+23
j  org.gradle.internal.instantiation.generator.AsmBackedClassGenerator.<init>(ZLjava/lang/String;Ljava/util/Collection;Ljava/util/Collection;Lorg/gradle/internal/instantiation/PropertyRoleAnnotationHandler;Lorg/gradle/cache/Cache;I)V+8
j  org.gradle.internal.instantiation.generator.AsmBackedClassGenerator.injectOnly(Ljava/util/Collection;Lorg/gradle/internal/instantiation/PropertyRoleAnnotationHandler;Ljava/util/Collection;Lorg/gradle/cache/internal/ClassCacheFactory;I)Lorg/gradle/internal/instantiation/generator/ClassGenerator;+25
j  org.gradle.internal.instantiation.generator.DefaultInstantiatorFactory.<init>(Lorg/gradle/cache/internal/ClassCacheFactory;Ljava/util/List;Lorg/gradle/internal/instantiation/PropertyRoleAnnotationHandler;)V+36
j  org.gradle.internal.service.scopes.GlobalScopeServices.createInstantiatorFactory(Lorg/gradle/cache/internal/CrossBuildInMemoryCacheFactory;Ljava/util/List;Ljava/util/List;)Lorg/gradle/internal/instantiation/InstantiatorFactory;+14
j  java.lang.invoke.LambdaForm$DMH+0x0000015da60ed400.invokeVirtual(Ljava/lang/Object;Ljava/lang/Object;Ljava/lang/Object;Ljava/lang/Object;Ljava/lang/Object;)Ljava/lang/Object;+16 java.base@21.0.12.1
j  java.lang.invoke.LambdaForm$MH+0x0000015da61b1c00.invoke(Ljava/lang/Object;Ljava/lang/Object;Ljava/lang/Object;Ljava/lang/Object;Ljava/lang/Object;)Ljava/lang/Object;+87 java.base@21.0.12.1
J 2246 c1 jdk.internal.reflect.DirectMethodHandleAccessor.invoke(Ljava/lang/Object;[Ljava/lang/Object;)Ljava/lang/Object; java.base@21.0.12.1 (92 bytes) @ 0x0000015d925a16dc [0x0000015d925a07c0+0x0000000000000f1c]
J 2245 c1 java.lang.reflect.Method.invoke(Ljava/lang/Object;[Ljava/lang/Object;)Ljava/lang/Object; java.base@21.0.12.1 (108 bytes) @ 0x0000015d9259ff54 [0x0000015d9259fa40+0x0000000000000514]
j  org.gradle.internal.reflect.JavaMethod.invoke(Ljava/lang/Object;[Ljava/lang/Object;)Ljava/lang/Object;+6
j  org.gradle.internal.service.ReflectionBasedServiceMethod.invoke(Ljava/lang/Object;[Ljava/lang/Object;)Ljava/lang/Object;+6
j  org.gradle.internal.service.DefaultServiceRegistry$FactoryMethodService.invokeMethod([Ljava/lang/Object;)Ljava/lang/Object;+28
j  org.gradle.internal.service.DefaultServiceRegistry$FactoryService.createServiceInstance()Ljava/lang/Object;+7
j  org.gradle.internal.service.DefaultServiceRegistry$FactoryMethodService.createServiceInstance()Ljava/lang/Object;+1
j  org.gradle.internal.service.DefaultServiceRegistry$ManagedObjectServiceProvider.getInstance()Ljava/lang/Object;+24
j  org.gradle.internal.service.DefaultServiceRegistry$SingletonService.get()Ljava/lang/Object;+1
j  org.gradle.internal.service.DefaultServiceRegistry$FactoryService.assembleParameters()[Ljava/lang/Object;+75
j  org.gradle.internal.service.DefaultServiceRegistry$FactoryService.createServiceInstance()Ljava/lang/Object;+1
j  org.gradle.internal.service.DefaultServiceRegistry$FactoryMethodService.createServiceInstance()Ljava/lang/Object;+1
j  org.gradle.internal.service.DefaultServiceRegistry$ManagedObjectServiceProvider.getInstance()Ljava/lang/Object;+24
j  org.gradle.internal.service.DefaultServiceRegistry$SingletonService.get()Ljava/lang/Object;+1
j  org.gradle.internal.service.DefaultServiceRegistry$FactoryService.assembleParameters()[Ljava/lang/Object;+75
j  org.gradle.internal.service.DefaultServiceRegistry$FactoryService.createServiceInstance()Ljava/lang/Object;+1
j  org.gradle.internal.service.DefaultServiceRegistry$FactoryMethodService.createServiceInstance()Ljava/lang/Object;+1
j  org.gradle.internal.service.DefaultServiceRegistry$ManagedObjectServiceProvider.getInstance()Ljava/lang/Object;+24
j  org.gradle.internal.service.DefaultServiceRegistry$SingletonService.get()Ljava/lang/Object;+1
j  org.gradle.internal.service.DefaultServiceRegistry.applyConfigureMethod(Lorg/gradle/internal/service/ServiceAccessToken;Lorg/gradle/internal/service/ServiceMethod;Ljava/lang/Object;)V+132
j  org.gradle.internal.service.DefaultServiceRegistry.findProviderMethods(Lorg/gradle/internal/service/ServiceRegistrationProvider;Lorg/gradle/internal/service/ServiceAccessToken;)V+215
j  org.gradle.internal.service.DefaultServiceRegistry.addProvider(Lorg/gradle/internal/service/ServiceRegistrationProvider;)Lorg/gradle/internal/service/DefaultServiceRegistry;+18
j  org.gradle.internal.service.DefaultServiceRegistry$1.addProvider(Lorg/gradle/internal/service/ServiceRegistrationProvider;)V+5
j  org.gradle.internal.service.scopes.GradleUserHomeScopeServices.configure(Lorg/gradle/internal/service/ServiceRegistration;)V+13
j  java.lang.invoke.DirectMethodHandle$Holder.invokeVirtual(Ljava/lang/Object;Ljava/lang/Object;Ljava/lang/Object;)V+11 java.base@21.0.12.1
j  java.lang.invoke.LambdaForm$MH+0x0000015da603a000.invoke(Ljava/lang/Object;Ljava/lang/Object;)Ljava/lang/Object;+39 java.base@21.0.12.1
j  java.lang.invoke.LambdaForm$MH+0x0000015da6039800.invoke(Ljava/lang/Object;Ljava/lang/Object;Ljava/lang/Object;)Ljava/lang/Object;+45 java.base@21.0.12.1
j  java.lang.invoke.Invokers$Holder.invokeExact_MT(Ljava/lang/Object;Ljava/lang/Object;Ljava/lang/Object;Ljava/lang/Object;)Ljava/lang/Object;+20 java.base@21.0.12.1
j  java.lang.invoke.MethodHandle.invokeWithArguments([Ljava/lang/Object;)Ljava/lang/Object;+28 java.base@21.0.12.1
j  org.gradle.internal.service.MethodHandleBasedServiceMethod.invoke(Ljava/lang/Object;[Ljava/lang/Object;)Ljava/lang/Object;+9
j  org.gradle.internal.service.DefaultServiceRegistry.applyConfigureMethod(Lorg/gradle/internal/service/ServiceAccessToken;Lorg/gradle/internal/service/ServiceMethod;Ljava/lang/Object;)V+148
j  org.gradle.internal.service.DefaultServiceRegistry.findProviderMethods(Lorg/gradle/internal/service/ServiceRegistrationProvider;Lorg/gradle/internal/service/ServiceAccessToken;)V+215
j  org.gradle.internal.service.DefaultServiceRegistry.addProvider(Lorg/gradle/internal/service/ServiceRegistrationProvider;)Lorg/gradle/internal/service/DefaultServiceRegistry;+18
j  org.gradle.internal.service.ServiceRegistryBuilder.build()Lorg/gradle/internal/service/CloseableServiceRegistry;+93
j  org.gradle.internal.service.scopes.DefaultGradleUserHomeScopeServiceRegistry.getServicesFor(Ljava/io/File;)Lorg/gradle/internal/service/ServiceRegistry;+152
j  org.gradle.internal.session.BuildSessionState.<init>(Lorg/gradle/internal/service/scopes/GradleUserHomeScopeServiceRegistry;Lorg/gradle/internal/session/CrossBuildSessionState;Lorg/gradle/api/internal/StartParameterInternal;Lorg/gradle/initialization/BuildRequestMetaData;Lorg/gradle/internal/classpath/ClassPath;Lorg/gradle/initialization/BuildCancellationToken;Lorg/gradle/initialization/BuildClientMetaData;Lorg/gradle/initialization/BuildEventConsumer;)V+15
j  org.gradle.internal.buildprocess.execution.BuildSessionLifecycleBuildActionExecutor.execute(Lorg/gradle/internal/invocation/BuildAction;Lorg/gradle/launcher/exec/BuildActionParameters;Lorg/gradle/initialization/BuildRequestContext;)Lorg/gradle/launcher/exec/BuildActionResult;+96
j  org.gradle.internal.buildprocess.execution.BuildSessionLifecycleBuildActionExecutor.execute(Lorg/gradle/internal/invocation/BuildAction;Ljava/lang/Object;Ljava/lang/Object;)Lorg/gradle/launcher/exec/BuildActionResult;+10
j  org.gradle.internal.buildprocess.execution.StartParamsValidatingActionExecutor.execute(Lorg/gradle/internal/invocation/BuildAction;Lorg/gradle/launcher/exec/BuildActionParameters;Lorg/gradle/initialization/BuildRequestContext;)Lorg/gradle/launcher/exec/BuildActionResult;+142
j  org.gradle.internal.buildprocess.execution.StartParamsValidatingActionExecutor.execute(Lorg/gradle/internal/invocation/BuildAction;Ljava/lang/Object;Ljava/lang/Object;)Lorg/gradle/launcher/exec/BuildActionResult;+10
j  org.gradle.internal.buildprocess.execution.SessionFailureReportingActionExecutor.execute(Lorg/gradle/internal/invocation/BuildAction;Lorg/gradle/launcher/exec/BuildActionParameters;Lorg/gradle/initialization/BuildRequestContext;)Lorg/gradle/launcher/exec/BuildActionResult;+7
j  org.gradle.internal.buildprocess.execution.SessionFailureReportingActionExecutor.execute(Lorg/gradle/internal/invocation/BuildAction;Ljava/lang/Object;Ljava/lang/Object;)Lorg/gradle/launcher/exec/BuildActionResult;+10
j  org.gradle.internal.buildprocess.execution.SetupLoggingActionExecutor.execute(Lorg/gradle/internal/invocation/BuildAction;Lorg/gradle/launcher/exec/BuildActionParameters;Lorg/gradle/initialization/BuildRequestContext;)Lorg/gradle/launcher/exec/BuildActionResult;+50
j  org.gradle.internal.buildprocess.execution.SetupLoggingActionExecutor.execute(Lorg/gradle/internal/invocation/BuildAction;Ljava/lang/Object;Ljava/lang/Object;)Lorg/gradle/launcher/exec/BuildActionResult;+10
j  org.gradle.launcher.daemon.server.exec.ExecuteBuild.doBuild(Lorg/gradle/launcher/daemon/server/api/DaemonCommandExecution;Lorg/gradle/launcher/daemon/protocol/Build;)V+147
j  org.gradle.launcher.daemon.server.exec.BuildCommandOnly.execute(Lorg/gradle/launcher/daemon/server/api/DaemonCommandExecution;)V+49
j  org.gradle.launcher.daemon.server.api.DaemonCommandExecution.proceed()Z+23
j  org.gradle.launcher.daemon.server.exec.WatchForDisconnection.execute(Lorg/gradle/launcher/daemon/server/api/DaemonCommandExecution;)V+19
j  org.gradle.launcher.daemon.server.api.DaemonCommandExecution.proceed()Z+23
j  org.gradle.launcher.daemon.server.exec.ResetDeprecationLogger.execute(Lorg/gradle/launcher/daemon/server/api/DaemonCommandExecution;)V+7
j  org.gradle.launcher.daemon.server.api.DaemonCommandExecution.proceed()Z+23
j  org.gradle.launcher.daemon.server.exec.RequestStopIfSingleUsedDaemon.execute(Lorg/gradle/launcher/daemon/server/api/DaemonCommandExecution;)V+33
j  org.gradle.launcher.daemon.server.api.DaemonCommandExecution.proceed()Z+23
j  org.gradle.launcher.daemon.server.exec.ForwardClientInput.lambda$execute$0(Lorg/gradle/launcher/daemon/server/api/DaemonCommandExecution;Lorg/gradle/internal/daemon/clientinput/StdinHandler;)Ljava/lang/Object;+11
j  org.gradle.launcher.daemon.server.exec.ForwardClientInput$$Lambda+0x0000015da61968e8.apply(Ljava/lang/Object;)Ljava/lang/Object;+8
j  org.gradle.internal.daemon.clientinput.ClientInputForwarder.forwardInput(Ljava/util/function/Function;)Ljava/lang/Object;+46
j  org.gradle.launcher.daemon.server.exec.ForwardClientInput.execute(Lorg/gradle/launcher/daemon/server/api/DaemonCommandExecution;)V+10
j  org.gradle.launcher.daemon.server.api.DaemonCommandExecution.proceed()Z+23
j  org.gradle.launcher.daemon.server.exec.LogAndCheckHealth.execute(Lorg/gradle/launcher/daemon/server/api/DaemonCommandExecution;)V+51
j  org.gradle.launcher.daemon.server.api.DaemonCommandExecution.proceed()Z+23
j  org.gradle.launcher.daemon.server.exec.LogToClient.doBuild(Lorg/gradle/launcher/daemon/server/api/DaemonCommandExecution;Lorg/gradle/launcher/daemon/protocol/Build;)V+87
j  org.gradle.launcher.daemon.server.exec.BuildCommandOnly.execute(Lorg/gradle/launcher/daemon/server/api/DaemonCommandExecution;)V+49
j  org.gradle.launcher.daemon.server.api.DaemonCommandExecution.proceed()Z+23
j  org.gradle.launcher.daemon.server.exec.EstablishBuildEnvironment.doBuild(Lorg/gradle/launcher/daemon/server/api/DaemonCommandExecution;Lorg/gradle/launcher/daemon/protocol/Build;)V+356
j  org.gradle.launcher.daemon.server.exec.BuildCommandOnly.execute(Lorg/gradle/launcher/daemon/server/api/DaemonCommandExecution;)V+49
j  org.gradle.launcher.daemon.server.api.DaemonCommandExecution.proceed()Z+23
j  org.gradle.launcher.daemon.server.exec.StartBuildOrRespondWithBusy$1.run()V+44
j  org.gradle.launcher.daemon.server.DaemonStateCoordinator.lambda$runCommand$0(Ljava/lang/Runnable;)V+1
j  org.gradle.launcher.daemon.server.DaemonStateCoordinator$$Lambda+0x0000015da6194438.run()V+8
j  org.gradle.internal.concurrent.ExecutorPolicy$CatchAndRecordFailures.onExecute(Ljava/lang/Runnable;)V+1
j  org.gradle.internal.concurrent.AbstractManagedExecutor$1.run()V+25
j  java.util.concurrent.ThreadPoolExecutor.runWorker(Ljava/util/concurrent/ThreadPoolExecutor$Worker;)V+92 java.base@21.0.12.1
j  java.util.concurrent.ThreadPoolExecutor$Worker.run()V+5 java.base@21.0.12.1
j  java.lang.Thread.runWith(Ljava/lang/Object;Ljava/lang/Runnable;)V+5 java.base@21.0.12.1
j  java.lang.Thread.run()V+19 java.base@21.0.12.1
v  ~StubRoutines::call_stub 0x0000015d9967100d

Compiled method (n/a) 71379  747     n 0       java.lang.ClassLoader::defineClass1 (native)
 total in heap  [0x0000015d99c58c90,0x0000015d99c59228] = 1432
 relocation     [0x0000015d99c58df0,0x0000015d99c58e28] = 56
 main code      [0x0000015d99c58e40,0x0000015d99c59221] = 993
 stub code      [0x0000015d99c59221,0x0000015d99c59228] = 7

[Constant Pool (empty)]

[MachCode]
[Entry Point]
  # {method} {0x0000015da5434c38} 'defineClass1' '(Ljava/lang/ClassLoader;Ljava/lang/String;[BIILjava/security/ProtectionDomain;Ljava/lang/String;)Ljava/lang/Class;' in 'java/lang/ClassLoader'
  # parm0:    rdx:rdx   = 'java/lang/ClassLoader'
  # parm1:    r8:r8     = 'java/lang/String'
  # parm2:    r9:r9     = '[B'
  # parm3:    rdi       = int
  # parm4:    rsi       = int
  # parm5:    rcx:rcx   = 'java/security/ProtectionDomain'
  # parm6:    [sp+0xa0]   = 'java/lang/String'  (sp of caller)
  0x0000015d99c58e40: 448b 5208 | 49bb 0000 | 00a5 5d01 | 0000 4d03 | d349 3bc2 | 0f84 0600 

  0x0000015d99c58e58: ;   {runtime_call ic_miss_stub}
  0x0000015d99c58e58: 0000 e921 | 59a6 ff90 
[Verified Entry Point]
  0x0000015d99c58e60: 8984 2400 | 80ff ff55 | 488b ec48 | 81ec 9000 | 0000 6690 | 4181 7f20 | 0100 0000 

  0x0000015d99c58e7c: ;   {runtime_call StubRoutines (final stubs)}
  0x0000015d99c58e7c: 7405 e81d | d6a4 ff48 | 837d 1000 | 488d 4510 | 480f 4445 | 1048 8944 | 2440 4889 | 4c24 7048 
  0x0000015d99c58e9c: 83f9 0048 | 8d44 2470 | 480f 4444 | 2470 4889 | 4424 3848 | 8974 2430 | 4889 7c24 | 284c 894c 
  0x0000015d99c58ebc: 2458 4983 | f900 488d | 4424 5848 | 0f44 4424 | 5848 8944 | 2420 4c89 | 4424 5049 | 83f8 004c 
  0x0000015d99c58edc: 8d4c 2450 | 4c0f 444c | 2450 4889 | 5424 4848 | 83fa 004c | 8d44 2448 | 4c0f 4444 

  0x0000015d99c58ef8: ;   {oop(a 'java/lang/Class'{0x00000000e0877768} = 'java/lang/ClassLoader')}
  0x0000015d99c58ef8: 2448 49be | 6877 87e0 | 0000 0000 | 4c89 7424 | 784c 8d74 | 2478 498b | d6c5 f877 

  0x0000015d99c58f14: ;   {internal_word}
  0x0000015d99c58f14: 49ba 118f | c599 5d01 | 0000 4d89 | 97a8 0300 | 0049 89a7 | a003 0000 

  0x0000015d99c58f2c: ;   {external_word}
  0x0000015d99c58f2c: 49ba 066d | 04bc fd7f | 0000 4180 | 3a00 0f84 | 4e00 0000 | 5241 5041 

  0x0000015d99c58f44: ;   {metadata({method} {0x0000015da5434c38} 'defineClass1' '(Ljava/lang/ClassLoader;Ljava/lang/String;[BIILjava/security/ProtectionDomain;Ljava/lang/String;)Ljava/lang/Class;' in 'java/lang/ClassLoader')}
  0x0000015d99c58f44: 5148 ba30 | 4c43 a55d | 0100 0049 | 8bcf 4883 | ec20 40f6 | c40f 0f84 | 1900 0000 | 4883 ec08 
  0x0000015d99c58f64: ;   {runtime_call}
  0x0000015d99c58f64: 48b8 e0ea | adbb fd7f | 0000 ffd0 | 4883 c408 | e90c 0000 

  0x0000015d99c58f78: ;   {runtime_call}
  0x0000015d99c58f78: 0048 b8e0 | eaad bbfd | 7f00 00ff | d048 83c4 | 2041 5941 | 585a 498d | 8fc0 0300 | 0041 c787 
  0x0000015d99c58f98: 4c04 0000 | 0400 0000 

  0x0000015d99c58fa0: ;   {runtime_call}
  0x0000015d99c58fa0: 48b8 ac16 | 82e8 fd7f | 0000 ffd0 | c5f8 7741 | c787 4c04 | 0000 0500 | 0000 f083 | 4424 c000 
  0x0000015d99c58fc0: 493b af50 | 0400 000f | 870e 0000 | 0041 83bf | 4804 0000 | 000f 842b | 0000 00c5 | f877 4889 
  0x0000015d99c58fe0: 45f8 498b | cf4c 8be4 | 4883 ec20 | 4883 e4f0 

  0x0000015d99c58ff0: ;   {runtime_call}
  0x0000015d99c58ff0: 48b8 0058 | 79bb fd7f | 0000 ffd0 | 498b e44d | 33e4 488b | 45f8 41c7 | 874c 0400 | 0008 0000 
  0x0000015d99c59010: 0041 83bf | c804 0000 | 020f 84d5 

  0x0000015d99c5901c: ;   {external_word}
  0x0000015d99c5901c: 0100 0049 | ba06 6d04 | bcfd 7f00 | 0041 803a | 000f 844c | 0000 0048 

  0x0000015d99c59034: ;   {metadata({method} {0x0000015da5434c38} 'defineClass1' '(Ljava/lang/ClassLoader;Ljava/lang/String;[BIILjava/security/ProtectionDomain;Ljava/lang/String;)Ljava/lang/Class;' in 'java/lang/ClassLoader')}
  0x0000015d99c59034: 8945 f848 | ba30 4c43 | a55d 0100 | 0049 8bcf | 4883 ec20 | 40f6 c40f | 0f84 1900 | 0000 4883 
  0x0000015d99c59054: ;   {runtime_call}
  0x0000015d99c59054: ec08 48b8 | e0ea adbb | fd7f 0000 | ffd0 4883 | c408 e90c 

  0x0000015d99c59068: ;   {runtime_call}
  0x0000015d99c59068: 0000 0048 | b8e0 eaad | bbfd 7f00 | 00ff d048 | 83c4 2048 | 8b45 f849 | c787 a003 | 0000 0000 
  0x0000015d99c59088: 0000 49c7 | 87a8 0300 | 0000 0000 | 00c5 f877 | 4885 c00f | 8430 0100 | 00a8 030f | 8508 0000 
  0x0000015d99c590a8: 0048 8b00 | e920 0100 | 00a8 010f | 8509 0000 | 0048 8b40 | fee9 0f01 | 0000 488b | 40ff 4180 
  0x0000015d99c590c8: 7f40 000f | 8400 0100 | 0048 83f8 | 000f 84f6 | 0000 0049 | 8b4f 2848 | 83f9 000f | 8414 0000 
  0x0000015d99c590e8: 0048 83e9 | 0849 894f | 2849 034f | 3848 8901 | e9d4 0000 | 0048 83ec | 7048 8904 | 2448 894c 
  0x0000015d99c59108: 2408 4889 | 5424 104c | 8944 2418 | 4c89 4c24 | 204c 8954 | 2428 4c89 | 5c24 30c5 | fb11 4424 
  0x0000015d99c59128: 40c5 fb11 | 4c24 48c5 | fb11 5424 | 50c5 fb11 | 5c24 58c5 | fb11 6424 | 60c5 fb11 | 6c24 6849 
  0x0000015d99c59148: 8bd7 488b | c848 83ec | 2040 f6c4 | 0f0f 8419 | 0000 0048 

  0x0000015d99c5915c: ;   {runtime_call}
  0x0000015d99c5915c: 83ec 0848 | b820 a46c | bbfd 7f00 | 00ff d048 | 83c4 08e9 | 0c00 0000 

  0x0000015d99c59174: ;   {runtime_call}
  0x0000015d99c59174: 48b8 20a4 | 6cbb fd7f | 0000 ffd0 | 4883 c420 | c5fb 106c | 2468 c5fb | 1064 2460 | c5fb 105c 
  0x0000015d99c59194: 2458 c5fb | 1054 2450 | c5fb 104c | 2448 c5fb | 1044 2440 | 4c8b 5c24 | 304c 8b54 | 2428 4c8b 
  0x0000015d99c591b4: 4c24 204c | 8b44 2418 | 488b 5424 | 1048 8b4c | 2408 488b | 0424 4883 | c470 c5f8 | 7749 8b8f 
  0x0000015d99c591d4: 3004 0000 | c781 0001 | 0000 0000 | 0000 c949 | 837f 0800 | 0f85 0100 

  0x0000015d99c591ec: ;   {runtime_call StubRoutines (initial stubs)}
  0x0000015d99c591ec: 0000 c3e9 | 0c7d a1ff | c5f8 7748 | 8945 f84c | 8be4 4883 | ec20 4883 

  0x0000015d99c59204: ;   {runtime_call}
  0x0000015d99c59204: e4f0 48b8 | 3022 aebb | fd7f 0000 | ffd0 498b | e44d 33e4 | 488b 45f8 | e9fe fdff | fff4 f4f4 
  0x0000015d99c59224: f4f4 f4f4 
[/MachCode]


Compiled method (c1) 71410 1162       3       java.lang.ClassLoader::defineClass (43 bytes)
 total in heap  [0x0000015d92338810,0x0000015d92339160] = 2384
 relocation     [0x0000015d92338970,0x0000015d92338a10] = 160
 main code      [0x0000015d92338a20,0x0000015d92338eb8] = 1176
 stub code      [0x0000015d92338eb8,0x0000015d92338f30] = 120
 metadata       [0x0000015d92338f30,0x0000015d92338f60] = 48
 scopes data    [0x0000015d92338f60,0x0000015d92339050] = 240
 scopes pcs     [0x0000015d92339050,0x0000015d92339130] = 224
 dependencies   [0x0000015d92339130,0x0000015d92339138] = 8
 nul chk table  [0x0000015d92339138,0x0000015d92339160] = 40

[Constant Pool (empty)]

[MachCode]
[Entry Point]
  # {method} {0x0000015da5434fb8} 'defineClass' '(Ljava/lang/String;[BIILjava/security/ProtectionDomain;)Ljava/lang/Class;' in 'java/lang/ClassLoader'
  # this:     rdx:rdx   = 'java/lang/ClassLoader'
  # parm0:    r8:r8     = 'java/lang/String'
  # parm1:    r9:r9     = '[B'
  # parm2:    rdi       = int
  # parm3:    rsi       = int
  # parm4:    rcx:rcx   = 'java/security/ProtectionDomain'
  #           [sp+0xc0]  (sp of caller)
  0x0000015d92338a20: 448b 5208 | 49bb 0000 | 00a5 5d01 | 0000 4d03 | d34c 3bd0 

  0x0000015d92338a34: ;   {runtime_call ic_miss_stub}
  0x0000015d92338a34: 0f85 465d | 3807 660f | 1f44 0000 
[Verified Entry Point]
  0x0000015d92338a40: 8984 2400 | 80ff ff55 | 4881 ecb0 | 0000 0090 | 4181 7f20 | 0100 0000 

  0x0000015d92338a58: ;   {runtime_call StubRoutines (final stubs)}
  0x0000015d92338a58: 7405 e841 | da36 0748 | 8954 2478 

  0x0000015d92338a64: ;   {metadata(method data for {method} {0x0000015da5434fb8} 'defineClass' '(Ljava/lang/String;[BIILjava/security/ProtectionDomain;)Ljava/lang/Class;' in 'java/lang/ClassLoader')}
  0x0000015d92338a64: 48bb a015 | 19bb 5d01 | 0000 8b83 | cc00 0000 | 83c0 0289 | 83cc 0000 | 0025 fe07 | 0000 85c0 
  0x0000015d92338a84: 0f84 5003 | 0000 89b4 | 2494 0000 | 0089 bc24 | 9000 0000 | 4c89 8c24 | 8800 0000 

  0x0000015d92338aa0: ;   {metadata(method data for {method} {0x0000015da5434fb8} 'defineClass' '(Ljava/lang/String;[BIILjava/security/ProtectionDomain;)Ljava/lang/Class;' in 'java/lang/ClassLoader')}
  0x0000015d92338aa0: 488b da48 | b8a0 1519 | bb5d 0100 | 0048 8380 | 1001 0000 | 0149 8bd8 | 4c8b c34c | 8bc9 488b 
  0x0000015d92338ac0: ca48 8bd1 | 4889 9c24 | 8000 0000 

  0x0000015d92338acc: ;   {optimized virtual_call}
  0x0000015d92338acc: 6666 90e8 

  0x0000015d92338ad0: ; ImmutableOopMap {[120]=Oop [128]=Oop [136]=Oop }
                      ;*invokevirtual preDefineClass {reexecute=0 rethrow=0 return_oop=0}
                      ; - java.lang.ClassLoader::defineClass@4
  0x0000015d92338ad0: cc60 fcff 

  0x0000015d92338ad4: ;   {other}
  0x0000015d92338ad4: 0f1f 8400 | c402 0000 | 4889 8424 | 9800 0000 | 488b 5424 

  0x0000015d92338ae8: ;   {metadata(method data for {method} {0x0000015da5434fb8} 'defineClass' '(Ljava/lang/String;[BIILjava/security/ProtectionDomain;)Ljava/lang/Class;' in 'java/lang/ClassLoader')}
  0x0000015d92338ae8: 7849 b8a0 | 1519 bb5d | 0100 0049 | 8380 4801 

  0x0000015d92338af8: ;   {metadata(method data for {method} {0x0000015da5434ca0} 'defineClassSourceLocation' '(Ljava/security/ProtectionDomain;)Ljava/lang/String;' in 'java/lang/ClassLoader')}
  0x0000015d92338af8: 0000 0149 | b838 3d19 | bb5d 0100 | 0041 8b90 | cc00 0000 | 83c2 0241 | 8990 cc00 | 0000 81e2 
  0x0000015d92338b18: feff 1f00 | 85d2 0f84 | d702 0000 

  0x0000015d92338b24: ; implicit exception: dispatches to 0x0000015d92338e1c
  0x0000015d92338b24: 483b 004c 

  0x0000015d92338b28: ;   {metadata(method data for {method} {0x0000015da5434ca0} 'defineClassSourceLocation' '(Ljava/security/ProtectionDomain;)Ljava/lang/String;' in 'java/lang/ClassLoader')}
  0x0000015d92338b28: 8bc0 48ba | 383d 19bb | 5d01 0000 | 4883 8210 | 0100 0001 | 448b 4010 

  0x0000015d92338b40: ;   {metadata(method data for {method} {0x0000015da5434ca0} 'defineClassSourceLocation' '(Ljava/security/ProtectionDomain;)Ljava/lang/String;' in 'java/lang/ClassLoader')}
  0x0000015d92338b40: 4d85 c048 | ba38 3d19 | bb5d 0100 | 0048 c7c6 | 5801 0000 | 7507 48c7 | c648 0100 | 0048 8b3c 
  0x0000015d92338b60: 3248 8d7f | 0148 893c | 320f 850f 

  0x0000015d92338b6c: ;   {oop(nullptr)}
  0x0000015d92338b6c: 0000 0048 | bb00 0000 | 0000 0000 | 00e9 a101 | 0000 493b | 0049 8bd0 

  0x0000015d92338b84: ;   {metadata(method data for {method} {0x0000015da5434ca0} 'defineClassSourceLocation' '(Ljava/security/ProtectionDomain;)Ljava/lang/String;' in 'java/lang/ClassLoader')}
  0x0000015d92338b84: 48be 383d | 19bb 5d01 | 0000 4883 | 8668 0100 | 0001 418b | 500c 4885 

  0x0000015d92338b9c: ;   {metadata(method data for {method} {0x0000015da5434ca0} 'defineClassSourceLocation' '(Ljava/security/ProtectionDomain;)Ljava/lang/String;' in 'java/lang/ClassLoader')}
  0x0000015d92338b9c: d248 be38 | 3d19 bb5d | 0100 0048 | c7c7 b001 | 0000 7507 | 48c7 c7a0 | 0100 0048 | 8b1c 3e48 
  0x0000015d92338bbc: 8d5b 0148 | 891c 3e0f | 850f 0000 

  0x0000015d92338bc8: ;   {oop(nullptr)}
  0x0000015d92338bc8: 0048 bb00 | 0000 0000 | 0000 00e9 | 4701 0000 

  0x0000015d92338bd8: ;   {metadata(method data for {method} {0x0000015da5434ca0} 'defineClassSourceLocation' '(Ljava/security/ProtectionDomain;)Ljava/lang/String;' in 'java/lang/ClassLoader')}
  0x0000015d92338bd8: 48be 383d | 19bb 5d01 | 0000 4883 | 86c0 0100 | 0001 483b | 024c 8bc2 

  0x0000015d92338bf0: ;   {metadata(method data for {method} {0x0000015da5434ca0} 'defineClassSourceLocation' '(Ljava/security/ProtectionDomain;)Ljava/lang/String;' in 'java/lang/ClassLoader')}
  0x0000015d92338bf0: 48be 383d | 19bb 5d01 | 0000 4883 | 86f8 0100 

  0x0000015d92338c00: ;   {metadata(method data for {method} {0x0000015da501abf0} 'toString' '()Ljava/lang/String;' in 'java/net/URL')}
  0x0000015d92338c00: 0001 49b8 | 40a6 0ebb | 5d01 0000 | 418b b0cc | 0000 0083 | c602 4189 | b0cc 0000 | 0081 e6fe 
  0x0000015d92338c20: ff1f 0085 | f60f 8400 | 0200 004c 

  0x0000015d92338c2c: ;   {metadata(method data for {method} {0x0000015da501abf0} 'toString' '()Ljava/lang/String;' in 'java/net/URL')}
  0x0000015d92338c2c: 8bc2 48be | 40a6 0ebb | 5d01 0000 | 4883 8610 | 0100 0001 

  0x0000015d92338c40: ;   {metadata(method data for {method} {0x0000015da5428840} 'toExternalForm' '()Ljava/lang/String;' in 'java/net/URL')}
  0x0000015d92338c40: 49b8 c8a7 | 0ebb 5d01 | 0000 418b | b0cc 0000 | 0083 c602 | 4189 b0cc | 0000 0081 | e6fe ff1f 
  0x0000015d92338c60: 0085 f60f | 84e3 0100 | 008b 7238 

  0x0000015d92338c6c: ; implicit exception: dispatches to 0x0000015d92338e6d
  0x0000015d92338c6c: 483b 064c 

  0x0000015d92338c70: ;   {metadata(method data for {method} {0x0000015da5428840} 'toExternalForm' '()Ljava/lang/String;' in 'java/net/URL')}
  0x0000015d92338c70: 8bc6 48bf | c8a7 0ebb | 5d01 0000 | 458b 4008 | 49ba 0000 | 00a5 5d01 | 0000 4d03 | c24c 3b87 
  0x0000015d92338c90: 2001 0000 | 750d 4883 | 8728 0100 | 0001 e960 | 0000 004c | 3b87 3001 | 0000 750d | 4883 8738 
  0x0000015d92338cb0: 0100 0001 | e94a 0000 | 0048 83bf | 2001 0000 | 0075 174c | 8987 2001 | 0000 48c7 | 8728 0100 
  0x0000015d92338cd0: 0001 0000 | 00e9 2900 | 0000 4883 | bf30 0100 | 0000 7517 | 4c89 8730 | 0100 0048 | c787 3801 
  0x0000015d92338cf0: 0000 0100 | 0000 e908 | 0000 0048 | 8387 1001 | 0000 014c | 8bc2 488b | d666 0f1f 

  0x0000015d92338d0c: ;   {optimized virtual_call}
  0x0000015d92338d0c: 4400 00e8 

  0x0000015d92338d10: ; ImmutableOopMap {[120]=Oop [128]=Oop [136]=Oop [152]=Oop }
                      ;*invokevirtual toExternalForm {reexecute=0 rethrow=0 return_oop=0}
                      ; - java.net.URL::toExternalForm@5
                      ; - java.net.URL::toString@1
                      ; - java.lang.ClassLoader::defineClassSourceLocation@22
                      ; - java.lang.ClassLoader::defineClass@12
  0x0000015d92338d10: 0c53 f5ff 

  0x0000015d92338d14: ;   {other}
  0x0000015d92338d14: 0f1f 8400 | 0405 0001 | 488b d848 | 8b84 2498 | 0000 008b | b424 9400 | 0000 8bbc | 2490 0000 
  0x0000015d92338d34: 004c 8b8c | 2488 0000 | 004c 8b84 | 2480 0000 | 0048 8b54 

  0x0000015d92338d48: ;   {metadata(method data for {method} {0x0000015da5434fb8} 'defineClass' '(Ljava/lang/String;[BIILjava/security/ProtectionDomain;)Ljava/lang/Class;' in 'java/lang/ClassLoader')}
  0x0000015d92338d48: 2478 48b9 | a015 19bb | 5d01 0000 | 4883 8180 | 0100 0001 | 4c8b da49 | 8bd3 488b | c848 891c 
  0x0000015d92338d68: 2466 0f1f 

  0x0000015d92338d6c: ;   {static_call}
  0x0000015d92338d6c: 4400 00e8 

  0x0000015d92338d70: ; ImmutableOopMap {[120]=Oop [152]=Oop }
                      ;*invokestatic defineClass1 {reexecute=0 rethrow=0 return_oop=0}
                      ; - java.lang.ClassLoader::defineClass@27
  0x0000015d92338d70: ec00 9207 

  0x0000015d92338d74: ;   {other}
  0x0000015d92338d74: 0f1f 8400 | 6405 0002 | 488b 5424 

  0x0000015d92338d80: ;   {metadata(method data for {method} {0x0000015da5434fb8} 'defineClass' '(Ljava/lang/String;[BIILjava/security/ProtectionDomain;)Ljava/lang/Class;' in 'java/lang/ClassLoader')}
  0x0000015d92338d80: 7849 b8a0 | 1519 bb5d | 0100 0049 | 8380 9001 | 0000 014c | 8bc0 4c8b | 8c24 9800 | 0000 488b 
  0x0000015d92338da0: 5424 7848 | 8984 24a0 | 0000 000f 

  0x0000015d92338dac: ;   {optimized virtual_call}
  0x0000015d92338dac: 1f40 00e8 

  0x0000015d92338db0: ; ImmutableOopMap {[160]=Oop }
                      ;*invokevirtual postDefineClass {reexecute=0 rethrow=0 return_oop=0}
                      ; - java.lang.ClassLoader::defineClass@37
  0x0000015d92338db0: ec7a 0000 

  0x0000015d92338db4: ;   {other}
  0x0000015d92338db4: 0f1f 8400 | a405 0003 | 488b 8424 | a000 0000 | 4881 c4b0 | 0000 005d 

  0x0000015d92338dcc: ;   {poll_return}
  0x0000015d92338dcc: 493b a750 | 0400 000f | 8799 0000 

  0x0000015d92338dd8: ;   {metadata({method} {0x0000015da5434fb8} 'defineClass' '(Ljava/lang/String;[BIILjava/security/ProtectionDomain;)Ljava/lang/Class;' in 'java/lang/ClassLoader')}
  0x0000015d92338dd8: 00c3 49ba | b04f 43a5 | 5d01 0000 | 4c89 5424 | 0848 c704 | 24ff ffff 

  0x0000015d92338df0: ;   {runtime_call counter_overflow Runtime1 stub}
  0x0000015d92338df0: ffe8 8aa0 

  0x0000015d92338df4: ; ImmutableOopMap {rdx=Oop r8=Oop r9=Oop rcx=Oop [120]=Oop }
                      ;*synchronization entry
                      ; - java.lang.ClassLoader::defineClass@-1
  0x0000015d92338df4: 4407 e98f 

  0x0000015d92338df8: ;   {metadata({method} {0x0000015da5434ca0} 'defineClassSourceLocation' '(Ljava/security/ProtectionDomain;)Ljava/lang/String;' in 'java/lang/ClassLoader')}
  0x0000015d92338df8: fcff ff49 | ba98 4c43 | a55d 0100 | 004c 8954 | 2408 48c7 | 0424 ffff 

  0x0000015d92338e10: ;   {runtime_call counter_overflow Runtime1 stub}
  0x0000015d92338e10: ffff e869 

  0x0000015d92338e14: ; ImmutableOopMap {rax=Oop [120]=Oop [128]=Oop [136]=Oop [152]=Oop }
                      ;*synchronization entry
                      ; - java.lang.ClassLoader::defineClassSourceLocation@-1
                      ; - java.lang.ClassLoader::defineClass@12
  0x0000015d92338e14: a044 07e9 | 08fd ffff 

  0x0000015d92338e1c: ;   {runtime_call throw_null_pointer_exception Runtime1 stub}
  0x0000015d92338e1c: e85f 4f44 

  0x0000015d92338e20: ; ImmutableOopMap {rax=Oop [120]=Oop [128]=Oop [136]=Oop [152]=Oop }
                      ;*invokevirtual getCodeSource {reexecute=0 rethrow=0 return_oop=0}
                      ; - java.lang.ClassLoader::defineClassSourceLocation@1
                      ; - java.lang.ClassLoader::defineClass@12
                      ;   {runtime_call throw_null_pointer_exception Runtime1 stub}
  0x0000015d92338e20: 07e8 5a4f 

  0x0000015d92338e24: ; ImmutableOopMap {rax=Oop r8=Oop [120]=Oop [128]=Oop [136]=Oop [152]=Oop }
                      ;*invokevirtual getLocation {reexecute=0 rethrow=0 return_oop=0}
                      ; - java.lang.ClassLoader::defineClassSourceLocation@12
                      ; - java.lang.ClassLoader::defineClass@12
                      ;   {runtime_call throw_null_pointer_exception Runtime1 stub}
  0x0000015d92338e24: 4407 e855 

  0x0000015d92338e28: ; ImmutableOopMap {rdx=Oop [120]=Oop [128]=Oop [136]=Oop [152]=Oop }
                      ;*invokevirtual toString {reexecute=0 rethrow=0 return_oop=0}
                      ; - java.lang.ClassLoader::defineClassSourceLocation@22
                      ; - java.lang.ClassLoader::defineClass@12
                      ;   {metadata({method} {0x0000015da501abf0} 'toString' '()Ljava/lang/String;' in 'java/net/URL')}
  0x0000015d92338e28: 4f44 0749 | bae8 ab01 | a55d 0100 | 004c 8954 | 2408 48c7 | 0424 ffff 

  0x0000015d92338e40: ;   {runtime_call counter_overflow Runtime1 stub}
  0x0000015d92338e40: ffff e839 

  0x0000015d92338e44: ; ImmutableOopMap {rdx=Oop [120]=Oop [128]=Oop [136]=Oop [152]=Oop }
                      ;*synchronization entry
                      ; - java.net.URL::toString@-1
                      ; - java.lang.ClassLoader::defineClassSourceLocation@22
                      ; - java.lang.ClassLoader::defineClass@12
  0x0000015d92338e44: a044 07e9 | dffd ffff 

  0x0000015d92338e4c: ;   {metadata({method} {0x0000015da5428840} 'toExternalForm' '()Ljava/lang/String;' in 'java/net/URL')}
  0x0000015d92338e4c: 49ba 3888 | 42a5 5d01 | 0000 4c89 | 5424 0848 | c704 24ff 

  0x0000015d92338e60: ;   {runtime_call counter_overflow Runtime1 stub}
  0x0000015d92338e60: ffff ffe8 

  0x0000015d92338e64: ; ImmutableOopMap {rdx=Oop [120]=Oop [128]=Oop [136]=Oop [152]=Oop }
                      ;*synchronization entry
                      ; - java.net.URL::toExternalForm@-1
                      ; - java.net.URL::toString@1
                      ; - java.lang.ClassLoader::defineClassSourceLocation@22
                      ; - java.lang.ClassLoader::defineClass@12
  0x0000015d92338e64: 18a0 4407 | e9fc fdff 

  0x0000015d92338e6c: ;   {runtime_call throw_null_pointer_exception Runtime1 stub}
  0x0000015d92338e6c: ffe8 0e4f 

  0x0000015d92338e70: ; ImmutableOopMap {rdx=Oop rsi=Oop [120]=Oop [128]=Oop [136]=Oop [152]=Oop }
                      ;*invokevirtual toExternalForm {reexecute=0 rethrow=0 return_oop=0}
                      ; - java.net.URL::toExternalForm@5
                      ; - java.net.URL::toString@1
                      ; - java.lang.ClassLoader::defineClassSourceLocation@22
                      ; - java.lang.ClassLoader::defineClass@12
                      ;   {internal_word}
  0x0000015d92338e70: 4407 49ba | cc8d 3392 | 5d01 0000 | 4d89 9768 

  0x0000015d92338e80: ;   {runtime_call SafepointBlob}
  0x0000015d92338e80: 0400 00e9 | f8c5 3807 | 498b 8700 | 0500 0049 | c787 0005 | 0000 0000 | 0000 49c7 | 8708 0500 
  0x0000015d92338ea0: 0000 0000 | 0048 81c4 | b000 0000 

  0x0000015d92338eac: ;   {runtime_call unwind_exception Runtime1 stub}
  0x0000015d92338eac: 5de9 ce3f | 4407 f4f4 | f4f4 f4f4 
[Stub Code]
  0x0000015d92338eb8: ;   {no_reloc}
  0x0000015d92338eb8: 0f1f 4400 

  0x0000015d92338ebc: ;   {static_stub}
  0x0000015d92338ebc: 0048 bb00 | 0000 0000 

  0x0000015d92338ec4: ;   {runtime_call nmethod}
  0x0000015d92338ec4: 0000 00e9 | fbff ffff 

  0x0000015d92338ecc: ;   {static_stub}
  0x0000015d92338ecc: 48bb 0000 | 0000 0000 

  0x0000015d92338ed4: ;   {runtime_call nmethod}
  0x0000015d92338ed4: 0000 e9fb 

  0x0000015d92338ed8: ;   {static_stub}
  0x0000015d92338ed8: ffff ff48 | bb00 0000 | 0000 0000 

  0x0000015d92338ee4: ;   {runtime_call nmethod}
  0x0000015d92338ee4: 00e9 fbff 

  0x0000015d92338ee8: ;   {static_stub}
  0x0000015d92338ee8: ffff 48bb | d84b 43a5 | 5d01 0000 

  0x0000015d92338ef4: ;   {runtime_call I2C/C2I adapters}
  0x0000015d92338ef4: e972 1f38 

  0x0000015d92338ef8: ;   {runtime_call handle_exception_from_callee Runtime1 stub}
  0x0000015d92338ef8: 07e8 826c 

  0x0000015d92338efc: ;   {external_word}
  0x0000015d92338efc: 4407 48b9 | 5063 dabb | fd7f 0000 | 4883 e4f0 

  0x0000015d92338f0c: ;   {runtime_call}
  0x0000015d92338f0c: 48b8 c0c9 | 9cbb fd7f | 0000 ffd0 

  0x0000015d92338f18: ;   {section_word}
  0x0000015d92338f18: f449 ba19 | 8f33 925d | 0100 0041 

  0x0000015d92338f24: ;   {runtime_call DeoptimizationBlob}
  0x0000015d92338f24: 52e9 f6b7 | 3807 f4f4 | f4f4 f4f4 
[/MachCode]


Compiled method (c1) 71429 1012       3       java.security.SecureClassLoader::defineClass (16 bytes)
 total in heap  [0x0000015d922f9310,0x0000015d922f9710] = 1024
 relocation     [0x0000015d922f9470,0x0000015d922f94c0] = 80
 main code      [0x0000015d922f94c0,0x0000015d922f9618] = 344
 stub code      [0x0000015d922f9618,0x0000015d922f9668] = 80
 metadata       [0x0000015d922f9668,0x0000015d922f9670] = 8
 scopes data    [0x0000015d922f9670,0x0000015d922f96b8] = 72
 scopes pcs     [0x0000015d922f96b8,0x0000015d922f9708] = 80
 dependencies   [0x0000015d922f9708,0x0000015d922f9710] = 8

[Constant Pool (empty)]

[MachCode]
[Entry Point]
  # {method} {0x0000015da504e0e8} 'defineClass' '(Ljava/lang/String;[BIILjava/security/CodeSource;)Ljava/lang/Class;' in 'java/security/SecureClassLoader'
  # this:     rdx:rdx   = 'java/security/SecureClassLoader'
  # parm0:    r8:r8     = 'java/lang/String'
  # parm1:    r9:r9     = '[B'
  # parm2:    rdi       = int
  # parm3:    rsi       = int
  # parm4:    rcx:rcx   = 'java/security/CodeSource'
  #           [sp+0x80]  (sp of caller)
  0x0000015d922f94c0: 448b 5208 | 49bb 0000 | 00a5 5d01 | 0000 4d03 | d34c 3bd0 

  0x0000015d922f94d4: ;   {runtime_call ic_miss_stub}
  0x0000015d922f94d4: 0f85 a652 | 3c07 660f | 1f44 0000 
[Verified Entry Point]
  0x0000015d922f94e0: 8984 2400 | 80ff ff55 | 4883 ec70 | 4181 7f20 | 0100 0000 

  0x0000015d922f94f4: ;   {runtime_call StubRoutines (final stubs)}
  0x0000015d922f94f4: 7405 e8a5 

  0x0000015d922f94f8: ;   {metadata(method data for {method} {0x0000015da504e0e8} 'defineClass' '(Ljava/lang/String;[BIILjava/security/CodeSource;)Ljava/lang/Class;' in 'java/security/SecureClassLoader')}
  0x0000015d922f94f8: cf3a 0748 | bb48 db17 | bb5d 0100 | 008b 83cc | 0000 0083 | c002 8983 | cc00 0000 | 25fe 0700 
  0x0000015d922f9518: 0085 c00f | 8496 0000 | 0089 7424 | 5c89 7c24 | 584c 894c | 2450 4c89 | 4424 4848 

  0x0000015d922f9534: ;   {metadata(method data for {method} {0x0000015da504e0e8} 'defineClass' '(Ljava/lang/String;[BIILjava/security/CodeSource;)Ljava/lang/Class;' in 'java/security/SecureClassLoader')}
  0x0000015d922f9534: 8bda 48b8 | 48db 17bb | 5d01 0000 | 4883 8010 | 0100 0001 | 4c8b c148 | 8bc2 488b | d048 8944 
  0x0000015d922f9554: ;   {optimized virtual_call}
  0x0000015d922f9554: 2440 90e8 

  0x0000015d922f9558: ; ImmutableOopMap {[64]=Oop [72]=Oop [80]=Oop }
                      ;*invokevirtual getProtectionDomain {reexecute=0 rethrow=0 return_oop=0}
                      ; - java.security.SecureClassLoader::defineClass@9
  0x0000015d922f9558: 44ea 0300 

  0x0000015d922f955c: ;   {other}
  0x0000015d922f955c: 0f1f 8400 | 4c02 0000 | 488b 5424 

  0x0000015d922f9568: ;   {metadata(method data for {method} {0x0000015da504e0e8} 'defineClass' '(Ljava/lang/String;[BIILjava/security/CodeSource;)Ljava/lang/Class;' in 'java/security/SecureClassLoader')}
  0x0000015d922f9568: 4049 b848 | db17 bb5d | 0100 0049 | 8380 4801 | 0000 014c | 8b44 2448 | 4c8b 4c24 | 508b 7c24 
  0x0000015d922f9588: 588b 7424 | 5c48 8bc8 | 488b 5424 

  0x0000015d922f9594: ;   {optimized virtual_call}
  0x0000015d922f9594: 4066 90e8 

  0x0000015d922f9598: ; ImmutableOopMap {}
                      ;*invokevirtual defineClass {reexecute=0 rethrow=0 return_oop=0}
                      ; - java.security.SecureClassLoader::defineClass@12
  0x0000015d922f9598: a4f4 0300 

  0x0000015d922f959c: ;   {other}
  0x0000015d922f959c: 0f1f 8400 | 8c02 0001 | 4883 c470 

  0x0000015d922f95a8: ;   {poll_return}
  0x0000015d922f95a8: 5d49 3ba7 | 5004 0000 | 0f87 2200 

  0x0000015d922f95b4: ;   {metadata({method} {0x0000015da504e0e8} 'defineClass' '(Ljava/lang/String;[BIILjava/security/CodeSource;)Ljava/lang/Class;' in 'java/security/SecureClassLoader')}
  0x0000015d922f95b4: 0000 c349 | bae0 e004 | a55d 0100 | 004c 8954 | 2408 48c7 | 0424 ffff 

  0x0000015d922f95cc: ;   {runtime_call counter_overflow Runtime1 stub}
  0x0000015d922f95cc: ffff e8ad 

  0x0000015d922f95d0: ; ImmutableOopMap {rdx=Oop r8=Oop r9=Oop rcx=Oop }
                      ;*synchronization entry
                      ; - java.security.SecureClassLoader::defineClass@-1
  0x0000015d922f95d0: 9848 07e9 | 49ff ffff 

  0x0000015d922f95d8: ;   {internal_word}
  0x0000015d922f95d8: 49ba a995 | 2f92 5d01 | 0000 4d89 | 9768 0400 

  0x0000015d922f95e8: ;   {runtime_call SafepointBlob}
  0x0000015d922f95e8: 00e9 92be | 3c07 498b | 8700 0500 | 0049 c787 | 0005 0000 | 0000 0000 | 49c7 8708 | 0500 0000 
  0x0000015d922f9608: 0000 0048 | 83c4 705d 

  0x0000015d922f9610: ;   {runtime_call unwind_exception Runtime1 stub}
  0x0000015d922f9610: e96b 3848 | 07f4 f4f4 
[Stub Code]
  0x0000015d922f9618: ;   {no_reloc}
  0x0000015d922f9618: 48bb 30e0 | 04a5 5d01 

  0x0000015d922f9620: ;   {runtime_call I2C/C2I adapters}
  0x0000015d922f9620: 0000 e9c0 

  0x0000015d922f9624: ;   {static_stub}
  0x0000015d922f9624: a93c 0748 | bbb0 4f43 | a55d 0100 

  0x0000015d922f9630: ;   {runtime_call I2C/C2I adapters}
  0x0000015d922f9630: 00e9 bf8f 

  0x0000015d922f9634: ;   {runtime_call handle_exception_from_callee Runtime1 stub}
  0x0000015d922f9634: 3b07 e845 

  0x0000015d922f9638: ;   {external_word}
  0x0000015d922f9638: 6548 0748 | b950 63da | bbfd 7f00 | 0048 83e4 

  0x0000015d922f9648: ;   {runtime_call}
  0x0000015d922f9648: f048 b8c0 | c99c bbfd | 7f00 00ff 

  0x0000015d922f9654: ;   {section_word}
  0x0000015d922f9654: d0f4 49ba | 5696 2f92 | 5d01 0000 

  0x0000015d922f9660: ;   {runtime_call DeoptimizationBlob}
  0x0000015d922f9660: 4152 e9b9 | b03c 07f4 
[/MachCode]


---------------  P R O C E S S  ---------------

Threads class SMR info:
_java_thread_list=0x0000015dbf971fa0, length=21, elements={
0x0000015d8ef41dc0, 0x0000015da4cf1d40, 0x0000015da4cf48b0, 0x0000015da4cf7d20,
0x0000015da4cf88b0, 0x0000015da4cf9be0, 0x0000015da4cfab20, 0x0000015da4cfc8c0,
0x0000015da4d05790, 0x0000015dba2c2990, 0x0000015dba289140, 0x0000015dba1f81d0,
0x0000015dc0374020, 0x0000015dc03e8d30, 0x0000015dbfb8faa0, 0x0000015dbf2cbe80,
0x0000015dba0ff490, 0x0000015dbf56f200, 0x0000015dc06ea0e0, 0x0000015dc06ea770,
0x0000015dc06eb490
}

Java Threads: ( => current thread )
  0x0000015d8ef41dc0 JavaThread "main"                              [_thread_blocked, id=43480, stack(0x0000002768000000,0x0000002768100000) (1024K)]
  0x0000015da4cf1d40 JavaThread "Reference Handler"          daemon [_thread_blocked, id=43968, stack(0x0000002768800000,0x0000002768900000) (1024K)]
  0x0000015da4cf48b0 JavaThread "Finalizer"                  daemon [_thread_blocked, id=43972, stack(0x0000002768900000,0x0000002768a00000) (1024K)]
  0x0000015da4cf7d20 JavaThread "Signal Dispatcher"          daemon [_thread_blocked, id=43976, stack(0x0000002768a00000,0x0000002768b00000) (1024K)]
  0x0000015da4cf88b0 JavaThread "Attach Listener"            daemon [_thread_blocked, id=43980, stack(0x0000002768b00000,0x0000002768c00000) (1024K)]
  0x0000015da4cf9be0 JavaThread "Service Thread"             daemon [_thread_blocked, id=43984, stack(0x0000002768c00000,0x0000002768d00000) (1024K)]
  0x0000015da4cfab20 JavaThread "Monitor Deflation Thread"   daemon [_thread_blocked, id=43988, stack(0x0000002768d00000,0x0000002768e00000) (1024K)]
  0x0000015da4cfc8c0 JavaThread "C2 CompilerThread0"         daemon [_thread_blocked, id=43992, stack(0x0000002768e00000,0x0000002768f00000) (1024K)]
  0x0000015da4d05790 JavaThread "C1 CompilerThread0"         daemon [_thread_blocked, id=43996, stack(0x0000002768f00000,0x0000002769000000) (1024K)]
  0x0000015dba2c2990 JavaThread "Common-Cleaner"             daemon [_thread_blocked, id=40588, stack(0x0000002769000000,0x0000002769100000) (1024K)]
  0x0000015dba289140 JavaThread "Notification Thread"        daemon [_thread_blocked, id=44044, stack(0x0000002769100000,0x0000002769200000) (1024K)]
  0x0000015dba1f81d0 JavaThread "Daemon health stats"               [_thread_blocked, id=6552, stack(0x0000002769700000,0x0000002769800000) (1024K)]
  0x0000015dc0374020 JavaThread "Incoming local TCP Connector on port 61288"        [_thread_in_native, id=39432, stack(0x0000002769800000,0x0000002769900000) (1024K)]
  0x0000015dc03e8d30 JavaThread "Daemon periodic checks"            [_thread_blocked, id=14372, stack(0x0000002769900000,0x0000002769a00000) (1024K)]
  0x0000015dbfb8faa0 JavaThread "Daemon"                            [_thread_blocked, id=39952, stack(0x0000002769a00000,0x0000002769b00000) (1024K)]
  0x0000015dbf2cbe80 JavaThread "Handler for socket connection from /127.0.0.1:61288 to /127.0.0.1:50502"        [_thread_in_native, id=23900, stack(0x0000002769b00000,0x0000002769c00000) (1024K)]
  0x0000015dba0ff490 JavaThread "Cancel handler"                    [_thread_blocked, id=41776, stack(0x0000002769c00000,0x0000002769d00000) (1024K)]
=>0x0000015dbf56f200 JavaThread "Daemon worker"                     [_thread_in_vm, id=47360, stack(0x0000002769d00000,0x0000002769e00000) (1024K)]
  0x0000015dc06ea0e0 JavaThread "Asynchronous log dispatcher for DefaultDaemonConnection: socket connection from /127.0.0.1:61288 to /127.0.0.1:50502"        [_thread_blocked, id=48112, stack(0x0000002767d00000,0x0000002767e00000) (1024K)]
  0x0000015dc06ea770 JavaThread "Stdin handler"                     [_thread_blocked, id=25596, stack(0x0000002769e00000,0x0000002769f00000) (1024K)]
  0x0000015dc06eb490 JavaThread "Daemon client event forwarder"        [_thread_blocked, id=9644, stack(0x0000002769f00000,0x000000276a000000) (1024K)]
Total: 21

Other Threads:
  0x0000015da4cd3ce0 VMThread "VM Thread"                           [id=43896, stack(0x0000002768700000,0x0000002768800000) (1024K)] _threads_hazard_ptr=0x0000015dbf971fa0
  0x0000015dba0810a0 WatcherThread "VM Periodic Task Thread"        [id=43892, stack(0x0000002768600000,0x0000002768700000) (1024K)]
  0x0000015d8ef6c380 WorkerThread "GC Thread#0"                     [id=43748, stack(0x0000002768100000,0x0000002768200000) (1024K)]
  0x0000015dbf33f940 WorkerThread "GC Thread#1"                     [id=46596, stack(0x0000002769200000,0x0000002769300000) (1024K)]
  0x0000015dbf30c880 WorkerThread "GC Thread#2"                     [id=46620, stack(0x0000002769300000,0x0000002769400000) (1024K)]
  0x0000015dba1102a0 WorkerThread "GC Thread#3"                     [id=22548, stack(0x0000002769400000,0x0000002769500000) (1024K)]
  0x0000015dba110650 WorkerThread "GC Thread#4"                     [id=46624, stack(0x0000002769500000,0x0000002769600000) (1024K)]
  0x0000015dba110a00 WorkerThread "GC Thread#5"                     [id=46148, stack(0x0000002769600000,0x0000002769700000) (1024K)]
  0x0000015d8ef72aa0 ConcurrentGCThread "G1 Main Marker"            [id=43752, stack(0x0000002768200000,0x0000002768300000) (1024K)]
  0x0000015d8ef734c0 WorkerThread "G1 Conc#0"                       [id=43756, stack(0x0000002768300000,0x0000002768400000) (1024K)]
  0x0000015da4c192e0 ConcurrentGCThread "G1 Refine#0"               [id=43848, stack(0x0000002768400000,0x0000002768500000) (1024K)]
  0x0000015da4c19c70 ConcurrentGCThread "G1 Service"                [id=43852, stack(0x0000002768500000,0x0000002768600000) (1024K)]
Total: 12

Threads with active compile tasks:
Total: 0

VM state: synchronizing (normal execution)

VM Mutex/Monitor currently owned by a thread:  ([mutex/lock_event])
[0x00007ffdbc05d530] Metaspace_lock - owner thread: 0x0000015dbf56f200
[0x00007ffdbc05f5b0] Threads_lock - owner thread: 0x0000015da4cd3ce0

Heap address: 0x00000000e0000000, size: 512 MB, Compressed Oops mode: 32-bit

CDS archive(s) mapped at: [0x0000015da5000000-0x0000015da5ba0000-0x0000015da5ba0000), size 12189696, SharedBaseAddress: 0x0000015da5000000, ArchiveRelocationMode: 1.
Compressed class space mapped at: 0x0000015da6000000-0x0000015dba000000, reserved size: 335544320
Narrow klass base: 0x0000015da5000000, Narrow klass shift: 0, Narrow klass range: 0x100000000

GC Precious Log:
 CardTable entry size: 512
 Card Set container configuration: InlinePtr #cards 5 size 8 Array Of Cards #cards 12 size 40 Howl #buckets 4 coarsen threshold 1843 Howl Bitmap #cards 512 size 80 coarsen threshold 460 Card regions per heap region 1 cards per card region 2048
 CPUs: 12 total, 12 available
 Memory: 14173M
 Large Page Support: Disabled
 NUMA Support: Disabled
 Compressed Oops: Enabled (32-bit)
 Heap Region Size: 1M
 Heap Min Capacity: 256M
 Heap Initial Capacity: 256M
 Heap Max Capacity: 512M
 Pre-touch: Disabled
 Parallel Workers: 10
 Concurrent Workers: 3
 Concurrent Refinement Workers: 10
 Periodic GC: Disabled

Heap:
 garbage-first heap   total 262144K, used 68107K [0x00000000e0000000, 0x0000000100000000)
  region size 1024K, 56 young (57344K), 3 survivors (3072K)
 Metaspace       used 12019K, committed 12352K, reserved 393216K
  class space    used 1626K, committed 1792K, reserved 327680K

Heap Regions: E=young(eden), S=young(survivor), O=old, HS=humongous(starts), HC=humongous(continues), CS=collection set, F=free, TAMS=top-at-mark-start, PB=parsable bottom
|   0|0x00000000e0000000, 0x00000000e0100000, 0x00000000e0100000|100%|HS|  |TAMS 0x00000000e0000000| PB 0x00000000e0000000| Complete 
|   1|0x00000000e0100000, 0x00000000e0200000, 0x00000000e0200000|100%|HC|  |TAMS 0x00000000e0100000| PB 0x00000000e0100000| Complete 
|   2|0x00000000e0200000, 0x00000000e0300000, 0x00000000e0300000|100%|HC|  |TAMS 0x00000000e0200000| PB 0x00000000e0200000| Complete 
|   3|0x00000000e0300000, 0x00000000e0400000, 0x00000000e0400000|100%|HC|  |TAMS 0x00000000e0300000| PB 0x00000000e0300000| Complete 
|   4|0x00000000e0400000, 0x00000000e0500000, 0x00000000e0500000|100%| O|  |TAMS 0x00000000e0400000| PB 0x00000000e0400000| Untracked 
|   5|0x00000000e0500000, 0x00000000e0600000, 0x00000000e0600000|100%| O|  |TAMS 0x00000000e0500000| PB 0x00000000e0500000| Untracked 
|   6|0x00000000e0600000, 0x00000000e0700000, 0x00000000e0700000|100%| O|  |TAMS 0x00000000e0600000| PB 0x00000000e0600000| Untracked 
|   7|0x00000000e0700000, 0x00000000e0800000, 0x00000000e0800000|100%| O|  |TAMS 0x00000000e0700000| PB 0x00000000e0700000| Untracked 
|   8|0x00000000e0800000, 0x00000000e0900000, 0x00000000e0900000|100%| O|  |TAMS 0x00000000e0800000| PB 0x00000000e0800000| Untracked 
|   9|0x00000000e0900000, 0x00000000e0a00000, 0x00000000e0a00000|100%|HS|  |TAMS 0x00000000e0900000| PB 0x00000000e0900000| Complete 
|  10|0x00000000e0a00000, 0x00000000e0a00000, 0x00000000e0b00000|  0%| F|  |TAMS 0x00000000e0a00000| PB 0x00000000e0a00000| Untracked 
|  11|0x00000000e0b00000, 0x00000000e0c00000, 0x00000000e0c00000|100%| O|  |TAMS 0x00000000e0b00000| PB 0x00000000e0b00000| Untracked 
|  12|0x00000000e0c00000, 0x00000000e0cf0dd8, 0x00000000e0d00000| 94%| O|  |TAMS 0x00000000e0c00000| PB 0x00000000e0c00000| Untracked 
|  13|0x00000000e0d00000, 0x00000000e0d00000, 0x00000000e0e00000|  0%| F|  |TAMS 0x00000000e0d00000| PB 0x00000000e0d00000| Untracked 
|  14|0x00000000e0e00000, 0x00000000e0e00000, 0x00000000e0f00000|  0%| F|  |TAMS 0x00000000e0e00000| PB 0x00000000e0e00000| Untracked 
|  15|0x00000000e0f00000, 0x00000000e0f00000, 0x00000000e1000000|  0%| F|  |TAMS 0x00000000e0f00000| PB 0x00000000e0f00000| Untracked 
|  16|0x00000000e1000000, 0x00000000e1000000, 0x00000000e1100000|  0%| F|  |TAMS 0x00000000e1000000| PB 0x00000000e1000000| Untracked 
|  17|0x00000000e1100000, 0x00000000e1100000, 0x00000000e1200000|  0%| F|  |TAMS 0x00000000e1100000| PB 0x00000000e1100000| Untracked 
|  18|0x00000000e1200000, 0x00000000e1200000, 0x00000000e1300000|  0%| F|  |TAMS 0x00000000e1200000| PB 0x00000000e1200000| Untracked 
|  19|0x00000000e1300000, 0x00000000e1300000, 0x00000000e1400000|  0%| F|  |TAMS 0x00000000e1300000| PB 0x00000000e1300000| Untracked 
|  20|0x00000000e1400000, 0x00000000e1400000, 0x00000000e1500000|  0%| F|  |TAMS 0x00000000e1400000| PB 0x00000000e1400000| Untracked 
|  21|0x00000000e1500000, 0x00000000e1500000, 0x00000000e1600000|  0%| F|  |TAMS 0x00000000e1500000| PB 0x00000000e1500000| Untracked 
|  22|0x00000000e1600000, 0x00000000e1600000, 0x00000000e1700000|  0%| F|  |TAMS 0x00000000e1600000| PB 0x00000000e1600000| Untracked 
|  23|0x00000000e1700000, 0x00000000e1700000, 0x00000000e1800000|  0%| F|  |TAMS 0x00000000e1700000| PB 0x00000000e1700000| Untracked 
|  24|0x00000000e1800000, 0x00000000e1800000, 0x00000000e1900000|  0%| F|  |TAMS 0x00000000e1800000| PB 0x00000000e1800000| Untracked 
|  25|0x00000000e1900000, 0x00000000e1900000, 0x00000000e1a00000|  0%| F|  |TAMS 0x00000000e1900000| PB 0x00000000e1900000| Untracked 
|  26|0x00000000e1a00000, 0x00000000e1a00000, 0x00000000e1b00000|  0%| F|  |TAMS 0x00000000e1a00000| PB 0x00000000e1a00000| Untracked 
|  27|0x00000000e1b00000, 0x00000000e1b00000, 0x00000000e1c00000|  0%| F|  |TAMS 0x00000000e1b00000| PB 0x00000000e1b00000| Untracked 
|  28|0x00000000e1c00000, 0x00000000e1c00000, 0x00000000e1d00000|  0%| F|  |TAMS 0x00000000e1c00000| PB 0x00000000e1c00000| Untracked 
|  29|0x00000000e1d00000, 0x00000000e1d00000, 0x00000000e1e00000|  0%| F|  |TAMS 0x00000000e1d00000| PB 0x00000000e1d00000| Untracked 
|  30|0x00000000e1e00000, 0x00000000e1e00000, 0x00000000e1f00000|  0%| F|  |TAMS 0x00000000e1e00000| PB 0x00000000e1e00000| Untracked 
|  31|0x00000000e1f00000, 0x00000000e1f00000, 0x00000000e2000000|  0%| F|  |TAMS 0x00000000e1f00000| PB 0x00000000e1f00000| Untracked 
|  32|0x00000000e2000000, 0x00000000e2000000, 0x00000000e2100000|  0%| F|  |TAMS 0x00000000e2000000| PB 0x00000000e2000000| Untracked 
|  33|0x00000000e2100000, 0x00000000e2100000, 0x00000000e2200000|  0%| F|  |TAMS 0x00000000e2100000| PB 0x00000000e2100000| Untracked 
|  34|0x00000000e2200000, 0x00000000e2200000, 0x00000000e2300000|  0%| F|  |TAMS 0x00000000e2200000| PB 0x00000000e2200000| Untracked 
|  35|0x00000000e2300000, 0x00000000e2300000, 0x00000000e2400000|  0%| F|  |TAMS 0x00000000e2300000| PB 0x00000000e2300000| Untracked 
|  36|0x00000000e2400000, 0x00000000e2400000, 0x00000000e2500000|  0%| F|  |TAMS 0x00000000e2400000| PB 0x00000000e2400000| Untracked 
|  37|0x00000000e2500000, 0x00000000e2500000, 0x00000000e2600000|  0%| F|  |TAMS 0x00000000e2500000| PB 0x00000000e2500000| Untracked 
|  38|0x00000000e2600000, 0x00000000e2600000, 0x00000000e2700000|  0%| F|  |TAMS 0x00000000e2600000| PB 0x00000000e2600000| Untracked 
|  39|0x00000000e2700000, 0x00000000e2700000, 0x00000000e2800000|  0%| F|  |TAMS 0x00000000e2700000| PB 0x00000000e2700000| Untracked 
|  40|0x00000000e2800000, 0x00000000e2800000, 0x00000000e2900000|  0%| F|  |TAMS 0x00000000e2800000| PB 0x00000000e2800000| Untracked 
|  41|0x00000000e2900000, 0x00000000e2900000, 0x00000000e2a00000|  0%| F|  |TAMS 0x00000000e2900000| PB 0x00000000e2900000| Untracked 
|  42|0x00000000e2a00000, 0x00000000e2a00000, 0x00000000e2b00000|  0%| F|  |TAMS 0x00000000e2a00000| PB 0x00000000e2a00000| Untracked 
|  43|0x00000000e2b00000, 0x00000000e2b00000, 0x00000000e2c00000|  0%| F|  |TAMS 0x00000000e2b00000| PB 0x00000000e2b00000| Untracked 
|  44|0x00000000e2c00000, 0x00000000e2c00000, 0x00000000e2d00000|  0%| F|  |TAMS 0x00000000e2c00000| PB 0x00000000e2c00000| Untracked 
|  45|0x00000000e2d00000, 0x00000000e2d00000, 0x00000000e2e00000|  0%| F|  |TAMS 0x00000000e2d00000| PB 0x00000000e2d00000| Untracked 
|  46|0x00000000e2e00000, 0x00000000e2e00000, 0x00000000e2f00000|  0%| F|  |TAMS 0x00000000e2e00000| PB 0x00000000e2e00000| Untracked 
|  47|0x00000000e2f00000, 0x00000000e2f00000, 0x00000000e3000000|  0%| F|  |TAMS 0x00000000e2f00000| PB 0x00000000e2f00000| Untracked 
|  48|0x00000000e3000000, 0x00000000e3000000, 0x00000000e3100000|  0%| F|  |TAMS 0x00000000e3000000| PB 0x00000000e3000000| Untracked 
|  49|0x00000000e3100000, 0x00000000e3100000, 0x00000000e3200000|  0%| F|  |TAMS 0x00000000e3100000| PB 0x00000000e3100000| Untracked 
|  50|0x00000000e3200000, 0x00000000e3200000, 0x00000000e3300000|  0%| F|  |TAMS 0x00000000e3200000| PB 0x00000000e3200000| Untracked 
|  51|0x00000000e3300000, 0x00000000e3300000, 0x00000000e3400000|  0%| F|  |TAMS 0x00000000e3300000| PB 0x00000000e3300000| Untracked 
|  52|0x00000000e3400000, 0x00000000e3400000, 0x00000000e3500000|  0%| F|  |TAMS 0x00000000e3400000| PB 0x00000000e3400000| Untracked 
|  53|0x00000000e3500000, 0x00000000e3500000, 0x00000000e3600000|  0%| F|  |TAMS 0x00000000e3500000| PB 0x00000000e3500000| Untracked 
|  54|0x00000000e3600000, 0x00000000e3600000, 0x00000000e3700000|  0%| F|  |TAMS 0x00000000e3600000| PB 0x00000000e3600000| Untracked 
|  55|0x00000000e3700000, 0x00000000e3700000, 0x00000000e3800000|  0%| F|  |TAMS 0x00000000e3700000| PB 0x00000000e3700000| Untracked 
|  56|0x00000000e3800000, 0x00000000e3800000, 0x00000000e3900000|  0%| F|  |TAMS 0x00000000e3800000| PB 0x00000000e3800000| Untracked 
|  57|0x00000000e3900000, 0x00000000e3900000, 0x00000000e3a00000|  0%| F|  |TAMS 0x00000000e3900000| PB 0x00000000e3900000| Untracked 
|  58|0x00000000e3a00000, 0x00000000e3a00000, 0x00000000e3b00000|  0%| F|  |TAMS 0x00000000e3a00000| PB 0x00000000e3a00000| Untracked 
|  59|0x00000000e3b00000, 0x00000000e3b00000, 0x00000000e3c00000|  0%| F|  |TAMS 0x00000000e3b00000| PB 0x00000000e3b00000| Untracked 
|  60|0x00000000e3c00000, 0x00000000e3c00000, 0x00000000e3d00000|  0%| F|  |TAMS 0x00000000e3c00000| PB 0x00000000e3c00000| Untracked 
|  61|0x00000000e3d00000, 0x00000000e3d00000, 0x00000000e3e00000|  0%| F|  |TAMS 0x00000000e3d00000| PB 0x00000000e3d00000| Untracked 
|  62|0x00000000e3e00000, 0x00000000e3e00000, 0x00000000e3f00000|  0%| F|  |TAMS 0x00000000e3e00000| PB 0x00000000e3e00000| Untracked 
|  63|0x00000000e3f00000, 0x00000000e3f00000, 0x00000000e4000000|  0%| F|  |TAMS 0x00000000e3f00000| PB 0x00000000e3f00000| Untracked 
|  64|0x00000000e4000000, 0x00000000e4000000, 0x00000000e4100000|  0%| F|  |TAMS 0x00000000e4000000| PB 0x00000000e4000000| Untracked 
|  65|0x00000000e4100000, 0x00000000e4100000, 0x00000000e4200000|  0%| F|  |TAMS 0x00000000e4100000| PB 0x00000000e4100000| Untracked 
|  66|0x00000000e4200000, 0x00000000e4200000, 0x00000000e4300000|  0%| F|  |TAMS 0x00000000e4200000| PB 0x00000000e4200000| Untracked 
|  67|0x00000000e4300000, 0x00000000e4300000, 0x00000000e4400000|  0%| F|  |TAMS 0x00000000e4300000| PB 0x00000000e4300000| Untracked 
|  68|0x00000000e4400000, 0x00000000e4400000, 0x00000000e4500000|  0%| F|  |TAMS 0x00000000e4400000| PB 0x00000000e4400000| Untracked 
|  69|0x00000000e4500000, 0x00000000e4500000, 0x00000000e4600000|  0%| F|  |TAMS 0x00000000e4500000| PB 0x00000000e4500000| Untracked 
|  70|0x00000000e4600000, 0x00000000e4600000, 0x00000000e4700000|  0%| F|  |TAMS 0x00000000e4600000| PB 0x00000000e4600000| Untracked 
|  71|0x00000000e4700000, 0x00000000e4700000, 0x00000000e4800000|  0%| F|  |TAMS 0x00000000e4700000| PB 0x00000000e4700000| Untracked 
|  72|0x00000000e4800000, 0x00000000e4800000, 0x00000000e4900000|  0%| F|  |TAMS 0x00000000e4800000| PB 0x00000000e4800000| Untracked 
|  73|0x00000000e4900000, 0x00000000e4900000, 0x00000000e4a00000|  0%| F|  |TAMS 0x00000000e4900000| PB 0x00000000e4900000| Untracked 
|  74|0x00000000e4a00000, 0x00000000e4a00000, 0x00000000e4b00000|  0%| F|  |TAMS 0x00000000e4a00000| PB 0x00000000e4a00000| Untracked 
|  75|0x00000000e4b00000, 0x00000000e4b00000, 0x00000000e4c00000|  0%| F|  |TAMS 0x00000000e4b00000| PB 0x00000000e4b00000| Untracked 
|  76|0x00000000e4c00000, 0x00000000e4c00000, 0x00000000e4d00000|  0%| F|  |TAMS 0x00000000e4c00000| PB 0x00000000e4c00000| Untracked 
|  77|0x00000000e4d00000, 0x00000000e4d00000, 0x00000000e4e00000|  0%| F|  |TAMS 0x00000000e4d00000| PB 0x00000000e4d00000| Untracked 
|  78|0x00000000e4e00000, 0x00000000e4e00000, 0x00000000e4f00000|  0%| F|  |TAMS 0x00000000e4e00000| PB 0x00000000e4e00000| Untracked 
|  79|0x00000000e4f00000, 0x00000000e4f00000, 0x00000000e5000000|  0%| F|  |TAMS 0x00000000e4f00000| PB 0x00000000e4f00000| Untracked 
|  80|0x00000000e5000000, 0x00000000e5000000, 0x00000000e5100000|  0%| F|  |TAMS 0x00000000e5000000| PB 0x00000000e5000000| Untracked 
|  81|0x00000000e5100000, 0x00000000e5100000, 0x00000000e5200000|  0%| F|  |TAMS 0x00000000e5100000| PB 0x00000000e5100000| Untracked 
|  82|0x00000000e5200000, 0x00000000e5200000, 0x00000000e5300000|  0%| F|  |TAMS 0x00000000e5200000| PB 0x00000000e5200000| Untracked 
|  83|0x00000000e5300000, 0x00000000e5300000, 0x00000000e5400000|  0%| F|  |TAMS 0x00000000e5300000| PB 0x00000000e5300000| Untracked 
|  84|0x00000000e5400000, 0x00000000e5400000, 0x00000000e5500000|  0%| F|  |TAMS 0x00000000e5400000| PB 0x00000000e5400000| Untracked 
|  85|0x00000000e5500000, 0x00000000e5500000, 0x00000000e5600000|  0%| F|  |TAMS 0x00000000e5500000| PB 0x00000000e5500000| Untracked 
|  86|0x00000000e5600000, 0x00000000e5600000, 0x00000000e5700000|  0%| F|  |TAMS 0x00000000e5600000| PB 0x00000000e5600000| Untracked 
|  87|0x00000000e5700000, 0x00000000e5700000, 0x00000000e5800000|  0%| F|  |TAMS 0x00000000e5700000| PB 0x00000000e5700000| Untracked 
|  88|0x00000000e5800000, 0x00000000e5800000, 0x00000000e5900000|  0%| F|  |TAMS 0x00000000e5800000| PB 0x00000000e5800000| Untracked 
|  89|0x00000000e5900000, 0x00000000e5900000, 0x00000000e5a00000|  0%| F|  |TAMS 0x00000000e5900000| PB 0x00000000e5900000| Untracked 
|  90|0x00000000e5a00000, 0x00000000e5a00000, 0x00000000e5b00000|  0%| F|  |TAMS 0x00000000e5a00000| PB 0x00000000e5a00000| Untracked 
|  91|0x00000000e5b00000, 0x00000000e5b00000, 0x00000000e5c00000|  0%| F|  |TAMS 0x00000000e5b00000| PB 0x00000000e5b00000| Untracked 
|  92|0x00000000e5c00000, 0x00000000e5c00000, 0x00000000e5d00000|  0%| F|  |TAMS 0x00000000e5c00000| PB 0x00000000e5c00000| Untracked 
|  93|0x00000000e5d00000, 0x00000000e5d00000, 0x00000000e5e00000|  0%| F|  |TAMS 0x00000000e5d00000| PB 0x00000000e5d00000| Untracked 
|  94|0x00000000e5e00000, 0x00000000e5e00000, 0x00000000e5f00000|  0%| F|  |TAMS 0x00000000e5e00000| PB 0x00000000e5e00000| Untracked 
|  95|0x00000000e5f00000, 0x00000000e5f00000, 0x00000000e6000000|  0%| F|  |TAMS 0x00000000e5f00000| PB 0x00000000e5f00000| Untracked 
|  96|0x00000000e6000000, 0x00000000e6000000, 0x00000000e6100000|  0%| F|  |TAMS 0x00000000e6000000| PB 0x00000000e6000000| Untracked 
|  97|0x00000000e6100000, 0x00000000e6100000, 0x00000000e6200000|  0%| F|  |TAMS 0x00000000e6100000| PB 0x00000000e6100000| Untracked 
|  98|0x00000000e6200000, 0x00000000e6200000, 0x00000000e6300000|  0%| F|  |TAMS 0x00000000e6200000| PB 0x00000000e6200000| Untracked 
|  99|0x00000000e6300000, 0x00000000e6300000, 0x00000000e6400000|  0%| F|  |TAMS 0x00000000e6300000| PB 0x00000000e6300000| Untracked 
| 100|0x00000000e6400000, 0x00000000e6400000, 0x00000000e6500000|  0%| F|  |TAMS 0x00000000e6400000| PB 0x00000000e6400000| Untracked 
| 101|0x00000000e6500000, 0x00000000e6500000, 0x00000000e6600000|  0%| F|  |TAMS 0x00000000e6500000| PB 0x00000000e6500000| Untracked 
| 102|0x00000000e6600000, 0x00000000e6600000, 0x00000000e6700000|  0%| F|  |TAMS 0x00000000e6600000| PB 0x00000000e6600000| Untracked 
| 103|0x00000000e6700000, 0x00000000e6700000, 0x00000000e6800000|  0%| F|  |TAMS 0x00000000e6700000| PB 0x00000000e6700000| Untracked 
| 104|0x00000000e6800000, 0x00000000e6800000, 0x00000000e6900000|  0%| F|  |TAMS 0x00000000e6800000| PB 0x00000000e6800000| Untracked 
| 105|0x00000000e6900000, 0x00000000e6900000, 0x00000000e6a00000|  0%| F|  |TAMS 0x00000000e6900000| PB 0x00000000e6900000| Untracked 
| 106|0x00000000e6a00000, 0x00000000e6a00000, 0x00000000e6b00000|  0%| F|  |TAMS 0x00000000e6a00000| PB 0x00000000e6a00000| Untracked 
| 107|0x00000000e6b00000, 0x00000000e6b00000, 0x00000000e6c00000|  0%| F|  |TAMS 0x00000000e6b00000| PB 0x00000000e6b00000| Untracked 
| 108|0x00000000e6c00000, 0x00000000e6c00000, 0x00000000e6d00000|  0%| F|  |TAMS 0x00000000e6c00000| PB 0x00000000e6c00000| Untracked 
| 109|0x00000000e6d00000, 0x00000000e6d00000, 0x00000000e6e00000|  0%| F|  |TAMS 0x00000000e6d00000| PB 0x00000000e6d00000| Untracked 
| 110|0x00000000e6e00000, 0x00000000e6e00000, 0x00000000e6f00000|  0%| F|  |TAMS 0x00000000e6e00000| PB 0x00000000e6e00000| Untracked 
| 111|0x00000000e6f00000, 0x00000000e6f00000, 0x00000000e7000000|  0%| F|  |TAMS 0x00000000e6f00000| PB 0x00000000e6f00000| Untracked 
| 112|0x00000000e7000000, 0x00000000e7000000, 0x00000000e7100000|  0%| F|  |TAMS 0x00000000e7000000| PB 0x00000000e7000000| Untracked 
| 113|0x00000000e7100000, 0x00000000e7100000, 0x00000000e7200000|  0%| F|  |TAMS 0x00000000e7100000| PB 0x00000000e7100000| Untracked 
| 114|0x00000000e7200000, 0x00000000e7200000, 0x00000000e7300000|  0%| F|  |TAMS 0x00000000e7200000| PB 0x00000000e7200000| Untracked 
| 115|0x00000000e7300000, 0x00000000e7300000, 0x00000000e7400000|  0%| F|  |TAMS 0x00000000e7300000| PB 0x00000000e7300000| Untracked 
| 116|0x00000000e7400000, 0x00000000e7400000, 0x00000000e7500000|  0%| F|  |TAMS 0x00000000e7400000| PB 0x00000000e7400000| Untracked 
| 117|0x00000000e7500000, 0x00000000e7500000, 0x00000000e7600000|  0%| F|  |TAMS 0x00000000e7500000| PB 0x00000000e7500000| Untracked 
| 118|0x00000000e7600000, 0x00000000e7600000, 0x00000000e7700000|  0%| F|  |TAMS 0x00000000e7600000| PB 0x00000000e7600000| Untracked 
| 119|0x00000000e7700000, 0x00000000e7700000, 0x00000000e7800000|  0%| F|  |TAMS 0x00000000e7700000| PB 0x00000000e7700000| Untracked 
| 120|0x00000000e7800000, 0x00000000e7800000, 0x00000000e7900000|  0%| F|  |TAMS 0x00000000e7800000| PB 0x00000000e7800000| Untracked 
| 121|0x00000000e7900000, 0x00000000e7900000, 0x00000000e7a00000|  0%| F|  |TAMS 0x00000000e7900000| PB 0x00000000e7900000| Untracked 
| 122|0x00000000e7a00000, 0x00000000e7a00000, 0x00000000e7b00000|  0%| F|  |TAMS 0x00000000e7a00000| PB 0x00000000e7a00000| Untracked 
| 123|0x00000000e7b00000, 0x00000000e7b00000, 0x00000000e7c00000|  0%| F|  |TAMS 0x00000000e7b00000| PB 0x00000000e7b00000| Untracked 
| 124|0x00000000e7c00000, 0x00000000e7c00000, 0x00000000e7d00000|  0%| F|  |TAMS 0x00000000e7c00000| PB 0x00000000e7c00000| Untracked 
| 125|0x00000000e7d00000, 0x00000000e7d00000, 0x00000000e7e00000|  0%| F|  |TAMS 0x00000000e7d00000| PB 0x00000000e7d00000| Untracked 
| 126|0x00000000e7e00000, 0x00000000e7e00000, 0x00000000e7f00000|  0%| F|  |TAMS 0x00000000e7e00000| PB 0x00000000e7e00000| Untracked 
| 127|0x00000000e7f00000, 0x00000000e7f00000, 0x00000000e8000000|  0%| F|  |TAMS 0x00000000e7f00000| PB 0x00000000e7f00000| Untracked 
| 128|0x00000000e8000000, 0x00000000e8000000, 0x00000000e8100000|  0%| F|  |TAMS 0x00000000e8000000| PB 0x00000000e8000000| Untracked 
| 129|0x00000000e8100000, 0x00000000e8100000, 0x00000000e8200000|  0%| F|  |TAMS 0x00000000e8100000| PB 0x00000000e8100000| Untracked 
| 130|0x00000000e8200000, 0x00000000e8200000, 0x00000000e8300000|  0%| F|  |TAMS 0x00000000e8200000| PB 0x00000000e8200000| Untracked 
| 131|0x00000000e8300000, 0x00000000e8300000, 0x00000000e8400000|  0%| F|  |TAMS 0x00000000e8300000| PB 0x00000000e8300000| Untracked 
| 132|0x00000000e8400000, 0x00000000e8400000, 0x00000000e8500000|  0%| F|  |TAMS 0x00000000e8400000| PB 0x00000000e8400000| Untracked 
| 133|0x00000000e8500000, 0x00000000e8500000, 0x00000000e8600000|  0%| F|  |TAMS 0x00000000e8500000| PB 0x00000000e8500000| Untracked 
| 134|0x00000000e8600000, 0x00000000e8600000, 0x00000000e8700000|  0%| F|  |TAMS 0x00000000e8600000| PB 0x00000000e8600000| Untracked 
| 135|0x00000000e8700000, 0x00000000e8700000, 0x00000000e8800000|  0%| F|  |TAMS 0x00000000e8700000| PB 0x00000000e8700000| Untracked 
| 136|0x00000000e8800000, 0x00000000e8800000, 0x00000000e8900000|  0%| F|  |TAMS 0x00000000e8800000| PB 0x00000000e8800000| Untracked 
| 137|0x00000000e8900000, 0x00000000e8900000, 0x00000000e8a00000|  0%| F|  |TAMS 0x00000000e8900000| PB 0x00000000e8900000| Untracked 
| 138|0x00000000e8a00000, 0x00000000e8a00000, 0x00000000e8b00000|  0%| F|  |TAMS 0x00000000e8a00000| PB 0x00000000e8a00000| Untracked 
| 139|0x00000000e8b00000, 0x00000000e8b00000, 0x00000000e8c00000|  0%| F|  |TAMS 0x00000000e8b00000| PB 0x00000000e8b00000| Untracked 
| 140|0x00000000e8c00000, 0x00000000e8c00000, 0x00000000e8d00000|  0%| F|  |TAMS 0x00000000e8c00000| PB 0x00000000e8c00000| Untracked 
| 141|0x00000000e8d00000, 0x00000000e8d00000, 0x00000000e8e00000|  0%| F|  |TAMS 0x00000000e8d00000| PB 0x00000000e8d00000| Untracked 
| 142|0x00000000e8e00000, 0x00000000e8e00000, 0x00000000e8f00000|  0%| F|  |TAMS 0x00000000e8e00000| PB 0x00000000e8e00000| Untracked 
| 143|0x00000000e8f00000, 0x00000000e8f00000, 0x00000000e9000000|  0%| F|  |TAMS 0x00000000e8f00000| PB 0x00000000e8f00000| Untracked 
| 144|0x00000000e9000000, 0x00000000e9000000, 0x00000000e9100000|  0%| F|  |TAMS 0x00000000e9000000| PB 0x00000000e9000000| Untracked 
| 145|0x00000000e9100000, 0x00000000e9100000, 0x00000000e9200000|  0%| F|  |TAMS 0x00000000e9100000| PB 0x00000000e9100000| Untracked 
| 146|0x00000000e9200000, 0x00000000e9200000, 0x00000000e9300000|  0%| F|  |TAMS 0x00000000e9200000| PB 0x00000000e9200000| Untracked 
| 147|0x00000000e9300000, 0x00000000e9300000, 0x00000000e9400000|  0%| F|  |TAMS 0x00000000e9300000| PB 0x00000000e9300000| Untracked 
| 148|0x00000000e9400000, 0x00000000e9400000, 0x00000000e9500000|  0%| F|  |TAMS 0x00000000e9400000| PB 0x00000000e9400000| Untracked 
| 149|0x00000000e9500000, 0x00000000e9500000, 0x00000000e9600000|  0%| F|  |TAMS 0x00000000e9500000| PB 0x00000000e9500000| Untracked 
| 150|0x00000000e9600000, 0x00000000e9600000, 0x00000000e9700000|  0%| F|  |TAMS 0x00000000e9600000| PB 0x00000000e9600000| Untracked 
| 151|0x00000000e9700000, 0x00000000e9700000, 0x00000000e9800000|  0%| F|  |TAMS 0x00000000e9700000| PB 0x00000000e9700000| Untracked 
| 152|0x00000000e9800000, 0x00000000e9800000, 0x00000000e9900000|  0%| F|  |TAMS 0x00000000e9800000| PB 0x00000000e9800000| Untracked 
| 153|0x00000000e9900000, 0x00000000e9900000, 0x00000000e9a00000|  0%| F|  |TAMS 0x00000000e9900000| PB 0x00000000e9900000| Untracked 
| 154|0x00000000e9a00000, 0x00000000e9a00000, 0x00000000e9b00000|  0%| F|  |TAMS 0x00000000e9a00000| PB 0x00000000e9a00000| Untracked 
| 155|0x00000000e9b00000, 0x00000000e9b00000, 0x00000000e9c00000|  0%| F|  |TAMS 0x00000000e9b00000| PB 0x00000000e9b00000| Untracked 
| 156|0x00000000e9c00000, 0x00000000e9c00000, 0x00000000e9d00000|  0%| F|  |TAMS 0x00000000e9c00000| PB 0x00000000e9c00000| Untracked 
| 157|0x00000000e9d00000, 0x00000000e9d00000, 0x00000000e9e00000|  0%| F|  |TAMS 0x00000000e9d00000| PB 0x00000000e9d00000| Untracked 
| 158|0x00000000e9e00000, 0x00000000e9e00000, 0x00000000e9f00000|  0%| F|  |TAMS 0x00000000e9e00000| PB 0x00000000e9e00000| Untracked 
| 159|0x00000000e9f00000, 0x00000000e9f00000, 0x00000000ea000000|  0%| F|  |TAMS 0x00000000e9f00000| PB 0x00000000e9f00000| Untracked 
| 160|0x00000000ea000000, 0x00000000ea000000, 0x00000000ea100000|  0%| F|  |TAMS 0x00000000ea000000| PB 0x00000000ea000000| Untracked 
| 161|0x00000000ea100000, 0x00000000ea100000, 0x00000000ea200000|  0%| F|  |TAMS 0x00000000ea100000| PB 0x00000000ea100000| Untracked 
| 162|0x00000000ea200000, 0x00000000ea200000, 0x00000000ea300000|  0%| F|  |TAMS 0x00000000ea200000| PB 0x00000000ea200000| Untracked 
| 163|0x00000000ea300000, 0x00000000ea300000, 0x00000000ea400000|  0%| F|  |TAMS 0x00000000ea300000| PB 0x00000000ea300000| Untracked 
| 164|0x00000000ea400000, 0x00000000ea400000, 0x00000000ea500000|  0%| F|  |TAMS 0x00000000ea400000| PB 0x00000000ea400000| Untracked 
| 165|0x00000000ea500000, 0x00000000ea500000, 0x00000000ea600000|  0%| F|  |TAMS 0x00000000ea500000| PB 0x00000000ea500000| Untracked 
| 166|0x00000000ea600000, 0x00000000ea600000, 0x00000000ea700000|  0%| F|  |TAMS 0x00000000ea600000| PB 0x00000000ea600000| Untracked 
| 167|0x00000000ea700000, 0x00000000ea700000, 0x00000000ea800000|  0%| F|  |TAMS 0x00000000ea700000| PB 0x00000000ea700000| Untracked 
| 168|0x00000000ea800000, 0x00000000ea800000, 0x00000000ea900000|  0%| F|  |TAMS 0x00000000ea800000| PB 0x00000000ea800000| Untracked 
| 169|0x00000000ea900000, 0x00000000ea900000, 0x00000000eaa00000|  0%| F|  |TAMS 0x00000000ea900000| PB 0x00000000ea900000| Untracked 
| 170|0x00000000eaa00000, 0x00000000eaa00000, 0x00000000eab00000|  0%| F|  |TAMS 0x00000000eaa00000| PB 0x00000000eaa00000| Untracked 
| 171|0x00000000eab00000, 0x00000000eab00000, 0x00000000eac00000|  0%| F|  |TAMS 0x00000000eab00000| PB 0x00000000eab00000| Untracked 
| 172|0x00000000eac00000, 0x00000000eac00000, 0x00000000ead00000|  0%| F|  |TAMS 0x00000000eac00000| PB 0x00000000eac00000| Untracked 
| 173|0x00000000ead00000, 0x00000000ead00000, 0x00000000eae00000|  0%| F|  |TAMS 0x00000000ead00000| PB 0x00000000ead00000| Untracked 
| 174|0x00000000eae00000, 0x00000000eae00000, 0x00000000eaf00000|  0%| F|  |TAMS 0x00000000eae00000| PB 0x00000000eae00000| Untracked 
| 175|0x00000000eaf00000, 0x00000000eaf00000, 0x00000000eb000000|  0%| F|  |TAMS 0x00000000eaf00000| PB 0x00000000eaf00000| Untracked 
| 176|0x00000000eb000000, 0x00000000eb000000, 0x00000000eb100000|  0%| F|  |TAMS 0x00000000eb000000| PB 0x00000000eb000000| Untracked 
| 177|0x00000000eb100000, 0x00000000eb100000, 0x00000000eb200000|  0%| F|  |TAMS 0x00000000eb100000| PB 0x00000000eb100000| Untracked 
| 178|0x00000000eb200000, 0x00000000eb200000, 0x00000000eb300000|  0%| F|  |TAMS 0x00000000eb200000| PB 0x00000000eb200000| Untracked 
| 179|0x00000000eb300000, 0x00000000eb300000, 0x00000000eb400000|  0%| F|  |TAMS 0x00000000eb300000| PB 0x00000000eb300000| Untracked 
| 180|0x00000000eb400000, 0x00000000eb400000, 0x00000000eb500000|  0%| F|  |TAMS 0x00000000eb400000| PB 0x00000000eb400000| Untracked 
| 181|0x00000000eb500000, 0x00000000eb500000, 0x00000000eb600000|  0%| F|  |TAMS 0x00000000eb500000| PB 0x00000000eb500000| Untracked 
| 182|0x00000000eb600000, 0x00000000eb600000, 0x00000000eb700000|  0%| F|  |TAMS 0x00000000eb600000| PB 0x00000000eb600000| Untracked 
| 183|0x00000000eb700000, 0x00000000eb700000, 0x00000000eb800000|  0%| F|  |TAMS 0x00000000eb700000| PB 0x00000000eb700000| Untracked 
| 184|0x00000000eb800000, 0x00000000eb800000, 0x00000000eb900000|  0%| F|  |TAMS 0x00000000eb800000| PB 0x00000000eb800000| Untracked 
| 185|0x00000000eb900000, 0x00000000eb900000, 0x00000000eba00000|  0%| F|  |TAMS 0x00000000eb900000| PB 0x00000000eb900000| Untracked 
| 186|0x00000000eba00000, 0x00000000eba00000, 0x00000000ebb00000|  0%| F|  |TAMS 0x00000000eba00000| PB 0x00000000eba00000| Untracked 
| 187|0x00000000ebb00000, 0x00000000ebb00000, 0x00000000ebc00000|  0%| F|  |TAMS 0x00000000ebb00000| PB 0x00000000ebb00000| Untracked 
| 188|0x00000000ebc00000, 0x00000000ebc00000, 0x00000000ebd00000|  0%| F|  |TAMS 0x00000000ebc00000| PB 0x00000000ebc00000| Untracked 
| 189|0x00000000ebd00000, 0x00000000ebd00000, 0x00000000ebe00000|  0%| F|  |TAMS 0x00000000ebd00000| PB 0x00000000ebd00000| Untracked 
| 190|0x00000000ebe00000, 0x00000000ebe00000, 0x00000000ebf00000|  0%| F|  |TAMS 0x00000000ebe00000| PB 0x00000000ebe00000| Untracked 
| 191|0x00000000ebf00000, 0x00000000ebf00000, 0x00000000ec000000|  0%| F|  |TAMS 0x00000000ebf00000| PB 0x00000000ebf00000| Untracked 
| 192|0x00000000ec000000, 0x00000000ec000000, 0x00000000ec100000|  0%| F|  |TAMS 0x00000000ec000000| PB 0x00000000ec000000| Untracked 
| 193|0x00000000ec100000, 0x00000000ec100000, 0x00000000ec200000|  0%| F|  |TAMS 0x00000000ec100000| PB 0x00000000ec100000| Untracked 
| 194|0x00000000ec200000, 0x00000000ec200000, 0x00000000ec300000|  0%| F|  |TAMS 0x00000000ec200000| PB 0x00000000ec200000| Untracked 
| 195|0x00000000ec300000, 0x00000000ec300000, 0x00000000ec400000|  0%| F|  |TAMS 0x00000000ec300000| PB 0x00000000ec300000| Untracked 
| 196|0x00000000ec400000, 0x00000000ec400000, 0x00000000ec500000|  0%| F|  |TAMS 0x00000000ec400000| PB 0x00000000ec400000| Untracked 
| 197|0x00000000ec500000, 0x00000000ec500000, 0x00000000ec600000|  0%| F|  |TAMS 0x00000000ec500000| PB 0x00000000ec500000| Untracked 
| 198|0x00000000ec600000, 0x00000000ec600000, 0x00000000ec700000|  0%| F|  |TAMS 0x00000000ec600000| PB 0x00000000ec600000| Untracked 
| 199|0x00000000ec700000, 0x00000000ec700000, 0x00000000ec800000|  0%| F|  |TAMS 0x00000000ec700000| PB 0x00000000ec700000| Untracked 
| 200|0x00000000ec800000, 0x00000000ec880000, 0x00000000ec900000| 50%| E|  |TAMS 0x00000000ec800000| PB 0x00000000ec800000| Complete 
| 201|0x00000000ec900000, 0x00000000eca00000, 0x00000000eca00000|100%| E|CS|TAMS 0x00000000ec900000| PB 0x00000000ec900000| Complete 
| 202|0x00000000eca00000, 0x00000000ecb00000, 0x00000000ecb00000|100%| E|CS|TAMS 0x00000000eca00000| PB 0x00000000eca00000| Complete 
| 203|0x00000000ecb00000, 0x00000000ecc00000, 0x00000000ecc00000|100%| E|CS|TAMS 0x00000000ecb00000| PB 0x00000000ecb00000| Complete 
| 204|0x00000000ecc00000, 0x00000000ecd00000, 0x00000000ecd00000|100%| E|CS|TAMS 0x00000000ecc00000| PB 0x00000000ecc00000| Complete 
| 205|0x00000000ecd00000, 0x00000000ece00000, 0x00000000ece00000|100%| E|CS|TAMS 0x00000000ecd00000| PB 0x00000000ecd00000| Complete 
| 206|0x00000000ece00000, 0x00000000ecf00000, 0x00000000ecf00000|100%| E|CS|TAMS 0x00000000ece00000| PB 0x00000000ece00000| Complete 
| 207|0x00000000ecf00000, 0x00000000ed000000, 0x00000000ed000000|100%| E|CS|TAMS 0x00000000ecf00000| PB 0x00000000ecf00000| Complete 
| 208|0x00000000ed000000, 0x00000000ed100000, 0x00000000ed100000|100%| E|CS|TAMS 0x00000000ed000000| PB 0x00000000ed000000| Complete 
| 209|0x00000000ed100000, 0x00000000ed200000, 0x00000000ed200000|100%| E|CS|TAMS 0x00000000ed100000| PB 0x00000000ed100000| Complete 
| 210|0x00000000ed200000, 0x00000000ed300000, 0x00000000ed300000|100%| E|CS|TAMS 0x00000000ed200000| PB 0x00000000ed200000| Complete 
| 211|0x00000000ed300000, 0x00000000ed400000, 0x00000000ed400000|100%| E|CS|TAMS 0x00000000ed300000| PB 0x00000000ed300000| Complete 
| 212|0x00000000ed400000, 0x00000000ed500000, 0x00000000ed500000|100%| E|CS|TAMS 0x00000000ed400000| PB 0x00000000ed400000| Complete 
| 213|0x00000000ed500000, 0x00000000ed600000, 0x00000000ed600000|100%| E|CS|TAMS 0x00000000ed500000| PB 0x00000000ed500000| Complete 
| 214|0x00000000ed600000, 0x00000000ed700000, 0x00000000ed700000|100%| E|CS|TAMS 0x00000000ed600000| PB 0x00000000ed600000| Complete 
| 215|0x00000000ed700000, 0x00000000ed800000, 0x00000000ed800000|100%| E|CS|TAMS 0x00000000ed700000| PB 0x00000000ed700000| Complete 
| 216|0x00000000ed800000, 0x00000000ed900000, 0x00000000ed900000|100%| E|CS|TAMS 0x00000000ed800000| PB 0x00000000ed800000| Complete 
| 217|0x00000000ed900000, 0x00000000eda00000, 0x00000000eda00000|100%| E|CS|TAMS 0x00000000ed900000| PB 0x00000000ed900000| Complete 
| 218|0x00000000eda00000, 0x00000000edb00000, 0x00000000edb00000|100%| E|CS|TAMS 0x00000000eda00000| PB 0x00000000eda00000| Complete 
| 219|0x00000000edb00000, 0x00000000edc00000, 0x00000000edc00000|100%| E|CS|TAMS 0x00000000edb00000| PB 0x00000000edb00000| Complete 
| 220|0x00000000edc00000, 0x00000000edd00000, 0x00000000edd00000|100%| E|CS|TAMS 0x00000000edc00000| PB 0x00000000edc00000| Complete 
| 221|0x00000000edd00000, 0x00000000ede00000, 0x00000000ede00000|100%| E|CS|TAMS 0x00000000edd00000| PB 0x00000000edd00000| Complete 
| 222|0x00000000ede00000, 0x00000000ede91fd8, 0x00000000edf00000| 57%| S|CS|TAMS 0x00000000ede00000| PB 0x00000000ede00000| Complete 
| 223|0x00000000edf00000, 0x00000000ee000000, 0x00000000ee000000|100%| S|CS|TAMS 0x00000000edf00000| PB 0x00000000edf00000| Complete 
| 224|0x00000000ee000000, 0x00000000ee100000, 0x00000000ee100000|100%| S|CS|TAMS 0x00000000ee000000| PB 0x00000000ee000000| Complete 
| 225|0x00000000ee100000, 0x00000000ee200000, 0x00000000ee200000|100%| E|CS|TAMS 0x00000000ee100000| PB 0x00000000ee100000| Complete 
| 226|0x00000000ee200000, 0x00000000ee300000, 0x00000000ee300000|100%| E|CS|TAMS 0x00000000ee200000| PB 0x00000000ee200000| Complete 
| 227|0x00000000ee300000, 0x00000000ee400000, 0x00000000ee400000|100%| E|CS|TAMS 0x00000000ee300000| PB 0x00000000ee300000| Complete 
| 228|0x00000000ee400000, 0x00000000ee500000, 0x00000000ee500000|100%| E|CS|TAMS 0x00000000ee400000| PB 0x00000000ee400000| Complete 
| 229|0x00000000ee500000, 0x00000000ee600000, 0x00000000ee600000|100%| E|CS|TAMS 0x00000000ee500000| PB 0x00000000ee500000| Complete 
| 230|0x00000000ee600000, 0x00000000ee700000, 0x00000000ee700000|100%| E|CS|TAMS 0x00000000ee600000| PB 0x00000000ee600000| Complete 
| 231|0x00000000ee700000, 0x00000000ee800000, 0x00000000ee800000|100%| E|CS|TAMS 0x00000000ee700000| PB 0x00000000ee700000| Complete 
| 232|0x00000000ee800000, 0x00000000ee900000, 0x00000000ee900000|100%| E|CS|TAMS 0x00000000ee800000| PB 0x00000000ee800000| Complete 
| 233|0x00000000ee900000, 0x00000000eea00000, 0x00000000eea00000|100%| E|CS|TAMS 0x00000000ee900000| PB 0x00000000ee900000| Complete 
| 234|0x00000000eea00000, 0x00000000eeb00000, 0x00000000eeb00000|100%| E|CS|TAMS 0x00000000eea00000| PB 0x00000000eea00000| Complete 
| 235|0x00000000eeb00000, 0x00000000eec00000, 0x00000000eec00000|100%| E|CS|TAMS 0x00000000eeb00000| PB 0x00000000eeb00000| Complete 
| 236|0x00000000eec00000, 0x00000000eed00000, 0x00000000eed00000|100%| E|CS|TAMS 0x00000000eec00000| PB 0x00000000eec00000| Complete 
| 237|0x00000000eed00000, 0x00000000eee00000, 0x00000000eee00000|100%| E|CS|TAMS 0x00000000eed00000| PB 0x00000000eed00000| Complete 
| 238|0x00000000eee00000, 0x00000000eef00000, 0x00000000eef00000|100%| E|CS|TAMS 0x00000000eee00000| PB 0x00000000eee00000| Complete 
| 239|0x00000000eef00000, 0x00000000ef000000, 0x00000000ef000000|100%| E|CS|TAMS 0x00000000eef00000| PB 0x00000000eef00000| Complete 
| 240|0x00000000ef000000, 0x00000000ef100000, 0x00000000ef100000|100%| E|CS|TAMS 0x00000000ef000000| PB 0x00000000ef000000| Complete 
| 241|0x00000000ef100000, 0x00000000ef200000, 0x00000000ef200000|100%| E|CS|TAMS 0x00000000ef100000| PB 0x00000000ef100000| Complete 
| 242|0x00000000ef200000, 0x00000000ef300000, 0x00000000ef300000|100%| E|CS|TAMS 0x00000000ef200000| PB 0x00000000ef200000| Complete 
| 243|0x00000000ef300000, 0x00000000ef400000, 0x00000000ef400000|100%| E|CS|TAMS 0x00000000ef300000| PB 0x00000000ef300000| Complete 
| 244|0x00000000ef400000, 0x00000000ef500000, 0x00000000ef500000|100%| E|CS|TAMS 0x00000000ef400000| PB 0x00000000ef400000| Complete 
| 245|0x00000000ef500000, 0x00000000ef600000, 0x00000000ef600000|100%| E|CS|TAMS 0x00000000ef500000| PB 0x00000000ef500000| Complete 
| 246|0x00000000ef600000, 0x00000000ef700000, 0x00000000ef700000|100%| E|CS|TAMS 0x00000000ef600000| PB 0x00000000ef600000| Complete 
| 247|0x00000000ef700000, 0x00000000ef800000, 0x00000000ef800000|100%| E|CS|TAMS 0x00000000ef700000| PB 0x00000000ef700000| Complete 
| 248|0x00000000ef800000, 0x00000000ef900000, 0x00000000ef900000|100%| E|CS|TAMS 0x00000000ef800000| PB 0x00000000ef800000| Complete 
| 249|0x00000000ef900000, 0x00000000efa00000, 0x00000000efa00000|100%| E|CS|TAMS 0x00000000ef900000| PB 0x00000000ef900000| Complete 
| 250|0x00000000efa00000, 0x00000000efb00000, 0x00000000efb00000|100%| E|CS|TAMS 0x00000000efa00000| PB 0x00000000efa00000| Complete 
| 251|0x00000000efb00000, 0x00000000efc00000, 0x00000000efc00000|100%| E|CS|TAMS 0x00000000efb00000| PB 0x00000000efb00000| Complete 
| 252|0x00000000efc00000, 0x00000000efd00000, 0x00000000efd00000|100%| E|CS|TAMS 0x00000000efc00000| PB 0x00000000efc00000| Complete 
| 253|0x00000000efd00000, 0x00000000efe00000, 0x00000000efe00000|100%| E|CS|TAMS 0x00000000efd00000| PB 0x00000000efd00000| Complete 
| 254|0x00000000efe00000, 0x00000000eff00000, 0x00000000eff00000|100%| E|CS|TAMS 0x00000000efe00000| PB 0x00000000efe00000| Complete 
| 255|0x00000000eff00000, 0x00000000f0000000, 0x00000000f0000000|100%| E|CS|TAMS 0x00000000eff00000| PB 0x00000000eff00000| Complete 

Card table byte_map: [0x0000015da17a0000,0x0000015da18a0000] _byte_map_base: 0x0000015da10a0000

Marking Bits: (CMBitMap*) 0x0000015d8ef6d9b0
 Bits: [0x0000015da18a0000, 0x0000015da20a0000)

Polling page: 0x0000015d8cf10000

Metaspace:

Usage:
  Non-class:     10.15 MB used.
      Class:      1.59 MB used.
       Both:     11.74 MB used.

Virtual space:
  Non-class space:       64.00 MB reserved,      10.31 MB ( 16%) committed,  1 nodes.
      Class space:      320.00 MB reserved,       1.75 MB ( <1%) committed,  1 nodes.
             Both:      384.00 MB reserved,      12.06 MB (  3%) committed. 

Chunk freelists:
   Non-Class:  5.42 MB
       Class:  14.27 MB
        Both:  19.69 MB

MaxMetaspaceSize: 384.00 MB
CompressedClassSpaceSize: 320.00 MB
Initial GC threshold: 21.00 MB
Current GC threshold: 21.00 MB
CDS: on
 - commit_granule_bytes: 65536.
 - commit_granule_words: 8192.
 - virtual_space_node_default_size: 8388608.
 - enlarge_chunks_in_place: 1.
 - use_allocation_guard: 0.


Internal statistics:

num_allocs_failed_limit: 0.
num_arena_births: 344.
num_arena_deaths: 0.
num_vsnodes_births: 2.
num_vsnodes_deaths: 0.
num_space_committed: 193.
num_space_uncommitted: 0.
num_chunks_returned_to_freelist: 0.
num_chunks_taken_from_freelist: 691.
num_chunk_merges: 0.
num_chunk_splits: 467.
num_chunks_enlarged: 329.
num_inconsistent_stats: 0.

CodeHeap 'non-profiled nmethods': size=120000Kb used=1089Kb max_used=1089Kb free=118910Kb
 bounds [0x0000015d99c10000, 0x0000015d99e80000, 0x0000015da1140000]
CodeHeap 'profiled nmethods': size=120000Kb used=5126Kb max_used=5126Kb free=114873Kb
 bounds [0x0000015d92140000, 0x0000015d92650000, 0x0000015d99670000]
CodeHeap 'non-nmethods': size=5760Kb used=1386Kb max_used=1401Kb free=4373Kb
 bounds [0x0000015d99670000, 0x0000015d998e0000, 0x0000015d99c10000]
CodeCache: size=245760Kb, used=7601Kb, max_used=7616Kb, free=238156Kb
 total_blobs=3140, nmethods=2594, adapters=450, full_count=0
Compilation: enabled, stopped_count=0, restarted_count=0

Compilation events (20 events):
Event: 65.083 Thread 0x0000015da4d05790 2585       1       java.lang.reflect.AccessibleObject::isAccessible (5 bytes)
Event: 65.083 Thread 0x0000015da4d05790 nmethod 2585 0x0000015d99d1ed10 code [0x0000015d99d1eea0, 0x0000015d99d1ef70]
Event: 65.085 Thread 0x0000015da4d05790 2586       1       org.gradle.internal.collect.PersistentArray1::isEmpty (2 bytes)
Event: 65.085 Thread 0x0000015da4cfc8c0 2588       4       org.gradle.internal.collect.ChampNode::mask (7 bytes)
Event: 65.085 Thread 0x0000015da4d05790 nmethod 2586 0x0000015d99d1f010 code [0x0000015d99d1f1a0, 0x0000015d99d1f268]
Event: 65.086 Thread 0x0000015da4d05790 2587       1       org.gradle.internal.collect.PersistentArray1::size (2 bytes)
Event: 65.086 Thread 0x0000015da4d05790 nmethod 2587 0x0000015d99d1f710 code [0x0000015d99d1f8a0, 0x0000015d99d1f968]
Event: 65.086 Thread 0x0000015da4d05790 2591       3       java.lang.reflect.Method::isVarArgs (5 bytes)
Event: 65.086 Thread 0x0000015da4cfc8c0 nmethod 2588 0x0000015d99d1fa10 code [0x0000015d99d1fb80, 0x0000015d99d1fbf0]
Event: 65.086 Thread 0x0000015da4d05790 nmethod 2591 0x0000015d9263c690 code [0x0000015d9263c840, 0x0000015d9263ca18]
Event: 65.086 Thread 0x0000015da4d05790 2592       3       java.lang.invoke.MethodHandles$Lookup::findBoundCallerLookup (30 bytes)
Event: 65.086 Thread 0x0000015da4d05790 nmethod 2592 0x0000015d9263cb10 code [0x0000015d9263cd20, 0x0000015d9263d370]
Event: 65.086 Thread 0x0000015da4d05790 2590       1       org.gradle.internal.service.AbstractServiceMethod::getParameterTypes (5 bytes)
Event: 65.087 Thread 0x0000015da4d05790 nmethod 2590 0x0000015d99d1fd10 code [0x0000015d99d1fea0, 0x0000015d99d1ff68]
Event: 65.087 Thread 0x0000015da4cfc8c0 2593       4       java.lang.invoke.LambdaForm$BasicType::basicType (187 bytes)
Event: 65.088 Thread 0x0000015da4cfc8c0 nmethod 2593 0x0000015d99d20010 code [0x0000015d99d201a0, 0x0000015d99d20280]
Event: 65.095 Thread 0x0000015da4cfc8c0 2594   !   4       java.util.WeakHashMap::expungeStaleEntries (139 bytes)
Event: 65.096 Thread 0x0000015da4cfc8c0 nmethod 2594 0x0000015d99d20310 code [0x0000015d99d204a0, 0x0000015d99d205a0]
Event: 65.099 Thread 0x0000015da4d05790 2595       3       sun.nio.fs.WindowsPathParser::normalize (233 bytes)
Event: 65.102 Thread 0x0000015da4d05790 nmethod 2595 0x0000015d9263d590 code [0x0000015d9263db40, 0x0000015d92640670]

GC Heap History (4 events):
Event: 16.520 GC heap before
{Heap before GC invocations=0 (full 0):
 garbage-first heap   total 262144K, used 26624K [0x00000000e0000000, 0x0000000100000000)
  region size 1024K, 23 young (23552K), 0 survivors (0K)
 Metaspace       used 2918K, committed 3072K, reserved 393216K
  class space    used 346K, committed 384K, reserved 327680K
}
Event: 16.540 GC heap after
{Heap after GC invocations=1 (full 0):
 garbage-first heap   total 262144K, used 11450K [0x00000000e0000000, 0x0000000100000000)
  region size 1024K, 3 young (3072K), 3 survivors (3072K)
 Metaspace       used 2918K, committed 3072K, reserved 393216K
  class space    used 346K, committed 384K, reserved 327680K
}
Event: 30.542 GC heap before
{Heap before GC invocations=1 (full 0):
 garbage-first heap   total 262144K, used 41146K [0x00000000e0000000, 0x0000000100000000)
  region size 1024K, 31 young (31744K), 3 survivors (3072K)
 Metaspace       used 4671K, committed 4864K, reserved 393216K
  class space    used 594K, committed 704K, reserved 327680K
}
Event: 30.560 GC heap after
{Heap after GC invocations=2 (full 0):
 garbage-first heap   total 262144K, used 14859K [0x00000000e0000000, 0x0000000100000000)
  region size 1024K, 3 young (3072K), 3 survivors (3072K)
 Metaspace       used 4671K, committed 4864K, reserved 393216K
  class space    used 594K, committed 704K, reserved 327680K
}

Dll operation events (20 events):
Event: 1.138 Attempting to load shared library C:\Users\user\.vscode\extensions\redhat.java-1.56.0-win32-x64\jre\21.0.12.1-win32-x86_64\bin\nio.dll
Event: 1.166 Loaded shared library C:\Users\user\.vscode\extensions\redhat.java-1.56.0-win32-x64\jre\21.0.12.1-win32-x86_64\bin\nio.dll
Event: 1.244 Attempting to load shared library C:\Users\user\.vscode\extensions\redhat.java-1.56.0-win32-x64\jre\21.0.12.1-win32-x86_64\bin\zip.dll
Event: 1.244 Loaded shared library C:\Users\user\.vscode\extensions\redhat.java-1.56.0-win32-x64\jre\21.0.12.1-win32-x86_64\bin\zip.dll
Event: 10.310 Attempting to load shared library C:\Users\user\.vscode\extensions\redhat.java-1.56.0-win32-x64\jre\21.0.12.1-win32-x86_64\bin\jimage.dll
Event: 10.310 Loaded shared library C:\Users\user\.vscode\extensions\redhat.java-1.56.0-win32-x64\jre\21.0.12.1-win32-x86_64\bin\jimage.dll
Event: 15.946 Attempting to load shared library C:\Users\user\.vscode\extensions\redhat.java-1.56.0-win32-x64\jre\21.0.12.1-win32-x86_64\bin\verify.dll
Event: 15.984 Loaded shared library C:\Users\user\.vscode\extensions\redhat.java-1.56.0-win32-x64\jre\21.0.12.1-win32-x86_64\bin\verify.dll
Event: 16.219 Attempting to load shared library C:\Users\user\.gradle\native\660c5614fbf4a5f2a75b1949f50a0caf5cd603558e7d8a26e50b933a0cfb79d1\windows-amd64\native-platform.dll
Event: 16.227 Loaded shared library C:\Users\user\.gradle\native\660c5614fbf4a5f2a75b1949f50a0caf5cd603558e7d8a26e50b933a0cfb79d1\windows-amd64\native-platform.dll
Event: 16.349 Attempting to load shared library C:\Users\user\.gradle\native\0.2.8\x86_64-windows-gnu\gradle-fileevents.dll
Event: 16.361 Loaded shared library C:\Users\user\.gradle\native\0.2.8\x86_64-windows-gnu\gradle-fileevents.dll
Event: 40.129 Attempting to load shared library C:\Users\user\.vscode\extensions\redhat.java-1.56.0-win32-x64\jre\21.0.12.1-win32-x86_64\bin\management.dll
Event: 40.196 Loaded shared library C:\Users\user\.vscode\extensions\redhat.java-1.56.0-win32-x64\jre\21.0.12.1-win32-x86_64\bin\management.dll
Event: 40.248 Attempting to load shared library C:\Users\user\.vscode\extensions\redhat.java-1.56.0-win32-x64\jre\21.0.12.1-win32-x86_64\bin\management_ext.dll
Event: 40.620 Loaded shared library C:\Users\user\.vscode\extensions\redhat.java-1.56.0-win32-x64\jre\21.0.12.1-win32-x86_64\bin\management_ext.dll
Event: 42.854 Attempting to load shared library C:\Users\user\.vscode\extensions\redhat.java-1.56.0-win32-x64\jre\21.0.12.1-win32-x86_64\bin\extnet.dll
Event: 42.855 Loaded shared library C:\Users\user\.vscode\extensions\redhat.java-1.56.0-win32-x64\jre\21.0.12.1-win32-x86_64\bin\extnet.dll
Event: 55.587 Attempting to load shared library C:\Users\user\.vscode\extensions\redhat.java-1.56.0-win32-x64\jre\21.0.12.1-win32-x86_64\bin\sunmscapi.dll
Event: 55.592 Loaded shared library C:\Users\user\.vscode\extensions\redhat.java-1.56.0-win32-x64\jre\21.0.12.1-win32-x86_64\bin\sunmscapi.dll

Deoptimization events (20 events):
Event: 56.339 Thread 0x0000015dc0374020 DEOPT PACKING pc=0x0000015d99c8b9bc sp=0x00000027698fe140
Event: 56.339 Thread 0x0000015dc0374020 DEOPT UNPACKING pc=0x0000015d996c4422 sp=0x00000027698fe0d8 mode 2
Event: 56.352 Thread 0x0000015dc0374020 Uncommon trap: trap_request=0xffffff45 fr.pc=0x0000015d99cad824 relative=0x0000000000001de4
Event: 56.352 Thread 0x0000015dc0374020 Uncommon trap: reason=unstable_if action=reinterpret pc=0x0000015d99cad824 method=sun.nio.fs.WindowsPathParser.nextNonSlash(Ljava/lang/String;II)I @ 2 c2
Event: 56.352 Thread 0x0000015dc0374020 DEOPT PACKING pc=0x0000015d99cad824 sp=0x00000027698fe720
Event: 56.352 Thread 0x0000015dc0374020 DEOPT UNPACKING pc=0x0000015d996c4422 sp=0x00000027698fe6c0 mode 2
Event: 57.773 Thread 0x0000015dc03e8d30 Uncommon trap: trap_request=0xffffff45 fr.pc=0x0000015d99cead34 relative=0x0000000000000194
Event: 57.773 Thread 0x0000015dc03e8d30 Uncommon trap: reason=unstable_if action=reinterpret pc=0x0000015d99cead34 method=java.util.concurrent.locks.ReentrantLock$NonfairSync.initialTryLock()Z @ 25 c2
Event: 57.773 Thread 0x0000015dc03e8d30 DEOPT PACKING pc=0x0000015d99cead34 sp=0x00000027699fe990
Event: 57.773 Thread 0x0000015dc03e8d30 DEOPT UNPACKING pc=0x0000015d996c4422 sp=0x00000027699fe878 mode 2
Event: 61.339 Thread 0x0000015dc03e8d30 Uncommon trap: trap_request=0xffffff45 fr.pc=0x0000015d99c5d904 relative=0x00000000000006a4
Event: 61.339 Thread 0x0000015dc03e8d30 Uncommon trap: reason=unstable_if action=reinterpret pc=0x0000015d99c5d904 method=java.lang.AbstractStringBuilder.append(Ljava/lang/String;)Ljava/lang/AbstractStringBuilder; @ 1 c2
Event: 61.339 Thread 0x0000015dc03e8d30 DEOPT PACKING pc=0x0000015d99c5d904 sp=0x00000027699fe3a0
Event: 61.339 Thread 0x0000015dc03e8d30 DEOPT UNPACKING pc=0x0000015d996c4422 sp=0x00000027699fe378 mode 2
Event: 62.028 Thread 0x0000015dbf56f200 DEOPT PACKING pc=0x0000015d925d4602 sp=0x0000002769dfebb0
Event: 62.028 Thread 0x0000015dbf56f200 DEOPT UNPACKING pc=0x0000015d996c4bc2 sp=0x0000002769dfe0d8 mode 0
Event: 62.884 Thread 0x0000015dbf56f200 Uncommon trap: trap_request=0xffffff6e fr.pc=0x0000015d99cb3a2c relative=0x00000000000003ec
Event: 62.884 Thread 0x0000015dbf56f200 Uncommon trap: reason=loop_limit_check action=maybe_recompile pc=0x0000015d99cb3a2c method=java.lang.StringLatin1.indexOf([BI[BII)I @ 37 c2
Event: 62.884 Thread 0x0000015dbf56f200 DEOPT PACKING pc=0x0000015d99cb3a2c sp=0x0000002769dfed20
Event: 62.884 Thread 0x0000015dbf56f200 DEOPT UNPACKING pc=0x0000015d996c4422 sp=0x0000002769dfeca8 mode 2

Classes loaded (20 events):
Event: 62.029 Loading class java/util/Collections$UnmodifiableMap$UnmodifiableEntrySet$1
Event: 62.029 Loading class java/util/Collections$UnmodifiableMap$UnmodifiableEntrySet$1 done
Event: 62.035 Loading class java/util/Collections$UnmodifiableMap$UnmodifiableEntrySet$UnmodifiableEntry
Event: 62.236 Loading class java/util/Collections$UnmodifiableMap$UnmodifiableEntrySet$UnmodifiableEntry done
Event: 63.005 Loading class java/lang/invoke/DirectMethodHandle$StaticAccessor
Event: 63.006 Loading class java/lang/invoke/DirectMethodHandle$StaticAccessor done
Event: 63.396 Loading class java/util/concurrent/CountDownLatch
Event: 63.396 Loading class java/util/concurrent/CountDownLatch done
Event: 63.396 Loading class java/util/concurrent/CountDownLatch$Sync
Event: 63.396 Loading class java/util/concurrent/CountDownLatch$Sync done
Event: 63.457 Loading class java/math/BigDecimal
Event: 63.458 Loading class java/math/BigDecimal done
Event: 64.158 Loading class jdk/internal/event/ThreadSleepEvent
Event: 64.159 Loading class jdk/internal/event/ThreadSleepEvent done
Event: 64.535 Loading class java/lang/ThreadLocal$SuppliedThreadLocal
Event: 64.535 Loading class java/lang/ThreadLocal$SuppliedThreadLocal done
Event: 64.837 Loading class sun/reflect/generics/tree/VoidDescriptor
Event: 64.837 Loading class sun/reflect/generics/tree/VoidDescriptor done
Event: 64.891 Loading class java/util/HashMap$EntrySpliterator
Event: 64.891 Loading class java/util/HashMap$EntrySpliterator done

Classes unloaded (0 events):
No events

Classes redefined (0 events):
No events

Internal exceptions (20 events):
Event: 34.596 Thread 0x0000015d8ef41dc0 Exception <a 'java/lang/NoSuchMethodError'{0x00000000eef76900}: 'void java.lang.invoke.DirectMethodHandle$Holder.invokeSpecial(java.lang.Object, java.lang.Object, java.lang.Object, java.lang.Object, java.lang.Object)'> (0x00000000eef76900) 
thrown [s\src\hotspot\share\interpreter\linkResolver.cpp, line 773]
Event: 36.898 Thread 0x0000015d8ef41dc0 Exception <a 'java/lang/NoSuchMethodError'{0x00000000ee7d3cb0}: 'int java.lang.invoke.DelegatingMethodHandle$Holder.reinvoke_L(java.lang.Object)'> (0x00000000ee7d3cb0) 
thrown [s\src\hotspot\share\interpreter\linkResolver.cpp, line 773]
Event: 39.515 Thread 0x0000015d8ef41dc0 Exception <a 'java/lang/NoSuchMethodError'{0x00000000ee46cdc8}: 'java.lang.Object java.lang.invoke.DirectMethodHandle$Holder.invokeVirtual(java.lang.Object, java.lang.Object, java.lang.Object, java.lang.Object, java.lang.Object)'> (0x00000000ee46cdc8) 
thrown [s\src\hotspot\share\interpreter\linkResolver.cpp, line 773]
Event: 39.520 Thread 0x0000015d8ef41dc0 Exception <a 'java/lang/NoSuchMethodError'{0x00000000ee482470}: 'java.lang.Object java.lang.invoke.Invokers$Holder.invokeExact_MT(java.lang.Object, java.lang.Object, java.lang.Object, java.lang.Object, java.lang.Object, java.lang.Object)'> (0x00000000ee482470) 
thrown [s\src\hotspot\share\interpreter\linkResolver.cpp, line 773]
Event: 39.542 Thread 0x0000015d8ef41dc0 Exception <a 'java/lang/NoSuchMethodError'{0x00000000ee4d7ea8}: 'java.lang.Object java.lang.invoke.DirectMethodHandle$Holder.invokeVirtual(java.lang.Object, java.lang.Object, java.lang.Object, java.lang.Object, java.lang.Object, java.lang.Object)'> (0x00000000ee4d7ea8) 
thrown [s\src\hotspot\share\interpreter\linkResolver.cpp, line 773]
Event: 40.736 Thread 0x0000015d8ef41dc0 Exception <a 'java/lang/NoSuchMethodError'{0x00000000ee2e6a10}: 'java.lang.Object java.lang.invoke.DelegatingMethodHandle$Holder.reinvoke_L(java.lang.Object, java.lang.Object, java.lang.Object, java.lang.Object, java.lang.Object, java.lang.Object, java.lang.Object, java.lang.Object, java.lang.Object, java.lang.Object, java.lang.Object, java.lang.Object, java.lang.Object, java.lang.Object)'> (0x00000000ee2e6a10) 
thrown [s\src\hotspot\share\interpreter\linkResolver.cpp, line 773]
Event: 40.880 Thread 0x0000015d8ef41dc0 Exception <a 'java/lang/NoSuchMethodError'{0x00000000ee1339a0}: 'java.lang.Object java.lang.invoke.DirectMethodHandle$Holder.invokeStatic(java.lang.Object, java.lang.Object, java.lang.Object, java.lang.Object, java.lang.Object, java.lang.Object, java.lang.Object, java.lang.Object, java.lang.Object, java.lang.Object, java.lang.Object, java.lang.Object, java.lang.Object)'> (0x00000000ee1339a0) 
thrown [s\src\hotspot\share\interpreter\linkResolver.cpp, line 773]
Event: 40.883 Thread 0x0000015d8ef41dc0 Exception <a 'java/lang/NoSuchMethodError'{0x00000000ee152fe0}: 'java.lang.Object java.lang.invoke.DirectMethodHandle$Holder.invokeStatic(java.lang.Object, java.lang.Object, java.lang.Object, java.lang.Object, java.lang.Object, java.lang.Object, java.lang.Object, java.lang.Object, java.lang.Object, java.lang.Object, java.lang.Object, java.lang.Object, java.lang.Object, java.lang.Object)'> (0x00000000ee152fe0) 
thrown [s\src\hotspot\share\interpreter\linkResolver.cpp, line 773]
Event: 40.886 Thread 0x0000015d8ef41dc0 Exception <a 'java/lang/NoSuchMethodError'{0x00000000ee173578}: 'java.lang.Object java.lang.invoke.DirectMethodHandle$Holder.invokeStatic(java.lang.Object, java.lang.Object, java.lang.Object, java.lang.Object, java.lang.Object, java.lang.Object, java.lang.Object, java.lang.Object, java.lang.Object, java.lang.Object, java.lang.Object, java.lang.Object, java.lang.Object, java.lang.Object, java.lang.Object)'> (0x00000000ee173578) 
thrown [s\src\hotspot\share\interpreter\linkResolver.cpp, line 773]
Event: 40.898 Thread 0x0000015d8ef41dc0 Exception <a 'java/lang/NoSuchMethodError'{0x00000000edd16388}: 'java.lang.Object java.lang.invoke.DirectMethodHandle$Holder.invokeStatic(java.lang.Object, java.lang.Object, java.lang.Object, java.lang.Object, java.lang.Object, java.lang.Object, java.lang.Object, java.lang.Object, java.lang.Object, java.lang.Object, java.lang.Object, java.lang.Object, java.lang.Object, java.lang.Object, java.lang.Object, java.lang.Object)'> (0x00000000edd16388) 
thrown [s\src\hotspot\share\interpreter\linkResolver.cpp, lin
Event: 43.118 Thread 0x0000015d8ef41dc0 Exception <a 'java/lang/NoSuchMethodError'{0x00000000edad1530}: 'java.lang.Object java.lang.invoke.DirectMethodHandle$Holder.invokeVirtual(java.lang.Object, java.lang.Object, java.lang.Object, java.lang.Object, java.lang.Object, java.lang.Object, java.lang.Object, java.lang.Object, java.lang.Object)'> (0x00000000edad1530) 
thrown [s\src\hotspot\share\interpreter\linkResolver.cpp, line 773]
Event: 43.554 Thread 0x0000015d8ef41dc0 Exception <a 'java/lang/NoSuchMethodError'{0x00000000ed851918}: 'java.lang.Object java.lang.invoke.DirectMethodHandle$Holder.invokeStaticInit(java.lang.Object, int, int, int, int)'> (0x00000000ed851918) 
thrown [s\src\hotspot\share\interpreter\linkResolver.cpp, line 773]
Event: 43.882 Thread 0x0000015d8ef41dc0 Exception <a 'java/lang/NoSuchMethodError'{0x00000000ed8f7f70}: 'java.lang.Object java.lang.invoke.DirectMethodHandle$Holder.invokeStaticInit(java.lang.Object, java.lang.Object, int, int, int, int)'> (0x00000000ed8f7f70) 
thrown [s\src\hotspot\share\interpreter\linkResolver.cpp, line 773]
Event: 47.722 Thread 0x0000015d8ef41dc0 Exception <a 'java/io/IOException'{0x00000000ed429e20}> (0x00000000ed429e20) 
thrown [s\src\hotspot\share\prims\jni.cpp, line 520]
Event: 47.726 Thread 0x0000015d8ef41dc0 Implicit null exception at 0x0000015d99c5c5a4 to 0x0000015d99c5cbf4
Event: 47.729 Thread 0x0000015d8ef41dc0 Exception <a 'java/lang/NoSuchMethodError'{0x00000000ed4970e8}: 'java.lang.Object java.lang.invoke.DirectMethodHandle$Holder.newInvokeSpecial(java.lang.Object, java.lang.Object, java.lang.Object, java.lang.Object, java.lang.Object)'> (0x00000000ed4970e8) 
thrown [s\src\hotspot\share\interpreter\linkResolver.cpp, line 773]
Event: 47.732 Thread 0x0000015d8ef41dc0 Exception <a 'java/lang/NoSuchMethodError'{0x00000000ed4b9a60}: 'void java.lang.invoke.DirectMethodHandle$Holder.invokeSpecial(java.lang.Object, java.lang.Object, java.lang.Object)'> (0x00000000ed4b9a60) 
thrown [s\src\hotspot\share\interpreter\linkResolver.cpp, line 773]
Event: 61.339 Thread 0x0000015dc03e8d30 Implicit null exception at 0x0000015d99c5d2a0 to 0x0000015d99c5d8ec
Event: 65.023 Thread 0x0000015dbf56f200 Exception <a 'java/lang/NoSuchMethodError'{0x00000000eca124e8}: 'java.lang.Object java.lang.invoke.DirectMethodHandle$Holder.invokeVirtual(java.lang.Object, java.lang.Object, java.lang.Object, java.lang.Object, java.lang.Object, java.lang.Object, java.lang.Object)'> (0x00000000eca124e8) 
thrown [s\src\hotspot\share\interpreter\linkResolver.cpp, line 773]
Event: 65.076 Thread 0x0000015dbf56f200 Exception <a 'java/lang/NoSuchMethodError'{0x00000000ecaaf570}: 'long java.lang.invoke.DirectMethodHandle$Holder.invokeInterface(java.lang.Object, java.lang.Object)'> (0x00000000ecaaf570) 
thrown [s\src\hotspot\share\interpreter\linkResolver.cpp, line 773]

ZGC Phase Switch (0 events):
No events

VM Operations (20 events):
Event: 55.204 Executing non-safepoint VM operation: HandshakeAllThreads (Deoptimize) done
Event: 55.204 Executing safepoint VM operation: Cleanup
Event: 55.204 Executing safepoint VM operation: Cleanup done
Event: 56.214 Executing safepoint VM operation: Cleanup
Event: 56.324 Executing safepoint VM operation: Cleanup done
Event: 57.338 Executing safepoint VM operation: Cleanup
Event: 57.339 Executing safepoint VM operation: Cleanup done
Event: 58.347 Executing safepoint VM operation: Cleanup
Event: 58.347 Executing safepoint VM operation: Cleanup done
Event: 60.376 Executing safepoint VM operation: Cleanup
Event: 61.307 Executing safepoint VM operation: Cleanup done
Event: 61.588 Executing non-safepoint VM operation: HandshakeAllThreads (HandshakeForDeflation)
Event: 62.029 Executing non-safepoint VM operation: HandshakeAllThreads (HandshakeForDeflation) done
Event: 62.029 Executing non-safepoint VM operation: RendezvousGCThreads
Event: 62.029 Executing non-safepoint VM operation: RendezvousGCThreads done
Event: 63.038 Executing safepoint VM operation: Cleanup
Event: 63.070 Executing safepoint VM operation: Cleanup done
Event: 64.081 Executing safepoint VM operation: Cleanup
Event: 64.158 Executing safepoint VM operation: Cleanup done
Event: 65.169 Executing safepoint VM operation: Cleanup

Memory protections (0 events):
No events

Nmethod flushes (0 events):
No events

Events (20 events):
Event: 0.635 Thread 0x0000015d8ef41dc0 Thread added: 0x0000015da4cf9be0
Event: 0.635 Thread 0x0000015d8ef41dc0 Thread added: 0x0000015da4cfab20
Event: 0.635 Thread 0x0000015d8ef41dc0 Thread added: 0x0000015da4cfc8c0
Event: 0.635 Thread 0x0000015d8ef41dc0 Thread added: 0x0000015da4d05790
Event: 0.986 Thread 0x0000015d8ef41dc0 Thread added: 0x0000015dba2c2990
Event: 1.443 Thread 0x0000015d8ef41dc0 Thread added: 0x0000015dba289140
Event: 27.481 Thread 0x0000015da4d05790 Thread added: 0x0000015dbf209610
Event: 28.038 Thread 0x0000015dbf209610 Thread exited: 0x0000015dbf209610
Event: 38.474 Thread 0x0000015da4d05790 Thread added: 0x0000015dbf3b70a0
Event: 38.973 Thread 0x0000015dbf3b70a0 Thread exited: 0x0000015dbf3b70a0
Event: 40.723 Thread 0x0000015d8ef41dc0 Thread added: 0x0000015dba1f81d0
Event: 44.049 Thread 0x0000015d8ef41dc0 Thread added: 0x0000015dc0374020
Event: 47.734 Thread 0x0000015d8ef41dc0 Thread added: 0x0000015dc03e8d30
Event: 56.374 Thread 0x0000015dc0374020 Thread added: 0x0000015dbfb8faa0
Event: 56.381 Thread 0x0000015dbfb8faa0 Thread added: 0x0000015dbf2cbe80
Event: 56.476 Thread 0x0000015dbfb8faa0 Thread added: 0x0000015dba0ff490
Event: 59.780 Thread 0x0000015dbfb8faa0 Thread added: 0x0000015dbf56f200
Event: 63.457 Thread 0x0000015dbf56f200 Thread added: 0x0000015dc06ea0e0
Event: 64.480 Thread 0x0000015dbf56f200 Thread added: 0x0000015dc06ea770
Event: 64.621 Thread 0x0000015dbf56f200 Thread added: 0x0000015dc06eb490


Dynamic libraries:
0x00007ff771d30000 - 0x00007ff771d3e000 	C:\Users\user\.vscode\extensions\redhat.java-1.56.0-win32-x64\jre\21.0.12.1-win32-x86_64\bin\java.exe
0x00007ffe59920000 - 0x00007ffe59b86000 	C:\WINDOWS\SYSTEM32\ntdll.dll
0x00007ffe58340000 - 0x00007ffe58409000 	C:\WINDOWS\System32\KERNEL32.DLL
0x00007ffe57240000 - 0x00007ffe5763f000 	C:\WINDOWS\System32\KERNELBASE.dll
0x00007ffe57020000 - 0x00007ffe5716c000 	C:\WINDOWS\System32\ucrtbase.dll
0x00007ffde8b80000 - 0x00007ffde8b9e000 	C:\Users\user\.vscode\extensions\redhat.java-1.56.0-win32-x64\jre\21.0.12.1-win32-x86_64\bin\VCRUNTIME140.dll
0x00007ffde8ba0000 - 0x00007ffde8bb8000 	C:\Users\user\.vscode\extensions\redhat.java-1.56.0-win32-x64\jre\21.0.12.1-win32-x86_64\bin\jli.dll
0x00007ffe59660000 - 0x00007ffe59826000 	C:\WINDOWS\System32\USER32.dll
0x00007ffe56ca0000 - 0x00007ffe56cc7000 	C:\WINDOWS\System32\win32u.dll
0x00007ffe57f80000 - 0x00007ffe57fab000 	C:\WINDOWS\System32\GDI32.dll
0x00007ffe56d60000 - 0x00007ffe56e89000 	C:\WINDOWS\System32\gdi32full.dll
0x00007ffe56bf0000 - 0x00007ffe56c93000 	C:\WINDOWS\System32\msvcp_win.dll
0x00007ffe41130000 - 0x00007ffe413c1000 	C:\WINDOWS\WinSxS\amd64_microsoft.windows.common-controls_6595b64144ccf1df_6.0.26100.8972_none_3e0da176e32f9d4b\COMCTL32.dll
0x00007ffe58660000 - 0x00007ffe58709000 	C:\WINDOWS\System32\msvcrt.dll
0x00007ffe57c10000 - 0x00007ffe57c42000 	C:\WINDOWS\System32\IMM32.DLL
0x00007ffe4bce0000 - 0x00007ffe4bcec000 	C:\Users\user\.vscode\extensions\redhat.java-1.56.0-win32-x64\jre\21.0.12.1-win32-x86_64\bin\vcruntime140_1.dll
0x00007ffde6c80000 - 0x00007ffde6d0d000 	C:\Users\user\.vscode\extensions\redhat.java-1.56.0-win32-x64\jre\21.0.12.1-win32-x86_64\bin\msvcp140.dll
0x00007ffdbb3a0000 - 0x00007ffdbc142000 	C:\Users\user\.vscode\extensions\redhat.java-1.56.0-win32-x64\jre\21.0.12.1-win32-x86_64\bin\server\jvm.dll
0x00007ffe58a70000 - 0x00007ffe58b2c000 	C:\WINDOWS\System32\ADVAPI32.dll
0x00007ffe587a0000 - 0x00007ffe5884a000 	C:\WINDOWS\System32\sechost.dll
0x00007ffe58850000 - 0x00007ffe58968000 	C:\WINDOWS\System32\RPCRT4.dll
0x00007ffe58710000 - 0x00007ffe58792000 	C:\WINDOWS\System32\WS2_32.dll
0x00007ffe4df90000 - 0x00007ffe4dfc6000 	C:\WINDOWS\SYSTEM32\WINMM.dll
0x00007ffe567d0000 - 0x00007ffe5682e000 	C:\WINDOWS\SYSTEM32\POWRPROF.dll
0x00007ffe4dfd0000 - 0x00007ffe4dfdb000 	C:\WINDOWS\SYSTEM32\VERSION.dll
0x00007ffe567b0000 - 0x00007ffe567c5000 	C:\WINDOWS\SYSTEM32\UMPDC.dll
0x00007ffe55820000 - 0x00007ffe5583b000 	C:\WINDOWS\SYSTEM32\kernel.appcore.dll
0x00007ffe4b360000 - 0x00007ffe4b36a000 	C:\Users\user\.vscode\extensions\redhat.java-1.56.0-win32-x64\jre\21.0.12.1-win32-x86_64\bin\jimage.dll
0x00007ffe49000000 - 0x00007ffe49242000 	C:\WINDOWS\SYSTEM32\DBGHELP.DLL
0x00007ffe58b40000 - 0x00007ffe58ec5000 	C:\WINDOWS\System32\combase.dll
0x00007ffe57ce0000 - 0x00007ffe57db9000 	C:\WINDOWS\System32\OLEAUT32.dll
0x00007ffe3ed70000 - 0x00007ffe3edab000 	C:\WINDOWS\SYSTEM32\dbgcore.DLL
0x00007ffe56b30000 - 0x00007ffe56bdc000 	C:\WINDOWS\System32\bcryptPrimitives.dll
0x00007ffe43a60000 - 0x00007ffe43a6f000 	C:\Users\user\.vscode\extensions\redhat.java-1.56.0-win32-x64\jre\21.0.12.1-win32-x86_64\bin\instrument.dll
0x00007ffde8820000 - 0x00007ffde8840000 	C:\Users\user\.vscode\extensions\redhat.java-1.56.0-win32-x64\jre\21.0.12.1-win32-x86_64\bin\java.dll
0x00007ffe58ed0000 - 0x00007ffe59658000 	C:\WINDOWS\System32\SHELL32.dll
0x00007ffe54600000 - 0x00007ffe54e9b000 	C:\WINDOWS\SYSTEM32\windows.storage.dll
0x00007ffe57e80000 - 0x00007ffe57f79000 	C:\WINDOWS\System32\SHCORE.dll
0x00007ffe57dc0000 - 0x00007ffe57e26000 	C:\WINDOWS\System32\shlwapi.dll
0x00007ffe56a50000 - 0x00007ffe56a79000 	C:\WINDOWS\SYSTEM32\profapi.dll
0x00007ffde6c60000 - 0x00007ffde6c78000 	C:\Users\user\.vscode\extensions\redhat.java-1.56.0-win32-x64\jre\21.0.12.1-win32-x86_64\bin\zip.dll
0x00007ffe47cb0000 - 0x00007ffe47cc0000 	C:\Users\user\.vscode\extensions\redhat.java-1.56.0-win32-x64\jre\21.0.12.1-win32-x86_64\bin\net.dll
0x00007ffe4f5d0000 - 0x00007ffe4f6f8000 	C:\WINDOWS\SYSTEM32\WINHTTP.dll
0x00007ffe55dd0000 - 0x00007ffe55e3c000 	C:\WINDOWS\system32\mswsock.dll
0x00007ffde6c40000 - 0x00007ffde6c56000 	C:\Users\user\.vscode\extensions\redhat.java-1.56.0-win32-x64\jre\21.0.12.1-win32-x86_64\bin\nio.dll
0x00007ffe430e0000 - 0x00007ffe430f0000 	C:\Users\user\.vscode\extensions\redhat.java-1.56.0-win32-x64\jre\21.0.12.1-win32-x86_64\bin\verify.dll
0x00007ffde6c10000 - 0x00007ffde6c37000 	C:\Users\user\.gradle\native\660c5614fbf4a5f2a75b1949f50a0caf5cd603558e7d8a26e50b933a0cfb79d1\windows-amd64\native-platform.dll
0x00007ffde6b00000 - 0x00007ffde6b77000 	C:\Users\user\.gradle\native\0.2.8\x86_64-windows-gnu\gradle-fileevents.dll
0x00007ffe36150000 - 0x00007ffe3615a000 	C:\Users\user\.vscode\extensions\redhat.java-1.56.0-win32-x64\jre\21.0.12.1-win32-x86_64\bin\management.dll
0x00007ffe31f10000 - 0x00007ffe31f1c000 	C:\Users\user\.vscode\extensions\redhat.java-1.56.0-win32-x64\jre\21.0.12.1-win32-x86_64\bin\management_ext.dll
0x00007ffe57e30000 - 0x00007ffe57e38000 	C:\WINDOWS\System32\PSAPI.DLL
0x00007ffe55240000 - 0x00007ffe55273000 	C:\WINDOWS\SYSTEM32\IPHLPAPI.DLL
0x00007ffe57fb0000 - 0x00007ffe57fba000 	C:\WINDOWS\System32\NSI.dll
0x00007ffe2baf0000 - 0x00007ffe2baf9000 	C:\Users\user\.vscode\extensions\redhat.java-1.56.0-win32-x64\jre\21.0.12.1-win32-x86_64\bin\extnet.dll
0x00007ffe560c0000 - 0x00007ffe560db000 	C:\WINDOWS\SYSTEM32\CRYPTSP.dll
0x00007ffe55780000 - 0x00007ffe557b9000 	C:\WINDOWS\system32\rsaenh.dll
0x00007ffe55e80000 - 0x00007ffe55eb2000 	C:\WINDOWS\SYSTEM32\USERENV.dll
0x00007ffe56a20000 - 0x00007ffe56a4a000 	C:\WINDOWS\SYSTEM32\bcrypt.dll
0x00007ffe560e0000 - 0x00007ffe560ec000 	C:\WINDOWS\SYSTEM32\CRYPTBASE.dll
0x00007ffe2b790000 - 0x00007ffe2b79e000 	C:\Users\user\.vscode\extensions\redhat.java-1.56.0-win32-x64\jre\21.0.12.1-win32-x86_64\bin\sunmscapi.dll
0x00007ffe56e90000 - 0x00007ffe5700e000 	C:\WINDOWS\System32\CRYPT32.dll
0x00007ffe56300000 - 0x00007ffe56330000 	C:\WINDOWS\SYSTEM32\ncrypt.dll
0x00007ffe562b0000 - 0x00007ffe562ef000 	C:\WINDOWS\SYSTEM32\NTASN1.dll
0x00007ffe1de50000 - 0x00007ffe1de58000 	C:\WINDOWS\system32\wshunix.dll

JVMTI agents:
C:\Users\user\.gradle\wrapper\dists\gradle-9.5.1-bin\iq79hdu3mqx29lgffhp8bfmx\gradle-9.5.1\lib\agents\gradle-instrumentation-agent-9.5.1.jar path:C:\Users\user\.vscode\extensions\redhat.java-1.56.0-win32-x64\jre\21.0.12.1-win32-x86_64\bin\instrument.dll, loaded, initialized, instrumentlib options:none

dbghelp: loaded successfully - version: 4.0.5 - missing functions: none
symbol engine: initialized successfully - sym options: 0x614 - pdb path: .;C:\Users\user\.vscode\extensions\redhat.java-1.56.0-win32-x64\jre\21.0.12.1-win32-x86_64\bin;C:\WINDOWS\SYSTEM32;C:\WINDOWS\WinSxS\amd64_microsoft.windows.common-controls_6595b64144ccf1df_6.0.26100.8972_none_3e0da176e32f9d4b;C:\Users\user\.vscode\extensions\redhat.java-1.56.0-win32-x64\jre\21.0.12.1-win32-x86_64\bin\server;C:\Users\user\.gradle\native\660c5614fbf4a5f2a75b1949f50a0caf5cd603558e7d8a26e50b933a0cfb79d1\windows-amd64;C:\Users\user\.gradle\native\0.2.8\x86_64-windows-gnu

VM Arguments:
jvm_args: --add-opens=java.base/java.lang=ALL-UNNAMED --add-opens=java.base/java.lang.invoke=ALL-UNNAMED --add-opens=java.base/java.util=ALL-UNNAMED --add-opens=java.prefs/java.util.prefs=ALL-UNNAMED --add-exports=jdk.compiler/com.sun.tools.javac.api=ALL-UNNAMED --add-exports=jdk.compiler/com.sun.tools.javac.util=ALL-UNNAMED --add-opens=java.base/java.nio.charset=ALL-UNNAMED --add-opens=java.base/java.net=ALL-UNNAMED --add-opens=java.base/java.util.concurrent=ALL-UNNAMED --add-opens=java.base/java.util.concurrent.atomic=ALL-UNNAMED --add-opens=java.xml/javax.xml.namespace=ALL-UNNAMED --add-opens=java.base/java.time=ALL-UNNAMED -XX:MaxMetaspaceSize=384m -XX:+HeapDumpOnOutOfMemoryError -Xms256m -Xmx512m -Dfile.encoding=UTF-8 -Duser.country=KR -Duser.language=ko -Duser.variant -javaagent:C:\Users\user\.gradle\wrapper\dists\gradle-9.5.1-bin\iq79hdu3mqx29lgffhp8bfmx\gradle-9.5.1\lib\agents\gradle-instrumentation-agent-9.5.1.jar 
java_command: org.gradle.launcher.daemon.bootstrap.GradleDaemon 9.5.1
java_class_path (initial): C:\Users\user\.gradle\wrapper\dists\gradle-9.5.1-bin\iq79hdu3mqx29lgffhp8bfmx\gradle-9.5.1\lib\gradle-daemon-main-9.5.1.jar
Launcher Type: SUN_STANDARD

[Global flags]
     intx CICompilerCount                          = 4                                         {product} {ergonomic}
   size_t CompressedClassSpaceSize                 = 335544320                                 {product} {ergonomic}
     uint ConcGCThreads                            = 3                                         {product} {ergonomic}
     uint G1ConcRefinementThreads                  = 10                                        {product} {ergonomic}
   size_t G1HeapRegionSize                         = 1048576                                   {product} {ergonomic}
    uintx GCDrainStackTargetSize                   = 64                                        {product} {ergonomic}
     bool HeapDumpOnOutOfMemoryError               = true                                   {manageable} {command line}
   size_t InitialHeapSize                          = 268435456                                 {product} {command line}
   size_t MarkStackSize                            = 4194304                                   {product} {ergonomic}
   size_t MaxHeapSize                              = 536870912                                 {product} {command line}
   size_t MaxMetaspaceSize                         = 402653184                                 {product} {command line}
   size_t MaxNewSize                               = 321912832                                 {product} {ergonomic}
   size_t MinHeapDeltaBytes                        = 1048576                                   {product} {ergonomic}
   size_t MinHeapSize                              = 268435456                                 {product} {command line}
    uintx NonNMethodCodeHeapSize                   = 5839372                                {pd product} {ergonomic}
    uintx NonProfiledCodeHeapSize                  = 122909434                              {pd product} {ergonomic}
    uintx ProfiledCodeHeapSize                     = 122909434                              {pd product} {ergonomic}
    uintx ReservedCodeCacheSize                    = 251658240                              {pd product} {ergonomic}
     bool SegmentedCodeCache                       = true                                      {product} {ergonomic}
   size_t SoftMaxHeapSize                          = 536870912                              {manageable} {ergonomic}
     bool UseCompressedOops                        = true                           {product lp64_product} {ergonomic}
     bool UseG1GC                                  = true                                      {product} {ergonomic}
     bool UseLargePagesIndividualAllocation        = false                                  {pd product} {ergonomic}

Logging:
Log output configuration:
 #0: stdout all=warning uptime,level,tags foldmultilines=false
 #1: stderr all=off uptime,level,tags foldmultilines=false

Release file:
JAVA_VERSION="21.0.12.1" 
MODULES="java.base java.compiler java.datatransfer java.xml java.prefs java.desktop java.instrument java.logging java.management java.security.sasl java.naming java.rmi java.management.rmi java.net.http java.scripting java.security.jgss java.transaction.xa java.sql java.sql.rowset java.xml.crypto java.se java.smartcardio jdk.accessibility jdk.internal.jvmstat jdk.attach jdk.charsets jdk.internal.opt jdk.zipfs jdk.compiler jdk.crypto.ec jdk.crypto.cryptoki jdk.crypto.mscapi jdk.dynalink jdk.internal.ed jdk.editpad jdk.hotspot.agent jdk.httpserver jdk.internal.le jdk.internal.vm.ci jdk.internal.vm.compiler jdk.internal.vm.compiler.management jdk.jartool jdk.javadoc jdk.jcmd jdk.management jdk.management.agent jdk.jconsole jdk.jdeps jdk.jdwp.agent jdk.jdi jdk.jfr jdk.jshell jdk.jsobject jdk.jstatd jdk.localedata jdk.management.jfr jdk.naming.dns jdk.naming.rmi jdk.net jdk.nio.mapmode jdk.random jdk.sctp jdk.security.auth jdk.security.jgss jdk.unsupported jdk.unsupported.desktop jdk.xml.dom" 

Environment Variables:
JAVA_HOME=C:/Program Files/Java/jdk-17
PATH=C:\Program Files\Common Files\Oracle\Java\javapath;C:/Program Files/Java/jdk-17\bin;C:\WINDOWS\system32;C:\WINDOWS;C:\WINDOWS\System32\Wbem;C:\WINDOWS\System32\WindowsPowerShell\v1.0\;C:\WINDOWS\System32\OpenSSH\;C:\Program Files (x86)\Windows Kits\10\Windows Performance Toolkit\;C:\Program Files\dotnet\;C:\Program Files\Git\cmd;C:\Program Files\PuTTY\;C:\Program Files\nodejs\;C:\Program Files (x86)\cloudflared\;C:\Users\user\AppData\Local\Programs\Python\Python314\Scripts\;C:\Users\user\AppData\Local\Programs\Python\Python314\;C:\Users\user\AppData\Local\Programs\Eclipse Adoptium\jdk-17.0.17.10-hotspot\bin;C:\Program Files\MySQL\MySQL Shell 8.0\bin\;C:\Users\user\AppData\Local\Microsoft\WindowsApps;;C:\Users\user\AppData\Local\Programs\Microsoft VS Code\bin;C:\Program Files\JetBrains\IntelliJ IDEA 2025.3.1.1\bin;C:\Users\user\AppData\Roaming\npm
USERNAME=user
OS=Windows_NT
PROCESSOR_IDENTIFIER=AMD64 Family 25 Model 80 Stepping 0, AuthenticAMD
TMP=C:\Users\user\AppData\Local\Temp
TEMP=C:\Users\user\AppData\Local\Temp




Periodic native trim disabled

---------------  S Y S T E M  ---------------

OS:
 Windows 11 , 64 bit Build 26100 (10.0.26100.9168)
OS uptime: 13 days 0:11 hours

CPU: total 12 (initial active 12) (12 cores per cpu, 2 threads per core) family 25 model 80 stepping 0 microcode 0xa50000d, cx8, cmov, fxsr, ht, mmx, 3dnowpref, sse, sse2, sse3, ssse3, sse4a, sse4.1, sse4.2, popcnt, lzcnt, tsc, tscinvbit, avx, avx2, aes, erms, clmul, bmi1, bmi2, adx, sha, fma, vzeroupper, clflush, clflushopt, rdtscp, rdpid, fsrm, f16c, pku, cet_ss
Processor Information for the first 12 processors :
  Max Mhz: 2000, Current Mhz: 2000, Mhz Limit: 2000

Memory: 4k page, system-wide physical 14173M (451M free)
TotalPageFile size 44575M (AvailPageFile size 0M)
current process WorkingSet (physical memory assigned to process): 98M, peak: 138M
current process commit charge ("private bytes"): 389M, peak: 389M

vm_info: OpenJDK 64-Bit Server VM (21.0.12.1+1-LTS) for windows-amd64 JRE (21.0.12.1+1-LTS), built on 2026-08-18T00:00:00Z by "admin" with MS VC++ 17.12 (VS2022)

END.
