#
# There is insufficient memory for the Java Runtime Environment to continue.
# Native memory allocation (malloc) failed to allocate 32744 bytes. Error detail: Chunk::new
# Possible reasons:
#   The system is out of physical RAM or swap space
#   This process is running with CompressedOops enabled, and the Java Heap may be blocking the growth of the native heap
# Possible solutions:
#   Reduce memory load on the system
#   Increase physical memory or swap space
#   Check if swap backing store is full
#   Decrease Java heap size (-Xmx/-Xms)
#   Decrease number of Java threads
#   Decrease Java thread stack sizes (-Xss)
#   Set larger code cache with -XX:ReservedCodeCacheSize=
#   JVM is running with Unscaled Compressed Oops mode in which the Java heap is
#     placed in the first 4GB address space. The Java Heap base address is the
#     maximum limit for the native heap growth. Please use -XX:HeapBaseMinAddress
#     to set the Java Heap base and to place the Java Heap above 4GB virtual address.
# This output file may be truncated or incomplete.
#
#  Out of Memory Error (arena.cpp:168), pid=45052, tid=47484
#
# JRE version: OpenJDK Runtime Environment Temurin-21.0.12.1+1 (21.0.12.1+1) (build 21.0.12.1+1-LTS)
# Java VM: OpenJDK 64-Bit Server VM Temurin-21.0.12.1+1 (21.0.12.1+1-LTS, mixed mode, sharing, tiered, compressed oops, compressed class ptrs, g1 gc, windows-amd64)
# No core dump will be written. Minidumps are not enabled by default on client versions of Windows
#

---------------  S U M M A R Y ------------

Command Line: --add-opens=java.base/java.lang=ALL-UNNAMED --add-opens=java.base/java.lang.invoke=ALL-UNNAMED --add-opens=java.base/java.util=ALL-UNNAMED --add-opens=java.prefs/java.util.prefs=ALL-UNNAMED --add-exports=jdk.compiler/com.sun.tools.javac.api=ALL-UNNAMED --add-exports=jdk.compiler/com.sun.tools.javac.util=ALL-UNNAMED --add-opens=java.base/java.nio.charset=ALL-UNNAMED --add-opens=java.base/java.net=ALL-UNNAMED --add-opens=java.base/java.util.concurrent=ALL-UNNAMED --add-opens=java.base/java.util.concurrent.atomic=ALL-UNNAMED --add-opens=java.xml/javax.xml.namespace=ALL-UNNAMED --add-opens=java.base/java.time=ALL-UNNAMED -XX:MaxMetaspaceSize=384m -XX:+HeapDumpOnOutOfMemoryError -Xms256m -Xmx512m -Dfile.encoding=UTF-8 -Duser.country=KR -Duser.language=ko -Duser.variant -javaagent:C:\Users\user\.gradle\wrapper\dists\gradle-9.5.1-bin\iq79hdu3mqx29lgffhp8bfmx\gradle-9.5.1\lib\agents\gradle-instrumentation-agent-9.5.1.jar org.gradle.launcher.daemon.bootstrap.GradleDaemon 9.5.1

Host: AMD Ryzen 5 7530U with Radeon Graphics         , 12 cores, 13G,  Windows 11 , 64 bit Build 26100 (10.0.26100.9168)
Time: Tue Sep  8 09:37:38 2026 elapsed time: 66.404645 seconds (0d 0h 1m 6s)

---------------  T H R E A D  ---------------

Current thread (0x000001a055ca8770):  JavaThread "Daemon worker"        [_thread_in_vm, id=47484, stack(0x00000096e5000000,0x00000096e5100000) (1024K)]

Stack: [0x00000096e5000000,0x00000096e5100000]
Native frames: (J=compiled Java code, j=interpreted, Vv=VM code, C=native code)
V  [jvm.dll+0x6d83e9]
V  [jvm.dll+0x8b5736]
V  [jvm.dll+0x8b7cee]
V  [jvm.dll+0x8b83d3]
V  [jvm.dll+0x284596]
V  [jvm.dll+0xc685d]
V  [jvm.dll+0xc6da1]
V  [jvm.dll+0x8a5150]
V  [jvm.dll+0x8a8b00]
V  [jvm.dll+0x8a1fc6]
V  [jvm.dll+0x3ccb68]
V  [jvm.dll+0x3cb967]
V  [jvm.dll+0x3cb908]
V  [jvm.dll+0x3dd3aa]
C  0x000001a0304ca234

The last pc belongs to new (printed below).
Java frames: (J=compiled Java code, j=interpreted, Vv=VM code)
j  org.gradle.cache.internal.DefaultCacheFactory.openDirCacheReference(Ljava/lang/Class;Ljava/io/File;Ljava/util/Map;Lorg/gradle/cache/LockOptions;Ljava/util/function/Supplier;)Lorg/gradle/cache/internal/DefaultCacheFactory$DirCacheReference;+32
j  org.gradle.cache.internal.DefaultCacheFactory.open(Ljava/io/File;Ljava/lang/String;Ljava/util/Map;Lorg/gradle/cache/LockOptions;Ljava/util/function/Consumer;Lorg/gradle/cache/CacheCleanupStrategy;)Lorg/gradle/cache/PersistentCache;+31
j  org.gradle.cache.internal.DefaultCacheBuilder.open()Lorg/gradle/cache/PersistentCache;+28
j  org.gradle.cache.internal.DefaultGeneratedGradleJarCache.<init>(Lorg/gradle/cache/scopes/GlobalScopedCacheBuilderFactory;Ljava/lang/String;)V+28
j  org.gradle.internal.service.scopes.GradleUserHomeScopeServices.createGeneratedGradleJarCache(Lorg/gradle/cache/scopes/GlobalScopedCacheBuilderFactory;)Lorg/gradle/cache/internal/DefaultGeneratedGradleJarCache;+13
j  java.lang.invoke.LambdaForm$DMH+0x000001a03d03a400.invokeVirtual(Ljava/lang/Object;Ljava/lang/Object;Ljava/lang/Object;)Ljava/lang/Object;+11 java.base@21.0.12.1
j  java.lang.invoke.LambdaForm$MH+0x000001a03d0e0400.invoke(Ljava/lang/Object;Ljava/lang/Object;Ljava/lang/Object;)Ljava/lang/Object;+52 java.base@21.0.12.1
J 2579 c1 jdk.internal.reflect.DirectMethodHandleAccessor.invoke(Ljava/lang/Object;[Ljava/lang/Object;)Ljava/lang/Object; java.base@21.0.12.1 (92 bytes) @ 0x000001a02946773c [0x000001a029465f40+0x00000000000017fc]
J 2327 c1 java.lang.reflect.Method.invoke(Ljava/lang/Object;[Ljava/lang/Object;)Ljava/lang/Object; java.base@21.0.12.1 (108 bytes) @ 0x000001a0293e2554 [0x000001a0293e2040+0x0000000000000514]
j  org.gradle.internal.reflect.JavaMethod.invoke(Ljava/lang/Object;[Ljava/lang/Object;)Ljava/lang/Object;+6
j  org.gradle.internal.service.ReflectionBasedServiceMethod.invoke(Ljava/lang/Object;[Ljava/lang/Object;)Ljava/lang/Object;+6
j  org.gradle.internal.service.DefaultServiceRegistry$FactoryMethodService.invokeMethod([Ljava/lang/Object;)Ljava/lang/Object;+28
j  org.gradle.internal.service.DefaultServiceRegistry$FactoryService.createServiceInstance()Ljava/lang/Object;+7
j  org.gradle.internal.service.DefaultServiceRegistry$FactoryMethodService.createServiceInstance()Ljava/lang/Object;+1
j  org.gradle.internal.service.DefaultServiceRegistry$ManagedObjectServiceProvider.getInstance()Ljava/lang/Object;+24
J 2729 c1 org.gradle.internal.service.DefaultServiceRegistry$SingletonService.get()Ljava/lang/Object; (5 bytes) @ 0x000001a0294c003c [0x000001a0294bffc0+0x000000000000007c]
j  org.gradle.internal.service.DefaultServiceRegistry.getCollectionService(Ljava/lang/Class;Lorg/gradle/internal/service/ServiceAccessToken;Lorg/gradle/internal/service/ServiceProvider;)Lorg/gradle/internal/service/Service;+79
j  org.gradle.internal.service.DefaultServiceRegistry.getCollectionService(Ljava/lang/reflect/Type;Lorg/gradle/internal/service/ServiceAccessToken;Lorg/gradle/internal/service/ServiceProvider;)Lorg/gradle/internal/service/Service;+15
j  org.gradle.internal.service.DefaultServiceRegistry.find(Ljava/lang/reflect/Type;Lorg/gradle/internal/service/ServiceAccessToken;Lorg/gradle/internal/service/ServiceProvider;)Lorg/gradle/internal/service/Service;+55
j  org.gradle.internal.service.DefaultServiceRegistry.access$2300(Ljava/lang/reflect/Type;Lorg/gradle/internal/service/ServiceAccessToken;Lorg/gradle/internal/service/ServiceProvider;)Lorg/gradle/internal/service/Service;+3
j  org.gradle.internal.service.DefaultServiceRegistry$FactoryService.bind()V+214
J 2728 c1 org.gradle.internal.service.DefaultServiceRegistry$SingletonService.prepare()Lorg/gradle/internal/service/Service; (111 bytes) @ 0x000001a0294bef84 [0x000001a0294bed40+0x0000000000000244]
j  org.gradle.internal.service.DefaultServiceRegistry$SingletonService.getService(Ljava/lang/reflect/Type;Lorg/gradle/internal/service/ServiceAccessToken;)Lorg/gradle/internal/service/Service;+29
j  org.gradle.internal.service.DefaultServiceRegistry$OwnServices.getService(Ljava/lang/reflect/Type;Lorg/gradle/internal/service/ServiceAccessToken;)Lorg/gradle/internal/service/Service;+42
j  org.gradle.internal.service.DefaultServiceRegistry$CompositeServiceProvider.getService(Ljava/lang/reflect/Type;Lorg/gradle/internal/service/ServiceAccessToken;)Lorg/gradle/internal/service/Service;+29
j  org.gradle.internal.service.DefaultServiceRegistry.find(Ljava/lang/reflect/Type;Lorg/gradle/internal/service/ServiceAccessToken;Lorg/gradle/internal/service/ServiceProvider;)Lorg/gradle/internal/service/Service;+93
j  org.gradle.internal.service.DefaultServiceRegistry.access$2300(Ljava/lang/reflect/Type;Lorg/gradle/internal/service/ServiceAccessToken;Lorg/gradle/internal/service/ServiceProvider;)Lorg/gradle/internal/service/Service;+3
j  org.gradle.internal.service.DefaultServiceRegistry$FactoryService.bind()V+214
J 2728 c1 org.gradle.internal.service.DefaultServiceRegistry$SingletonService.prepare()Lorg/gradle/internal/service/Service; (111 bytes) @ 0x000001a0294bef84 [0x000001a0294bed40+0x0000000000000244]
j  org.gradle.internal.service.DefaultServiceRegistry$SingletonService.getService(Ljava/lang/reflect/Type;Lorg/gradle/internal/service/ServiceAccessToken;)Lorg/gradle/internal/service/Service;+29
j  org.gradle.internal.service.DefaultServiceRegistry$OwnServices.getService(Ljava/lang/reflect/Type;Lorg/gradle/internal/service/ServiceAccessToken;)Lorg/gradle/internal/service/Service;+42
j  org.gradle.internal.service.DefaultServiceRegistry$CompositeServiceProvider.getService(Ljava/lang/reflect/Type;Lorg/gradle/internal/service/ServiceAccessToken;)Lorg/gradle/internal/service/Service;+29
j  org.gradle.internal.service.DefaultServiceRegistry.find(Ljava/lang/reflect/Type;Lorg/gradle/internal/service/ServiceAccessToken;Lorg/gradle/internal/service/ServiceProvider;)Lorg/gradle/internal/service/Service;+93
j  org.gradle.internal.service.DefaultServiceRegistry.access$2300(Ljava/lang/reflect/Type;Lorg/gradle/internal/service/ServiceAccessToken;Lorg/gradle/internal/service/ServiceProvider;)Lorg/gradle/internal/service/Service;+3
j  org.gradle.internal.service.DefaultServiceRegistry$FactoryService.bind()V+214
J 2728 c1 org.gradle.internal.service.DefaultServiceRegistry$SingletonService.prepare()Lorg/gradle/internal/service/Service; (111 bytes) @ 0x000001a0294bef84 [0x000001a0294bed40+0x0000000000000244]
j  org.gradle.internal.service.DefaultServiceRegistry$SingletonService.getService(Ljava/lang/reflect/Type;Lorg/gradle/internal/service/ServiceAccessToken;)Lorg/gradle/internal/service/Service;+29
j  org.gradle.internal.service.DefaultServiceRegistry$OwnServices.getService(Ljava/lang/reflect/Type;Lorg/gradle/internal/service/ServiceAccessToken;)Lorg/gradle/internal/service/Service;+42
j  org.gradle.internal.service.DefaultServiceRegistry$CompositeServiceProvider.getService(Ljava/lang/reflect/Type;Lorg/gradle/internal/service/ServiceAccessToken;)Lorg/gradle/internal/service/Service;+29
j  org.gradle.internal.service.DefaultServiceRegistry$ParentServices.getService(Ljava/lang/reflect/Type;Lorg/gradle/internal/service/ServiceAccessToken;)Lorg/gradle/internal/service/Service;+6
j  org.gradle.internal.service.DefaultServiceRegistry$CompositeServiceProvider.getService(Ljava/lang/reflect/Type;Lorg/gradle/internal/service/ServiceAccessToken;)Lorg/gradle/internal/service/Service;+29
j  org.gradle.internal.service.DefaultServiceRegistry$CompositeServiceProvider.getService(Ljava/lang/reflect/Type;Lorg/gradle/internal/service/ServiceAccessToken;)Lorg/gradle/internal/service/Service;+29
j  org.gradle.internal.service.DefaultServiceRegistry.find(Ljava/lang/reflect/Type;Lorg/gradle/internal/service/ServiceAccessToken;Lorg/gradle/internal/service/ServiceProvider;)Lorg/gradle/internal/service/Service;+93
j  org.gradle.internal.service.DefaultServiceRegistry.access$2300(Ljava/lang/reflect/Type;Lorg/gradle/internal/service/ServiceAccessToken;Lorg/gradle/internal/service/ServiceProvider;)Lorg/gradle/internal/service/Service;+3
j  org.gradle.internal.service.DefaultServiceRegistry$FactoryService.bind()V+214
J 2728 c1 org.gradle.internal.service.DefaultServiceRegistry$SingletonService.prepare()Lorg/gradle/internal/service/Service; (111 bytes) @ 0x000001a0294bef84 [0x000001a0294bed40+0x0000000000000244]
j  org.gradle.internal.service.DefaultServiceRegistry$SingletonService.getService(Ljava/lang/reflect/Type;Lorg/gradle/internal/service/ServiceAccessToken;)Lorg/gradle/internal/service/Service;+29
j  org.gradle.internal.service.DefaultServiceRegistry$OwnServices.getService(Ljava/lang/reflect/Type;Lorg/gradle/internal/service/ServiceAccessToken;)Lorg/gradle/internal/service/Service;+42
j  org.gradle.internal.service.DefaultServiceRegistry$CompositeServiceProvider.getService(Ljava/lang/reflect/Type;Lorg/gradle/internal/service/ServiceAccessToken;)Lorg/gradle/internal/service/Service;+29
j  org.gradle.internal.service.DefaultServiceRegistry.find(Ljava/lang/reflect/Type;Lorg/gradle/internal/service/ServiceAccessToken;Lorg/gradle/internal/service/ServiceProvider;)Lorg/gradle/internal/service/Service;+93
j  org.gradle.internal.service.DefaultServiceRegistry.getService(Ljava/lang/reflect/Type;)Lorg/gradle/internal/service/Service;+10
j  org.gradle.internal.service.DefaultServiceRegistry.find(Ljava/lang/reflect/Type;)Ljava/lang/Object;+9
j  org.gradle.internal.service.DefaultServiceRegistry.get(Ljava/lang/reflect/Type;)Ljava/lang/Object;+2
j  org.gradle.internal.service.DefaultServiceRegistry.get(Ljava/lang/Class;)Ljava/lang/Object;+3
j  org.gradle.internal.session.DefaultBuildSessionContext.execute(Lorg/gradle/internal/invocation/BuildAction;)Lorg/gradle/internal/buildtree/BuildActionRunner$Result;+54
j  org.gradle.internal.buildprocess.execution.BuildSessionLifecycleBuildActionExecutor$ActionImpl.apply(Lorg/gradle/internal/session/BuildSessionContext;)Lorg/gradle/launcher/exec/BuildActionResult;+6
j  org.gradle.internal.buildprocess.execution.BuildSessionLifecycleBuildActionExecutor$ActionImpl.apply(Ljava/lang/Object;)Ljava/lang/Object;+5
j  org.gradle.internal.session.BuildSessionState.run(Ljava/util/function/Function;)Ljava/lang/Object;+5
j  org.gradle.internal.buildprocess.execution.BuildSessionLifecycleBuildActionExecutor.execute(Lorg/gradle/internal/invocation/BuildAction;Lorg/gradle/launcher/exec/BuildActionParameters;Lorg/gradle/initialization/BuildRequestContext;)Lorg/gradle/launcher/exec/BuildActionResult;+105
j  org.gradle.internal.buildprocess.execution.BuildSessionLifecycleBuildActionExecutor.execute(Lorg/gradle/internal/invocation/BuildAction;Ljava/lang/Object;Ljava/lang/Object;)Lorg/gradle/launcher/exec/BuildActionResult;+10
j  org.gradle.internal.buildprocess.execution.StartParamsValidatingActionExecutor.execute(Lorg/gradle/internal/invocation/BuildAction;Lorg/gradle/launcher/exec/BuildActionParameters;Lorg/gradle/initialization/BuildRequestContext;)Lorg/gradle/launcher/exec/BuildActionResult;+142
j  org.gradle.internal.buildprocess.execution.StartParamsValidatingActionExecutor.execute(Lorg/gradle/internal/invocation/BuildAction;Ljava/lang/Object;Ljava/lang/Object;)Lorg/gradle/launcher/exec/BuildActionResult;+10
j  org.gradle.internal.buildprocess.execution.SessionFailureReportingActionExecutor.execute(Lorg/gradle/internal/invocation/BuildAction;Lorg/gradle/launcher/exec/BuildActionParameters;Lorg/gradle/initialization/BuildRequestContext;)Lorg/gradle/launcher/exec/BuildActionResult;+7
j  org.gradle.internal.buildprocess.execution.SessionFailureReportingActionExecutor.execute(Lorg/gradle/internal/invocation/BuildAction;Ljava/lang/Object;Ljava/lang/Object;)Lorg/gradle/launcher/exec/BuildActionResult;+10
j  org.gradle.internal.buildprocess.execution.SetupLoggingActionExecutor.execute(Lorg/gradle/internal/invocation/BuildAction;Lorg/gradle/launcher/exec/BuildActionParameters;Lorg/gradle/initialization/BuildRequestContext;)Lorg/gradle/launcher/exec/BuildActionResult;+50
j  org.gradle.internal.buildprocess.execution.SetupLoggingActionExecutor.execute(Lorg/gradle/internal/invocation/BuildAction;Ljava/lang/Object;Ljava/lang/Object;)Lorg/gradle/launcher/exec/BuildActionResult;+10
j  org.gradle.launcher.daemon.server.exec.ExecuteBuild.doBuild(Lorg/gradle/launcher/daemon/server/api/DaemonCommandExecution;Lorg/gradle/launcher/daemon/protocol/Build;)V+147
j  org.gradle.launcher.daemon.server.exec.BuildCommandOnly.execute(Lorg/gradle/launcher/daemon/server/api/DaemonCommandExecution;)V+49
j  org.gradle.launcher.daemon.server.api.DaemonCommandExecution.proceed()Z+23
j  org.gradle.launcher.daemon.server.exec.WatchForDisconnection.execute(Lorg/gradle/launcher/daemon/server/api/DaemonCommandExecution;)V+19
j  org.gradle.launcher.daemon.server.api.DaemonCommandExecution.proceed()Z+23
j  org.gradle.launcher.daemon.server.exec.ResetDeprecationLogger.execute(Lorg/gradle/launcher/daemon/server/api/DaemonCommandExecution;)V+7
j  org.gradle.launcher.daemon.server.api.DaemonCommandExecution.proceed()Z+23
j  org.gradle.launcher.daemon.server.exec.RequestStopIfSingleUsedDaemon.execute(Lorg/gradle/launcher/daemon/server/api/DaemonCommandExecution;)V+33
j  org.gradle.launcher.daemon.server.api.DaemonCommandExecution.proceed()Z+23
j  org.gradle.launcher.daemon.server.exec.ForwardClientInput.lambda$execute$0(Lorg/gradle/launcher/daemon/server/api/DaemonCommandExecution;Lorg/gradle/internal/daemon/clientinput/StdinHandler;)Ljava/lang/Object;+11
j  org.gradle.launcher.daemon.server.exec.ForwardClientInput$$Lambda+0x000001a03d1962e8.apply(Ljava/lang/Object;)Ljava/lang/Object;+8
j  org.gradle.internal.daemon.clientinput.ClientInputForwarder.forwardInput(Ljava/util/function/Function;)Ljava/lang/Object;+46
j  org.gradle.launcher.daemon.server.exec.ForwardClientInput.execute(Lorg/gradle/launcher/daemon/server/api/DaemonCommandExecution;)V+10
j  org.gradle.launcher.daemon.server.api.DaemonCommandExecution.proceed()Z+23
j  org.gradle.launcher.daemon.server.exec.LogAndCheckHealth.execute(Lorg/gradle/launcher/daemon/server/api/DaemonCommandExecution;)V+51
j  org.gradle.launcher.daemon.server.api.DaemonCommandExecution.proceed()Z+23
j  org.gradle.launcher.daemon.server.exec.LogToClient.doBuild(Lorg/gradle/launcher/daemon/server/api/DaemonCommandExecution;Lorg/gradle/launcher/daemon/protocol/Build;)V+87
j  org.gradle.launcher.daemon.server.exec.BuildCommandOnly.execute(Lorg/gradle/launcher/daemon/server/api/DaemonCommandExecution;)V+49
j  org.gradle.launcher.daemon.server.api.DaemonCommandExecution.proceed()Z+23
j  org.gradle.launcher.daemon.server.exec.EstablishBuildEnvironment.doBuild(Lorg/gradle/launcher/daemon/server/api/DaemonCommandExecution;Lorg/gradle/launcher/daemon/protocol/Build;)V+356
j  org.gradle.launcher.daemon.server.exec.BuildCommandOnly.execute(Lorg/gradle/launcher/daemon/server/api/DaemonCommandExecution;)V+49
j  org.gradle.launcher.daemon.server.api.DaemonCommandExecution.proceed()Z+23
j  org.gradle.launcher.daemon.server.exec.StartBuildOrRespondWithBusy$1.run()V+44
j  org.gradle.launcher.daemon.server.DaemonStateCoordinator.lambda$runCommand$0(Ljava/lang/Runnable;)V+1
j  org.gradle.launcher.daemon.server.DaemonStateCoordinator$$Lambda+0x000001a03d195080.run()V+8
j  org.gradle.internal.concurrent.ExecutorPolicy$CatchAndRecordFailures.onExecute(Ljava/lang/Runnable;)V+1
j  org.gradle.internal.concurrent.AbstractManagedExecutor$1.run()V+25
j  java.util.concurrent.ThreadPoolExecutor.runWorker(Ljava/util/concurrent/ThreadPoolExecutor$Worker;)V+92 java.base@21.0.12.1
j  java.util.concurrent.ThreadPoolExecutor$Worker.run()V+5 java.base@21.0.12.1
j  java.lang.Thread.runWith(Ljava/lang/Object;Ljava/lang/Runnable;)V+5 java.base@21.0.12.1
j  java.lang.Thread.run()V+19 java.base@21.0.12.1
v  ~StubRoutines::call_stub 0x000001a0304b100d
new  187 new  [0x000001a0304ca0a0, 0x000001a0304ca2a8]  520 bytes
[MachCode]
  0x000001a0304ca0a0: 4883 ec08 | c5fa 1104 | 24eb 1f48 | 83ec 10c5 | fb11 0424 | eb14 4883 | ec10 4889 | 0424 48c7 
  0x000001a0304ca0c0: 4424 0800 | 0000 00eb | 0150 410f | b755 010f | cac1 ea10 | 488b 4de8 | 488b 4908 | 488b 4908 
  0x000001a0304ca0e0: 488b 4108 | 807c 1004 | 070f 85d3 | 0000 0066 | 8b54 d148 | 488b 4928 | 488b 4cd1 | 0851 80b9 
  0x000001a0304ca100: 3101 0000 | 040f 85b6 | 0000 008b | 5108 f6c2 | 010f 85aa | 0000 0049 | 8b87 b801 | 0000 488d 
  0x000001a0304ca120: 1c10 493b | 9fc8 0100 | 000f 8792 | 0000 0049 | 899f b801 | 0000 4883 | ea10 0f84 | 0f00 0000 
  0x000001a0304ca140: 33c9 c1ea | 0348 894c | d008 48ff | ca75 f648 | c700 0100 | 0000 5933 | f689 700c | 49ba 0000 
  0x000001a0304ca160: 003c a001 | 0000 492b | ca89 4808 | 49ba 076d | 04bc fd7f | 0000 4180 | 3a00 0f84 | 3c00 0000 
  0x000001a0304ca180: 5048 8bc8 | 4883 ec20 | 40f6 c40f | 0f84 1900 | 0000 4883 | ec08 48b8 | 20eb adbb | fd7f 0000 
  0x000001a0304ca1a0: ffd0 4883 | c408 e90c | 0000 0048 | b820 ebad | bbfd 7f00 | 00ff d048 | 83c4 2058 | e9cb 0000 
  0x000001a0304ca1c0: 0059 488b | 55e8 488b | 5208 488b | 5208 450f | b745 0141 | 0fc8 41c1 | e810 e805 | 0000 00e9 
  0x000001a0304ca1e0: a800 0000 | 488d 4424 | 084c 896d | c049 8bcf | c5f8 7749 | 89af b003 | 0000 4989 | 87a0 0300 
  0x000001a0304ca200: 0048 83ec | 2040 f6c4 | 0f0f 8419 | 0000 0048 | 83ec 0848 | b820 d377 | bbfd 7f00 | 00ff d048 
  0x000001a0304ca220: 83c4 08e9 | 0c00 0000 | 48b8 20d3 | 77bb fd7f | 0000 ffd0 | 4883 c420 | 49c7 87a0 | 0300 0000 
  0x000001a0304ca240: 0000 0049 | c787 b003 | 0000 0000 | 0000 49c7 | 87a8 0300 | 0000 0000 | 00c5 f877 | 4983 7f08 
  0x000001a0304ca260: 000f 8405 | 0000 00e9 | 946c feff | 498b 87f8 | 0300 0049 | c787 f803 | 0000 0000 | 0000 4c8b 
  0x000001a0304ca280: 6dc0 4c8b | 75c8 4e8d | 74f5 00c3 | 410f b65d | 0349 83c5 | 0349 ba50 | 3507 bcfd | 7f00 0041 
  0x000001a0304ca2a0: ff24 da0f | 1f44 0000 
[/MachCode]

Compiled method (c1) 66539 2579   !   3       jdk.internal.reflect.DirectMethodHandleAccessor::invoke (92 bytes)
 total in heap  [0x000001a029465a10,0x000001a029469fa0] = 17808
 relocation     [0x000001a029465b70,0x000001a029465f28] = 952
 main code      [0x000001a029465f40,0x000001a029468840] = 10496
 stub code      [0x000001a029468840,0x000001a029468970] = 304
 oops           [0x000001a029468970,0x000001a0294689a8] = 56
 metadata       [0x000001a0294689a8,0x000001a029468a20] = 120
 scopes data    [0x000001a029468a20,0x000001a029468f90] = 1392
 scopes pcs     [0x000001a029468f90,0x000001a0294695f0] = 1632
 dependencies   [0x000001a0294695f0,0x000001a0294695f8] = 8
 handler table  [0x000001a0294695f8,0x000001a029469ec8] = 2256
 nul chk table  [0x000001a029469ec8,0x000001a029469fa0] = 216

[Constant Pool (empty)]

[MachCode]
[Entry Point]
  # {method} {0x000001a03c19cf00} 'invoke' '(Ljava/lang/Object;[Ljava/lang/Object;)Ljava/lang/Object;' in 'jdk/internal/reflect/DirectMethodHandleAccessor'
  # this:     rdx:rdx   = 'jdk/internal/reflect/DirectMethodHandleAccessor'
  # parm0:    r8:r8     = 'java/lang/Object'
  # parm1:    r9:r9     = '[Ljava/lang/Object;'
  #           [sp+0x180]  (sp of caller)
  0x000001a029465f40: 448b 5208 | 49bb 0000 | 003c a001 | 0000 4d03 | d34c 3bd0 

  0x000001a029465f54: ;   {runtime_call ic_miss_stub}
  0x000001a029465f54: 0f85 2688 | 0907 660f | 1f44 0000 
[Verified Entry Point]
  0x000001a029465f60: 8984 2400 | 80ff ff55 | 4881 ec70 | 0100 0090 | 4181 7f20 | 0100 0000 

  0x000001a029465f78: ;   {runtime_call StubRoutines (final stubs)}
  0x000001a029465f78: 7405 e821 | 0508 0748 | 8994 24b0 | 0000 004c | 8984 24c0 | 0000 004c | 898c 24b8 

  0x000001a029465f94: ;   {metadata(method data for {method} {0x000001a03c19cf00} 'invoke' '(Ljava/lang/Object;[Ljava/lang/Object;)Ljava/lang/Object;' in 'jdk/internal/reflect/DirectMethodHandleAccessor')}
  0x000001a029465f94: 0000 0048 | bee0 519b | 51a0 0100 | 008b becc | 0000 0083 | c702 89be | cc00 0000 | 81e7 fe07 
  0x000001a029465fb4: 0000 85ff | 0f84 bb22 | 0000 488b 

  0x000001a029465fc0: ;   {metadata(method data for {method} {0x000001a03c19cf00} 'invoke' '(Ljava/lang/Object;[Ljava/lang/Object;)Ljava/lang/Object;' in 'jdk/internal/reflect/DirectMethodHandleAccessor')}
  0x000001a029465fc0: f248 bfe0 | 519b 51a0 | 0100 0048 | 8387 1001 

  0x000001a029465fd0: ;   {metadata(method data for {method} {0x000001a03c3c8780} 'isStatic' '()Z' in 'jdk/internal/reflect/DirectMethodHandleAccessor')}
  0x000001a029465fd0: 0000 0148 | be18 559b | 51a0 0100 | 008b becc | 0000 0083 | c702 89be | cc00 0000 | 81e7 feff 
  0x000001a029465ff0: 1f00 85ff | 0f84 a022 | 0000 8b72 | 1081 e600 | 0200 0081 | fe00 0200 

  0x000001a029466008: ;   {metadata(method data for {method} {0x000001a03c3c8780} 'isStatic' '()Z' in 'jdk/internal/reflect/DirectMethodHandleAccessor')}
  0x000001a029466008: 0048 be18 | 559b 51a0 | 0100 0048 | c7c7 1001 | 0000 7507 | 48c7 c720 | 0100 0048 | 8b1c 3e48 
  0x000001a029466028: 8d5b 0148 | 891c 3e0f | 851a 0000 

  0x000001a029466034: ;   {metadata(method data for {method} {0x000001a03c3c8780} 'isStatic' '()Z' in 'jdk/internal/reflect/DirectMethodHandleAccessor')}
  0x000001a029466034: 0048 be18 | 559b 51a0 | 0100 00ff | 8630 0100 | 00be 0100 | 0000 e905 | 0000 00be | 0000 0000 
  0x000001a029466054: 83e6 0185 

  0x000001a029466058: ;   {metadata(method data for {method} {0x000001a03c19cf00} 'invoke' '(Ljava/lang/Object;[Ljava/lang/Object;)Ljava/lang/Object;' in 'jdk/internal/reflect/DirectMethodHandleAccessor')}
  0x000001a029466058: f648 bee0 | 519b 51a0 | 0100 0048 | c7c7 4801 | 0000 7507 | 48c7 c758 | 0100 0048 | 8b1c 3e48 
  0x000001a029466078: 8d5b 0148 | 891c 3e0f | 85d5 0000 | 0048 8bf2 

  0x000001a029466088: ;   {metadata(method data for {method} {0x000001a03c19cf00} 'invoke' '(Ljava/lang/Object;[Ljava/lang/Object;)Ljava/lang/Object;' in 'jdk/internal/reflect/DirectMethodHandleAccessor')}
  0x000001a029466088: 48bf e051 | 9b51 a001 | 0000 4883 | 8768 0100 

  0x000001a029466098: ;   {metadata(method data for {method} {0x000001a03c3c86d0} 'checkReceiver' '(Ljava/lang/Object;)V' in 'jdk/internal/reflect/DirectMethodHandleAccessor')}
  0x000001a029466098: 0001 48be | 5013 9751 | a001 0000 | 8bbe cc00 | 0000 83c7 | 0289 becc | 0000 0081 | e7fe ff1f 
  0x000001a0294660b8: 0085 ff0f | 84fa 2100 | 008b 7214 

  0x000001a0294660c4: ; implicit exception: dispatches to 0x000001a0294682dc
  0x000001a0294660c4: 493b 0049 

  0x000001a0294660c8: ;   {metadata(method data for {method} {0x000001a03c3c86d0} 'checkReceiver' '(Ljava/lang/Object;)V' in 'jdk/internal/reflect/DirectMethodHandleAccessor')}
  0x000001a0294660c8: 8bf8 48bb | 5013 9751 | a001 0000 | 4883 8310 | 0100 0001 | 418b 7808 | 49ba 0000 | 003c a001 
  0x000001a0294660e8: 0000 4903 | fa48 8b7f | 7048 8b3f 

  0x000001a0294660f4: ; implicit exception: dispatches to 0x000001a0294682e1
  0x000001a0294660f4: 483b 0648 

  0x000001a0294660f8: ;   {metadata(method data for {method} {0x000001a03c3c86d0} 'checkReceiver' '(Ljava/lang/Object;)V' in 'jdk/internal/reflect/DirectMethodHandleAccessor')}
  0x000001a0294660f8: 8bde 48b8 | 5013 9751 | a001 0000 | 4883 8048 | 0100 0001 | 4c8b c748 | 8bd6 0f1f 

  0x000001a029466114: ;   {optimized virtual_call}
  0x000001a029466114: 4400 00e8 

  0x000001a029466118: ; ImmutableOopMap {[176]=Oop [184]=Oop [192]=Oop }
                      ;*invokevirtual isAssignableFrom {reexecute=0 rethrow=0 return_oop=0}
                      ; - jdk.internal.reflect.DirectMethodHandleAccessor::checkReceiver@8
                      ; - jdk.internal.reflect.DirectMethodHandleAccessor::invoke@9
  0x000001a029466118: a4df 5f07 

  0x000001a02946611c: ;   {other}
  0x000001a02946611c: 0f1f 8400 | 0c07 0000 

  0x000001a029466124: ;   {metadata(method data for {method} {0x000001a03c3c86d0} 'checkReceiver' '(Ljava/lang/Object;)V' in 'jdk/internal/reflect/DirectMethodHandleAccessor')}
  0x000001a029466124: 85c0 48ba | 5013 9751 | a001 0000 | 49c7 c090 | 0100 0074 | 0749 c7c0 | 8001 0000 | 4a8b 3402 
  0x000001a029466144: 488d 7601 | 4a89 3402 | 0f84 bf1f | 0000 488b | 9424 b000 | 0000 448b 

  0x000001a02946615c: ;   {metadata(method data for {method} {0x000001a03c19cf00} 'invoke' '(Ljava/lang/Object;[Ljava/lang/Object;)Ljava/lang/Object;' in 'jdk/internal/reflect/DirectMethodHandleAccessor')}
  0x000001a02946615c: 420c 48be | e051 9b51 | a001 0000 | 4883 86a0 | 0100 0001 | 498b d04c | 8b84 24b8 | 0000 000f 
  0x000001a02946617c: ;   {static_call}
  0x000001a02946617c: 1f40 00e8 

  0x000001a029466180: ; ImmutableOopMap {[176]=Oop [184]=Oop [192]=Oop }
                      ;*invokestatic checkArgumentCount {reexecute=0 rethrow=0 return_oop=0}
                      ; - jdk.internal.reflect.DirectMethodHandleAccessor::invoke@17
  0x000001a029466180: 7c44 0000 

  0x000001a029466184: ;   {other}
  0x000001a029466184: 0f1f 8400 | 7407 0001 | 488b 9424 | b000 0000 

  0x000001a029466194: ;   {metadata(method data for {method} {0x000001a03c19cf00} 'invoke' '(Ljava/lang/Object;[Ljava/lang/Object;)Ljava/lang/Object;' in 'jdk/internal/reflect/DirectMethodHandleAccessor')}
  0x000001a029466194: 488b f248 | bfe0 519b | 51a0 0100 | 0048 8387 | b001 0000 

  0x000001a0294661a8: ;   {metadata(method data for {method} {0x000001a03c3c8518} 'invokeImpl' '(Ljava/lang/Object;[Ljava/lang/Object;)Ljava/lang/Object;' in 'jdk/internal/reflect/DirectMethodHandleAccessor')}
  0x000001a0294661a8: 0148 be70 | 599b 51a0 | 0100 008b | becc 0000 | 0083 c702 | 89be cc00 | 0000 81e7 | feff 1f00 
  0x000001a0294661c8: 85ff 0f84 | 1621 0000 

  0x000001a0294661d0: ;   {metadata(method data for {method} {0x000001a03c3c8518} 'invokeImpl' '(Ljava/lang/Object;[Ljava/lang/Object;)Ljava/lang/Object;' in 'jdk/internal/reflect/DirectMethodHandleAccessor')}
  0x000001a0294661d0: 8b72 0c48 | bf70 599b | 51a0 0100 | 0048 c7c3 | 1801 0000 | 85f6 488b | c348 c7c3 | 2801 0000 
  0x000001a0294661f0: 480f 45d8 | 83fe 0148 | 8bc3 48c7 | c338 0100 | 0048 0f45 | d883 fe02 | 488b c348 | c7c3 4801 
  0x000001a029466210: 0000 480f | 45d8 83fe | 0348 8bc3 | 48c7 c358 | 0100 0048 | 0f45 d848 | 8b04 1f49 | c7c2 0100 
  0x000001a029466230: 0000 4903 | c248 8904 | 1f85 f60f | 8491 1500 | 0083 fe01 | 0f84 6011 | 0000 83fe | 020f 84cf 
  0x000001a029466250: 0a00 0083 | fe03 0f84 | fe03 0000 | 4c8b 8424 | c000 0000 | 8b72 1848 | 89b4 24c8 

  0x000001a02946626c: ;   {metadata(method data for {method} {0x000001a03c3c8518} 'invokeImpl' '(Ljava/lang/Object;[Ljava/lang/Object;)Ljava/lang/Object;' in 'jdk/internal/reflect/DirectMethodHandleAccessor')}
  0x000001a02946626c: 0000 0048 | bf70 599b | 51a0 0100 | 0048 8dbf | 9803 0000 | 4d85 c075 | 0ef6 4708 | 0175 53f0 
  0x000001a02946628c: 4883 4f08 | 01eb 4b41 | 8b58 0849 | ba00 0000 | 3ca0 0100 | 0049 03da | 4c8b d348 | 335f 0848 
  0x000001a0294662ac: f7c3 fcff | ffff 742a | f6c3 0275 | 2548 f747 | 08fe ffff | ff74 1749 | 8bda 4833 | 5f08 48f7 
  0x000001a0294662cc: c3fc ffff | ff74 0b48 | 834f 0802 | eb04 4889 

  0x000001a0294662dc: ;   {metadata(method data for {method} {0x000001a03c0ae518} 'invokeExact_MT' '(Ljava/lang/Object;Ljava/lang/Object;Ljava/lang/Object;Ljava/lang/Object;)Ljava/lang/Object;' in 'java/lang/invoke/Invokers$Holder')}
  0x000001a0294662dc: 5f08 48bf | 3869 9751 | a001 0000 | 488d bfb8 | 0200 0048 | 85f6 750a | f607 0175 | 05f0 4883 
  0x000001a0294662fc: 0f01 4d85 | c075 0cf6 | 4710 0175 | 06f0 4883 

  0x000001a02946630c: ;   {metadata(method data for {method} {0x000001a03c3c8518} 'invokeImpl' '(Ljava/lang/Object;[Ljava/lang/Object;)Ljava/lang/Object;' in 'jdk/internal/reflect/DirectMethodHandleAccessor')}
  0x000001a02946630c: 4f10 0148 | bf70 599b | 51a0 0100 | 0048 8387 | 6003 0000 

  0x000001a029466320: ;   {metadata(method data for {method} {0x000001a03c0ae518} 'invokeExact_MT' '(Ljava/lang/Object;Ljava/lang/Object;Ljava/lang/Object;Ljava/lang/Object;)Ljava/lang/Object;' in 'java/lang/invoke/Invokers$Holder')}
  0x000001a029466320: 0148 bf38 | 6997 51a0 | 0100 008b | 9fcc 0000 | 0083 c302 | 899f cc00 | 0000 81e3 | feff 1f00 
  0x000001a029466340: 85db 0f84 | bf1f 0000 

  0x000001a029466348: ;   {metadata(method data for {method} {0x000001a03c0ae518} 'invokeExact_MT' '(Ljava/lang/Object;Ljava/lang/Object;Ljava/lang/Object;Ljava/lang/Object;)Ljava/lang/Object;' in 'java/lang/invoke/Invokers$Holder')}
  0x000001a029466348: 48bf 3869 | 9751 a001 | 0000 488d | bf90 0100 | 0048 85f6 | 750c f647 | 0801 7506 | f048 834f 
  0x000001a029466368: ;   {oop(a 'java/lang/invoke/MethodType'{0x00000000ee4d1668} = (Ljava/lang/Object;[Ljava/lang/Object;)Ljava/lang/Object;)}
  0x000001a029466368: 0801 48bb | 6816 4dee | 0000 0000 | 4885 db75 | 0cf6 4718 | 0175 06f0 | 4883 4f18 

  0x000001a029466384: ;   {metadata(method data for {method} {0x000001a03c0ae518} 'invokeExact_MT' '(Ljava/lang/Object;Ljava/lang/Object;Ljava/lang/Object;Ljava/lang/Object;)Ljava/lang/Object;' in 'java/lang/invoke/Invokers$Holder')}
  0x000001a029466384: 0148 bf38 | 6997 51a0 | 0100 0048 | 8387 8001 

  0x000001a029466394: ;   {metadata(method data for {method} {0x000001a03c3dc408} 'checkExactType' '(Ljava/lang/invoke/MethodHandle;Ljava/lang/invoke/MethodType;)V' in 'java/lang/invoke/Invokers')}
  0x000001a029466394: 0000 0148 | bfb0 be1f | 51a0 0100 | 008b 87cc | 0000 0083 | c002 8987 | cc00 0000 | 25fe ff1f 
  0x000001a0294663b4: 0085 c00f | 846b 1f00 | 0048 3b06 

  0x000001a0294663c0: ;   {metadata(method data for {method} {0x000001a03c3dc408} 'checkExactType' '(Ljava/lang/invoke/MethodHandle;Ljava/lang/invoke/MethodType;)V' in 'java/lang/invoke/Invokers')}
  0x000001a0294663c0: 488b fe48 | b8b0 be1f | 51a0 0100 | 008b 7f08 | 49ba 0000 | 003c a001 | 0000 4903 | fa48 3bb8 
  0x000001a0294663e0: 2001 0000 | 750d 4883 | 8028 0100 | 0001 e960 | 0000 0048 | 3bb8 3001 | 0000 750d | 4883 8038 
  0x000001a029466400: 0100 0001 | e94a 0000 | 0048 83b8 | 2001 0000 | 0075 1748 | 89b8 2001 | 0000 48c7 | 8028 0100 
  0x000001a029466420: 0001 0000 | 00e9 2900 | 0000 4883 | b830 0100 | 0000 7517 | 4889 b830 | 0100 0048 | c780 3801 
  0x000001a029466440: 0000 0100 | 0000 e908 | 0000 0048 | 8380 1001 | 0000 018b | 7e10 483b 

  0x000001a029466458: ;   {metadata(method data for {method} {0x000001a03c3dc408} 'checkExactType' '(Ljava/lang/invoke/MethodHandle;Ljava/lang/invoke/MethodType;)V' in 'java/lang/invoke/Invokers')}
  0x000001a029466458: fb48 bbb0 | be1f 51a0 | 0100 0048 | c7c0 5801 | 0000 7507 | 48c7 c048 | 0100 0048 | 8b0c 0348 
  0x000001a029466478: 8d49 0148 | 890c 030f | 852a 1800 

  0x000001a029466484: ;   {metadata(method data for {method} {0x000001a03c0ae518} 'invokeExact_MT' '(Ljava/lang/Object;Ljava/lang/Object;Ljava/lang/Object;Ljava/lang/Object;)Ljava/lang/Object;' in 'java/lang/invoke/Invokers$Holder')}
  0x000001a029466484: 0048 bf38 | 6997 51a0 | 0100 0048 | 8387 b801 

  0x000001a029466494: ;   {metadata(method data for {method} {0x000001a03c3dc300} 'checkCustomized' '(Ljava/lang/invoke/MethodHandle;)V' in 'java/lang/invoke/Invokers')}
  0x000001a029466494: 0000 0148 | bf78 b31f | 51a0 0100 | 008b 9fcc | 0000 0083 | c302 899f | cc00 0000 | 81e3 feff 
  0x000001a0294664b4: 1f00 85db | 0f84 901e 

  0x000001a0294664bc: ;   {metadata(method data for {method} {0x000001a03c3dc300} 'checkCustomized' '(Ljava/lang/invoke/MethodHandle;)V' in 'java/lang/invoke/Invokers')}
  0x000001a0294664bc: 0000 48bf | 78b3 1f51 | a001 0000 | 4883 8710 | 0100 0001 

  0x000001a0294664d0: ;   {metadata(method data for {method} {0x000001a03c0944d8} 'isCompileConstant' '(Ljava/lang/Object;)Z' in 'java/lang/invoke/MethodHandleImpl')}
  0x000001a0294664d0: 48bf 28b5 | 1f51 a001 | 0000 8b9f | cc00 0000 | 83c3 0289 | 9fcc 0000 | 0081 e3fe | ff1f 0085 
  0x000001a0294664f0: db0f 8478 

  0x000001a0294664f4: ;   {metadata(method data for {method} {0x000001a03c3dc300} 'checkCustomized' '(Ljava/lang/invoke/MethodHandle;)V' in 'java/lang/invoke/Invokers')}
  0x000001a0294664f4: 1e00 0048 | bf78 b31f | 51a0 0100 | 00ff 8720 | 0100 008b | 7e14 8b7f | 1c48 85ff 

  0x000001a029466510: ;   {metadata(method data for {method} {0x000001a03c3dc300} 'checkCustomized' '(Ljava/lang/invoke/MethodHandle;)V' in 'java/lang/invoke/Invokers')}
  0x000001a029466510: 48bf 78b3 | 1f51 a001 | 0000 48c7 | c340 0100 | 0075 0748 | c7c3 5001 | 0000 488b | 041f 488d 
  0x000001a029466530: 4001 4889 | 041f 0f85 | 2800 0000 

  0x000001a02946653c: ;   {metadata(method data for {method} {0x000001a03c3dc300} 'checkCustomized' '(Ljava/lang/invoke/MethodHandle;)V' in 'java/lang/invoke/Invokers')}
  0x000001a02946653c: 48bf 78b3 | 1f51 a001 | 0000 4883 | 8760 0100 | 0001 488b | d666 0f1f 

  0x000001a029466554: ;   {static_call}
  0x000001a029466554: 4400 00e8 

  0x000001a029466558: ; ImmutableOopMap {[176]=Oop [184]=Oop [192]=Oop [200]=Oop }
                      ;*invokestatic maybeCustomize {reexecute=0 rethrow=0 return_oop=0}
                      ; - java.lang.invoke.Invokers::checkCustomized@19
                      ; - java.lang.invoke.Invokers$Holder::invokeExact_MT@14
                      ; - jdk.internal.reflect.DirectMethodHandleAccessor::invokeImpl@104
                      ; - jdk.internal.reflect.DirectMethodHandleAccessor::invoke@23
  0x000001a029466558: e4ce deff 

  0x000001a02946655c: ;   {other}
  0x000001a02946655c: 0f1f 8400 | 4c0b 0002 | 4c8b 8c24 | b800 0000 | 4c8b 8424 | c000 0000 

  0x000001a029466574: ;   {metadata(method data for {method} {0x000001a03c0ae518} 'invokeExact_MT' '(Ljava/lang/Object;Ljava/lang/Object;Ljava/lang/Object;Ljava/lang/Object;)Ljava/lang/Object;' in 'java/lang/invoke/Invokers$Holder')}
  0x000001a029466574: 48ba 3869 | 9751 a001 | 0000 488d | 9218 0200 | 004d 85c0 | 750c f642 | 0801 7506 | f048 834a 
  0x000001a029466594: 0801 4d85 | c975 0cf6 | 4218 0175 | 06f0 4883 | 4a18 0148 | 8bb4 24c8 

  0x000001a0294665ac: ;   {metadata(method data for {method} {0x000001a03c0ae518} 'invokeExact_MT' '(Ljava/lang/Object;Ljava/lang/Object;Ljava/lang/Object;Ljava/lang/Object;)Ljava/lang/Object;' in 'java/lang/invoke/Invokers$Holder')}
  0x000001a0294665ac: 0000 0048 | ba38 6997 | 51a0 0100 | 0048 8382 | e001 0000 | 0148 8b94 | 24c8 0000 | 0066 0f1f 
  0x000001a0294665cc: ;   {optimized virtual_call}
  0x000001a0294665cc: 4400 00e8 

  0x000001a0294665d0: ; ImmutableOopMap {[176]=Oop }
                      ;*invokevirtual invokeBasic {reexecute=0 rethrow=0 return_oop=0}
                      ; - java.lang.invoke.Invokers$Holder::invokeExact_MT@20
                      ; - jdk.internal.reflect.DirectMethodHandleAccessor::invokeImpl@104
                      ; - jdk.internal.reflect.DirectMethodHandleAccessor::invoke@23
  0x000001a0294665d0: 2cbf 5f07 

  0x000001a0294665d4: ;   {other}
  0x000001a0294665d4: 0f1f 8400 | c40b 0003 

  0x000001a0294665dc: ;   {metadata(method data for {method} {0x000001a03c3c8518} 'invokeImpl' '(Ljava/lang/Object;[Ljava/lang/Object;)Ljava/lang/Object;' in 'jdk/internal/reflect/DirectMethodHandleAccessor')}
  0x000001a0294665dc: 48ba 7059 | 9b51 a001 | 0000 488d | 92b8 0300 | 0048 85c0 | 750c f602 | 0175 4df0 | 4883 0a01 
  0x000001a0294665fc: eb46 8b70 | 0849 ba00 | 0000 3ca0 | 0100 0049 | 03f2 4c8b | d648 3332 | 48f7 c6fc | ffff ff74 
  0x000001a02946661c: 2740 f6c6 | 0275 2148 | f702 feff | ffff 7415 | 498b f248 | 3332 48f7 | c6fc ffff | ff74 0948 
  0x000001a02946663c: 830a 02eb | 0348 8932 | 4881 c470 | 0100 005d 

  0x000001a02946664c: ;   {poll_return}
  0x000001a02946664c: 493b a750 | 0400 000f | 873c 1d00 | 00c3 4c8b | 8c24 b800 | 0000 4c8b | 8424 c000 | 0000 8b72 
  0x000001a02946666c: 1848 89b4 | 24d8 0000 | 0041 8379 | 0c00 0f86 | 351d 0000 | 418b 7910 | 4889 bc24 | d000 0000 
  0x000001a02946668c: 4183 790c | 010f 8630 | 1d00 0041 | 8b59 1448 | 899c 24e0 | 0000 0041 | 8379 0c02 | 0f86 2b1d 
  0x000001a0294666ac: 0000 418b | 4118 4889 | 8424 e800 

  0x000001a0294666b8: ;   {metadata(method data for {method} {0x000001a03c3c8518} 'invokeImpl' '(Ljava/lang/Object;[Ljava/lang/Object;)Ljava/lang/Object;' in 'jdk/internal/reflect/DirectMethodHandleAccessor')}
  0x000001a0294666b8: 0000 48b9 | 7059 9b51 | a001 0000 | 488d 8918 | 0300 004d | 85c0 750e | f641 0801 | 7554 f048 
  0x000001a0294666d8: 8349 0801 | eb4c 458b | 4808 49ba | 0000 003c | a001 0000 | 4d03 ca4d | 8bd1 4c33 | 4908 49f7 
  0x000001a0294666f8: c1fc ffff | ff74 2b41 | f6c1 0275 | 2548 f741 | 08fe ffff | ff74 174d | 8bca 4c33 | 4908 49f7 
  0x000001a029466718: c1fc ffff | ff74 0b48 | 8349 0802 | eb04 4c89 

  0x000001a029466728: ;   {metadata(method data for {method} {0x000001a051706ab8} 'invokeExact_MT' '(Ljava/lang/Object;Ljava/lang/Object;Ljava/lang/Object;Ljava/lang/Object;Ljava/lang/Object;Ljava/lang/Object;)Ljava/lang/Object;' in 'java/lang/invoke/LambdaForm$MH+0x000001a03d0ee800')}
  0x000001a029466728: 4908 48b9 | 186d 7051 | a001 0000 | 488d 89c8 | 0200 0048 | 85f6 750c | f601 0175 | 4ef0 4883 
  0x000001a029466748: 0901 eb47 | 448b 4e08 | 49ba 0000 | 003c a001 | 0000 4d03 | ca4d 8bd1 | 4c33 0949 | f7c1 fcff 
  0x000001a029466768: ffff 7427 | 41f6 c102 | 7521 48f7 | 01fe ffff | ff74 154d | 8bca 4c33 | 0949 f7c1 | fcff ffff 
  0x000001a029466788: 7409 4883 | 0902 eb03 | 4c89 094d | 85c0 750e | f641 1001 | 7554 f048 | 8349 1001 | eb4c 458b 
  0x000001a0294667a8: 4808 49ba | 0000 003c | a001 0000 | 4d03 ca4d | 8bd1 4c33 | 4910 49f7 | c1fc ffff | ff74 2b41 
  0x000001a0294667c8: f6c1 0275 | 2548 f741 | 10fe ffff | ff74 174d | 8bca 4c33 | 4910 49f7 | c1fc ffff | ff74 0b48 
  0x000001a0294667e8: 8349 1002 | eb04 4c89 

  0x000001a0294667f0: ;   {metadata(method data for {method} {0x000001a03c3c8518} 'invokeImpl' '(Ljava/lang/Object;[Ljava/lang/Object;)Ljava/lang/Object;' in 'jdk/internal/reflect/DirectMethodHandleAccessor')}
  0x000001a0294667f0: 4910 48b9 | 7059 9b51 | a001 0000 | 4883 81e0 | 0200 0001 

  0x000001a029466804: ;   {metadata(method data for {method} {0x000001a051706ab8} 'invokeExact_MT' '(Ljava/lang/Object;Ljava/lang/Object;Ljava/lang/Object;Ljava/lang/Object;Ljava/lang/Object;Ljava/lang/Object;)Ljava/lang/Object;' in 'java/lang/invoke/LambdaForm$MH+0x000001a03d0ee800')}
  0x000001a029466804: 48b9 186d | 7051 a001 | 0000 448b | 89cc 0000 | 0041 83c1 | 0244 8989 | cc00 0000 | 4181 e1fe 
  0x000001a029466824: ff1f 0045 | 85c9 0f84 | bb1b 0000 

  0x000001a029466830: ;   {metadata(method data for {method} {0x000001a051706ab8} 'invokeExact_MT' '(Ljava/lang/Object;Ljava/lang/Object;Ljava/lang/Object;Ljava/lang/Object;Ljava/lang/Object;Ljava/lang/Object;)Ljava/lang/Object;' in 'java/lang/invoke/LambdaForm$MH+0x000001a03d0ee800')}
  0x000001a029466830: 48b9 186d | 7051 a001 | 0000 488d | 8990 0100 | 0048 85f6 | 750e f641 | 0801 7554 | f048 8349 
  0x000001a029466850: 0801 eb4c | 448b 4e08 | 49ba 0000 | 003c a001 | 0000 4d03 | ca4d 8bd1 | 4c33 4908 | 49f7 c1fc 
  0x000001a029466870: ffff ff74 | 2b41 f6c1 | 0275 2548 | f741 08fe | ffff ff74 | 174d 8bca | 4c33 4908 | 49f7 c1fc 
  0x000001a029466890: ffff ff74 | 0b48 8349 | 0802 eb04 | 4c89 4908 

  0x000001a0294668a0: ;   {oop(a 'java/lang/invoke/MethodType'{0x00000000e0847980} = (Ljava/lang/Object;Ljava/lang/Object;Ljava/lang/Object;Ljava/lang/Object;)Ljava/lang/Object;)}
  0x000001a0294668a0: 49b9 8079 | 84e0 0000 | 0000 4d85 | c975 0cf6 | 4118 0175 | 06f0 4883 

  0x000001a0294668b8: ;   {metadata(method data for {method} {0x000001a051706ab8} 'invokeExact_MT' '(Ljava/lang/Object;Ljava/lang/Object;Ljava/lang/Object;Ljava/lang/Object;Ljava/lang/Object;Ljava/lang/Object;)Ljava/lang/Object;' in 'java/lang/invoke/LambdaForm$MH+0x000001a03d0ee800')}
  0x000001a0294668b8: 4918 0148 | b918 6d70 | 51a0 0100 | 0048 8381 | 8001 0000 

  0x000001a0294668cc: ;   {metadata(method data for {method} {0x000001a03c3dc408} 'checkExactType' '(Ljava/lang/invoke/MethodHandle;Ljava/lang/invoke/MethodType;)V' in 'java/lang/invoke/Invokers')}
  0x000001a0294668cc: 0148 b9b0 | be1f 51a0 | 0100 0044 | 8b99 cc00 | 0000 4183 | c302 4489 | 99cc 0000 | 0041 81e3 
  0x000001a0294668ec: feff 1f00 | 4585 db0f | 8413 1b00 | 0048 3b06 

  0x000001a0294668fc: ;   {metadata(method data for {method} {0x000001a03c3dc408} 'checkExactType' '(Ljava/lang/invoke/MethodHandle;Ljava/lang/invoke/MethodType;)V' in 'java/lang/invoke/Invokers')}
  0x000001a0294668fc: 488b ce49 | bbb0 be1f | 51a0 0100 | 008b 4908 | 49ba 0000 | 003c a001 | 0000 4903 | ca49 3b8b 
  0x000001a02946691c: 2001 0000 | 750d 4983 | 8328 0100 | 0001 e960 | 0000 0049 | 3b8b 3001 | 0000 750d | 4983 8338 
  0x000001a02946693c: 0100 0001 | e94a 0000 | 0049 83bb | 2001 0000 | 0075 1749 | 898b 2001 | 0000 49c7 | 8328 0100 
  0x000001a02946695c: 0001 0000 | 00e9 2900 | 0000 4983 | bb30 0100 | 0000 7517 | 4989 8b30 | 0100 0049 | c783 3801 
  0x000001a02946697c: 0000 0100 | 0000 e908 | 0000 0049 | 8383 1001 | 0000 018b | 4e10 493b 

  0x000001a029466994: ;   {metadata(method data for {method} {0x000001a03c3dc408} 'checkExactType' '(Ljava/lang/invoke/MethodHandle;Ljava/lang/invoke/MethodType;)V' in 'java/lang/invoke/Invokers')}
  0x000001a029466994: c949 b9b0 | be1f 51a0 | 0100 0049 | c7c3 5801 | 0000 7507 | 49c7 c348 | 0100 004f | 8b2c 194d 
  0x000001a0294669b4: 8d6d 014f | 892c 190f | 85ae 1200 

  0x000001a0294669c0: ;   {metadata(method data for {method} {0x000001a051706ab8} 'invokeExact_MT' '(Ljava/lang/Object;Ljava/lang/Object;Ljava/lang/Object;Ljava/lang/Object;Ljava/lang/Object;Ljava/lang/Object;)Ljava/lang/Object;' in 'java/lang/invoke/LambdaForm$MH+0x000001a03d0ee800')}
  0x000001a0294669c0: 0048 b918 | 6d70 51a0 | 0100 0048 | 8d89 c801 | 0000 448b | 4e08 49ba | 0000 003c | a001 0000 
  0x000001a0294669e0: 4d03 ca4d | 8bd1 4c33 | 4908 49f7 | c1fc ffff | ff74 2b41 | f6c1 0275 | 2548 f741 | 08fe ffff 
  0x000001a029466a00: ff74 174d | 8bca 4c33 | 4908 49f7 | c1fc ffff | ff74 0b48 | 8349 0802 | eb04 4c89 

  0x000001a029466a1c: ;   {metadata(method data for {method} {0x000001a051706ab8} 'invokeExact_MT' '(Ljava/lang/Object;Ljava/lang/Object;Ljava/lang/Object;Ljava/lang/Object;Ljava/lang/Object;Ljava/lang/Object;)Ljava/lang/Object;' in 'java/lang/invoke/LambdaForm$MH+0x000001a03d0ee800')}
  0x000001a029466a1c: 4908 48b9 | 186d 7051 | a001 0000 | 4883 81b8 | 0100 0001 

  0x000001a029466a30: ;   {metadata(method data for {method} {0x000001a03c3dc300} 'checkCustomized' '(Ljava/lang/invoke/MethodHandle;)V' in 'java/lang/invoke/Invokers')}
  0x000001a029466a30: 48b9 78b3 | 1f51 a001 | 0000 448b | 89cc 0000 | 0041 83c1 | 0244 8989 | cc00 0000 | 4181 e1fe 
  0x000001a029466a50: ff1f 0045 | 85c9 0f84 | d619 0000 

  0x000001a029466a5c: ;   {metadata(method data for {method} {0x000001a03c3dc300} 'checkCustomized' '(Ljava/lang/invoke/MethodHandle;)V' in 'java/lang/invoke/Invokers')}
  0x000001a029466a5c: 48b9 78b3 | 1f51 a001 | 0000 4883 | 8110 0100 

  0x000001a029466a6c: ;   {metadata(method data for {method} {0x000001a03c0944d8} 'isCompileConstant' '(Ljava/lang/Object;)Z' in 'java/lang/invoke/MethodHandleImpl')}
  0x000001a029466a6c: 0001 48b9 | 28b5 1f51 | a001 0000 | 448b 89cc | 0000 0041 | 83c1 0244 | 8989 cc00 | 0000 4181 
  0x000001a029466a8c: e1fe ff1f | 0045 85c9 | 0f84 b919 

  0x000001a029466a98: ;   {metadata(method data for {method} {0x000001a03c3dc300} 'checkCustomized' '(Ljava/lang/invoke/MethodHandle;)V' in 'java/lang/invoke/Invokers')}
  0x000001a029466a98: 0000 48b9 | 78b3 1f51 | a001 0000 | ff81 2001 | 0000 8b4e | 148b 491c 

  0x000001a029466ab0: ;   {metadata(method data for {method} {0x000001a03c3dc300} 'checkCustomized' '(Ljava/lang/invoke/MethodHandle;)V' in 'java/lang/invoke/Invokers')}
  0x000001a029466ab0: 4885 c948 | b978 b31f | 51a0 0100 | 0049 c7c1 | 4001 0000 | 7507 49c7 | c150 0100 | 004e 8b1c 
  0x000001a029466ad0: 094d 8d5b | 014e 891c | 090f 8525 

  0x000001a029466adc: ;   {metadata(method data for {method} {0x000001a03c3dc300} 'checkCustomized' '(Ljava/lang/invoke/MethodHandle;)V' in 'java/lang/invoke/Invokers')}
  0x000001a029466adc: 0000 0048 | b978 b31f | 51a0 0100 | 0048 8381 | 6001 0000 | 0148 8bd6 

  0x000001a029466af4: ;   {static_call}
  0x000001a029466af4: 6666 90e8 

  0x000001a029466af8: ; ImmutableOopMap {[176]=Oop [192]=Oop [208]=Oop [216]=Oop [224]=Oop [232]=Oop }
                      ;*invokestatic maybeCustomize {reexecute=0 rethrow=0 return_oop=0}
                      ; - java.lang.invoke.Invokers::checkCustomized@19
                      ; - java.lang.invoke.LambdaForm$MH/0x000001a03d0ee800::invokeExact_MT@15
                      ; - jdk.internal.reflect.DirectMethodHandleAccessor::invokeImpl@92
                      ; - jdk.internal.reflect.DirectMethodHandleAccessor::invoke@23
  0x000001a029466af8: 44c9 deff 

  0x000001a029466afc: ;   {other}
  0x000001a029466afc: 0f1f 8400 | ec10 0004 | 488b bc24 | d000 0000 | 4c8b 8424 | c000 0000 

  0x000001a029466b14: ;   {metadata(method data for {method} {0x000001a051706ab8} 'invokeExact_MT' '(Ljava/lang/Object;Ljava/lang/Object;Ljava/lang/Object;Ljava/lang/Object;Ljava/lang/Object;Ljava/lang/Object;)Ljava/lang/Object;' in 'java/lang/invoke/LambdaForm$MH+0x000001a03d0ee800')}
  0x000001a029466b14: 49b9 186d | 7051 a001 | 0000 4d8d | 8918 0200 | 004d 85c0 | 750f 41f6 | 4108 0175 | 54f0 4983 
  0x000001a029466b34: 4908 01eb | 4c41 8b70 | 0849 ba00 | 0000 3ca0 | 0100 0049 | 03f2 4c8b | d649 3371 | 0848 f7c6 
  0x000001a029466b54: fcff ffff | 742b 40f6 | c602 7525 | 49f7 4108 | feff ffff | 7417 498b | f249 3371 | 0848 f7c6 
  0x000001a029466b74: fcff ffff | 740b 4983 | 4908 02eb | 0449 8971 | 0848 85ff | 750f 41f6 | 4118 0175 | 53f0 4983 
  0x000001a029466b94: 4918 01eb | 4b8b 7708 | 49ba 0000 | 003c a001 | 0000 4903 | f24c 8bd6 | 4933 7118 | 48f7 c6fc 
  0x000001a029466bb4: ffff ff74 | 2b40 f6c6 | 0275 2549 | f741 18fe | ffff ff74 | 1749 8bf2 | 4933 7118 | 48f7 c6fc 
  0x000001a029466bd4: ffff ff74 | 0b49 8349 | 1802 eb04 | 4989 7118 | 488b b424 | d800 0000 

  0x000001a029466bec: ;   {metadata(method data for {method} {0x000001a051706ab8} 'invokeExact_MT' '(Ljava/lang/Object;Ljava/lang/Object;Ljava/lang/Object;Ljava/lang/Object;Ljava/lang/Object;Ljava/lang/Object;)Ljava/lang/Object;' in 'java/lang/invoke/LambdaForm$MH+0x000001a03d0ee800')}
  0x000001a029466bec: 49b9 186d | 7051 a001 | 0000 4983 | 81e0 0100 | 0001 4c8b | cf48 8bbc | 24e0 0000 | 0048 8bb4 
  0x000001a029466c0c: 24e8 0000 | 0048 8b94 | 24d8 0000 | 0066 0f1f 

  0x000001a029466c1c: ;   {optimized virtual_call}
  0x000001a029466c1c: 4400 00e8 

  0x000001a029466c20: ; ImmutableOopMap {[176]=Oop }
                      ;*invokevirtual invokeBasic {reexecute=0 rethrow=0 return_oop=0}
                      ; - java.lang.invoke.LambdaForm$MH/0x000001a03d0ee800::invokeExact_MT@24
                      ; - jdk.internal.reflect.DirectMethodHandleAccessor::invokeImpl@92
                      ; - jdk.internal.reflect.DirectMethodHandleAccessor::invoke@23
  0x000001a029466c20: 5cca 5f07 

  0x000001a029466c24: ;   {other}
  0x000001a029466c24: 0f1f 8400 | 1412 0005 

  0x000001a029466c2c: ;   {metadata(method data for {method} {0x000001a051706ab8} 'invokeExact_MT' '(Ljava/lang/Object;Ljava/lang/Object;Ljava/lang/Object;Ljava/lang/Object;Ljava/lang/Object;Ljava/lang/Object;)Ljava/lang/Object;' in 'java/lang/invoke/LambdaForm$MH+0x000001a03d0ee800')}
  0x000001a029466c2c: 48ba 186d | 7051 a001 | 0000 488d | 9238 0200 | 0048 85c0 | 750c f602 | 0175 4df0 | 4883 0a01 
  0x000001a029466c4c: eb46 8b70 | 0849 ba00 | 0000 3ca0 | 0100 0049 | 03f2 4c8b | d648 3332 | 48f7 c6fc | ffff ff74 
  0x000001a029466c6c: 2740 f6c6 | 0275 2148 | f702 feff | ffff 7415 | 498b f248 | 3332 48f7 | c6fc ffff | ff74 0948 
  0x000001a029466c8c: 830a 02eb | 0348 8932 

  0x000001a029466c94: ;   {metadata(method data for {method} {0x000001a03c3c8518} 'invokeImpl' '(Ljava/lang/Object;[Ljava/lang/Object;)Ljava/lang/Object;' in 'jdk/internal/reflect/DirectMethodHandleAccessor')}
  0x000001a029466c94: 48ba 7059 | 9b51 a001 | 0000 488d | 9238 0300 | 0048 85c0 | 750c f602 | 0175 4df0 | 4883 0a01 
  0x000001a029466cb4: eb46 8b70 | 0849 ba00 | 0000 3ca0 | 0100 0049 | 03f2 4c8b | d648 3332 | 48f7 c6fc | ffff ff74 
  0x000001a029466cd4: 2740 f6c6 | 0275 2148 | f702 feff | ffff 7415 | 498b f248 | 3332 48f7 | c6fc ffff | ff74 0948 
  0x000001a029466cf4: 830a 02eb | 0348 8932 

  0x000001a029466cfc: ;   {metadata(method data for {method} {0x000001a03c3c8518} 'invokeImpl' '(Ljava/lang/Object;[Ljava/lang/Object;)Ljava/lang/Object;' in 'jdk/internal/reflect/DirectMethodHandleAccessor')}
  0x000001a029466cfc: 48ba 7059 | 9b51 a001 | 0000 ff82 | 4803 0000 | 4881 c470 | 0100 005d 

  0x000001a029466d14: ;   {poll_return}
  0x000001a029466d14: 493b a750 | 0400 000f | 8758 1700 | 00c3 4c8b | 8c24 b800 | 0000 4c8b | 8424 c000 | 0000 8b72 
  0x000001a029466d34: 1848 89b4 | 24f8 0000 | 0041 8379 | 0c00 0f86 | 5117 0000 | 418b 7910 | 4889 bc24 | f000 0000 
  0x000001a029466d54: 4183 790c | 010f 864c | 1700 0041 | 8b59 1448 | 899c 2400 

  0x000001a029466d68: ;   {metadata(method data for {method} {0x000001a03c3c8518} 'invokeImpl' '(Ljava/lang/Object;[Ljava/lang/Object;)Ljava/lang/Object;' in 'jdk/internal/reflect/DirectMethodHandleAccessor')}
  0x000001a029466d68: 0100 0048 | b870 599b | 51a0 0100 | 0048 8d80 | 9802 0000 | 4d85 c075 | 0ef6 4008 | 0175 53f0 
  0x000001a029466d88: 4883 4808 | 01eb 4b41 | 8b48 0849 | ba00 0000 | 3ca0 0100 | 0049 03ca | 4c8b d148 | 3348 0848 
  0x000001a029466da8: f7c1 fcff | ffff 742a | f6c1 0275 | 2548 f740 | 08fe ffff | ff74 1749 | 8bca 4833 | 4808 48f7 
  0x000001a029466dc8: c1fc ffff | ff74 0b48 | 8348 0802 | eb04 4889 

  0x000001a029466dd8: ;   {metadata(method data for {method} {0x000001a0514052b8} 'invokeExact_MT' '(Ljava/lang/Object;Ljava/lang/Object;Ljava/lang/Object;Ljava/lang/Object;Ljava/lang/Object;)Ljava/lang/Object;' in 'java/lang/invoke/LambdaForm$MH+0x000001a03d002800')}
  0x000001a029466dd8: 4808 48b8 | 1855 4051 | a001 0000 | 488d 80c0 | 0200 0048 | 85f6 750c | f600 0175 | 4cf0 4883 
  0x000001a029466df8: 0801 eb45 | 8b4e 0849 | ba00 0000 | 3ca0 0100 | 0049 03ca | 4c8b d148 | 3308 48f7 | c1fc ffff 
  0x000001a029466e18: ff74 26f6 | c102 7521 | 48f7 00fe | ffff ff74 | 1549 8bca | 4833 0848 | f7c1 fcff | ffff 7409 
  0x000001a029466e38: 4883 0802 | eb03 4889 | 084d 85c0 | 750e f640 | 1001 7553 | f048 8348 | 1001 eb4b | 418b 4808 
  0x000001a029466e58: 49ba 0000 | 003c a001 | 0000 4903 | ca4c 8bd1 | 4833 4810 | 48f7 c1fc | ffff ff74 | 2af6 c102 
  0x000001a029466e78: 7525 48f7 | 4010 feff | ffff 7417 | 498b ca48 | 3348 1048 | f7c1 fcff | ffff 740b | 4883 4810 
  0x000001a029466e98: 02eb 0448 

  0x000001a029466e9c: ;   {metadata(method data for {method} {0x000001a03c3c8518} 'invokeImpl' '(Ljava/lang/Object;[Ljava/lang/Object;)Ljava/lang/Object;' in 'jdk/internal/reflect/DirectMethodHandleAccessor')}
  0x000001a029466e9c: 8948 1048 | b870 599b | 51a0 0100 | 0048 8380 | 6002 0000 

  0x000001a029466eb0: ;   {metadata(method data for {method} {0x000001a0514052b8} 'invokeExact_MT' '(Ljava/lang/Object;Ljava/lang/Object;Ljava/lang/Object;Ljava/lang/Object;Ljava/lang/Object;)Ljava/lang/Object;' in 'java/lang/invoke/LambdaForm$MH+0x000001a03d002800')}
  0x000001a029466eb0: 0148 b818 | 5540 51a0 | 0100 008b | 88cc 0000 | 0083 c102 | 8988 cc00 | 0000 81e1 | feff 1f00 
  0x000001a029466ed0: 85c9 0f84 | e515 0000 

  0x000001a029466ed8: ;   {metadata(method data for {method} {0x000001a0514052b8} 'invokeExact_MT' '(Ljava/lang/Object;Ljava/lang/Object;Ljava/lang/Object;Ljava/lang/Object;Ljava/lang/Object;)Ljava/lang/Object;' in 'java/lang/invoke/LambdaForm$MH+0x000001a03d002800')}
  0x000001a029466ed8: 48b8 1855 | 4051 a001 | 0000 488d | 8090 0100 | 0048 85f6 | 750e f640 | 0801 7552 | f048 8348 
  0x000001a029466ef8: 0801 eb4a | 8b4e 0849 | ba00 0000 | 3ca0 0100 | 0049 03ca | 4c8b d148 | 3348 0848 | f7c1 fcff 
  0x000001a029466f18: ffff 742a | f6c1 0275 | 2548 f740 | 08fe ffff | ff74 1749 | 8bca 4833 | 4808 48f7 | c1fc ffff 
  0x000001a029466f38: ff74 0b48 | 8348 0802 | eb04 4889 

  0x000001a029466f44: ;   {oop(a 'java/lang/invoke/MethodType'{0x00000000e082f220} = (Ljava/lang/Object;Ljava/lang/Object;Ljava/lang/Object;)Ljava/lang/Object;)}
  0x000001a029466f44: 4808 48b9 | 20f2 82e0 | 0000 0000 | 4885 c975 | 0cf6 4018 | 0175 06f0 | 4883 4818 

  0x000001a029466f60: ;   {metadata(method data for {method} {0x000001a0514052b8} 'invokeExact_MT' '(Ljava/lang/Object;Ljava/lang/Object;Ljava/lang/Object;Ljava/lang/Object;Ljava/lang/Object;)Ljava/lang/Object;' in 'java/lang/invoke/LambdaForm$MH+0x000001a03d002800')}
  0x000001a029466f60: 0148 b818 | 5540 51a0 | 0100 0048 | 8380 8001 

  0x000001a029466f70: ;   {metadata(method data for {method} {0x000001a03c3dc408} 'checkExactType' '(Ljava/lang/invoke/MethodHandle;Ljava/lang/invoke/MethodType;)V' in 'java/lang/invoke/Invokers')}
  0x000001a029466f70: 0000 0148 | b8b0 be1f | 51a0 0100 | 0044 8b88 | cc00 0000 | 4183 c102 | 4489 88cc | 0000 0041 
  0x000001a029466f90: 81e1 feff | 1f00 4585 | c90f 843f | 1500 0048 | 3b06 488b 

  0x000001a029466fa4: ;   {metadata(method data for {method} {0x000001a03c3dc408} 'checkExactType' '(Ljava/lang/invoke/MethodHandle;Ljava/lang/invoke/MethodType;)V' in 'java/lang/invoke/Invokers')}
  0x000001a029466fa4: c649 b9b0 | be1f 51a0 | 0100 008b | 4008 49ba | 0000 003c | a001 0000 | 4903 c249 | 3b81 2001 
  0x000001a029466fc4: 0000 750d | 4983 8128 | 0100 0001 | e960 0000 | 0049 3b81 | 3001 0000 | 750d 4983 | 8138 0100 
  0x000001a029466fe4: 0001 e94a | 0000 0049 | 83b9 2001 | 0000 0075 | 1749 8981 | 2001 0000 | 49c7 8128 | 0100 0001 
  0x000001a029467004: 0000 00e9 | 2900 0000 | 4983 b930 | 0100 0000 | 7517 4989 | 8130 0100 | 0049 c781 | 3801 0000 
  0x000001a029467024: 0100 0000 | e908 0000 | 0049 8381 | 1001 0000 | 018b 4610 

  0x000001a029467038: ;   {metadata(method data for {method} {0x000001a03c3dc408} 'checkExactType' '(Ljava/lang/invoke/MethodHandle;Ljava/lang/invoke/MethodType;)V' in 'java/lang/invoke/Invokers')}
  0x000001a029467038: 483b c148 | b9b0 be1f | 51a0 0100 | 0049 c7c1 | 5801 0000 | 7507 49c7 | c148 0100 | 004e 8b1c 
  0x000001a029467058: 094d 8d5b | 014e 891c | 090f 85c8 

  0x000001a029467064: ;   {metadata(method data for {method} {0x000001a0514052b8} 'invokeExact_MT' '(Ljava/lang/Object;Ljava/lang/Object;Ljava/lang/Object;Ljava/lang/Object;Ljava/lang/Object;)Ljava/lang/Object;' in 'java/lang/invoke/LambdaForm$MH+0x000001a03d002800')}
  0x000001a029467064: 0b00 0048 | b818 5540 | 51a0 0100 | 0048 8d80 | c801 0000 | 8b4e 0849 | ba00 0000 | 3ca0 0100 
  0x000001a029467084: 0049 03ca | 4c8b d148 | 3348 0848 | f7c1 fcff | ffff 742a | f6c1 0275 | 2548 f740 | 08fe ffff 
  0x000001a0294670a4: ff74 1749 | 8bca 4833 | 4808 48f7 | c1fc ffff | ff74 0b48 | 8348 0802 | eb04 4889 

  0x000001a0294670c0: ;   {metadata(method data for {method} {0x000001a0514052b8} 'invokeExact_MT' '(Ljava/lang/Object;Ljava/lang/Object;Ljava/lang/Object;Ljava/lang/Object;Ljava/lang/Object;)Ljava/lang/Object;' in 'java/lang/invoke/LambdaForm$MH+0x000001a03d002800')}
  0x000001a0294670c0: 4808 48b8 | 1855 4051 | a001 0000 | 4883 80b8 | 0100 0001 

  0x000001a0294670d4: ;   {metadata(method data for {method} {0x000001a03c3dc300} 'checkCustomized' '(Ljava/lang/invoke/MethodHandle;)V' in 'java/lang/invoke/Invokers')}
  0x000001a0294670d4: 48b8 78b3 | 1f51 a001 | 0000 8b88 | cc00 0000 | 83c1 0289 | 88cc 0000 | 0081 e1fe | ff1f 0085 
  0x000001a0294670f4: c90f 8409 

  0x000001a0294670f8: ;   {metadata(method data for {method} {0x000001a03c3dc300} 'checkCustomized' '(Ljava/lang/invoke/MethodHandle;)V' in 'java/lang/invoke/Invokers')}
  0x000001a0294670f8: 1400 0048 | b878 b31f | 51a0 0100 | 0048 8380 | 1001 0000 

  0x000001a02946710c: ;   {metadata(method data for {method} {0x000001a03c0944d8} 'isCompileConstant' '(Ljava/lang/Object;)Z' in 'java/lang/invoke/MethodHandleImpl')}
  0x000001a02946710c: 0148 b828 | b51f 51a0 | 0100 008b | 88cc 0000 | 0083 c102 | 8988 cc00 | 0000 81e1 | feff 1f00 
  0x000001a02946712c: 85c9 0f84 | f113 0000 

  0x000001a029467134: ;   {metadata(method data for {method} {0x000001a03c3dc300} 'checkCustomized' '(Ljava/lang/invoke/MethodHandle;)V' in 'java/lang/invoke/Invokers')}
  0x000001a029467134: 48b8 78b3 | 1f51 a001 | 0000 ff80 | 2001 0000 | 8b46 148b | 401c 4885 

  0x000001a02946714c: ;   {metadata(method data for {method} {0x000001a03c3dc300} 'checkCustomized' '(Ljava/lang/invoke/MethodHandle;)V' in 'java/lang/invoke/Invokers')}
  0x000001a02946714c: c048 b878 | b31f 51a0 | 0100 0048 | c7c1 4001 | 0000 7507 | 48c7 c150 | 0100 004c | 8b0c 084d 
  0x000001a02946716c: 8d49 014c | 890c 080f | 8523 0000 

  0x000001a029467178: ;   {metadata(method data for {method} {0x000001a03c3dc300} 'checkCustomized' '(Ljava/lang/invoke/MethodHandle;)V' in 'java/lang/invoke/Invokers')}
  0x000001a029467178: 0048 b878 | b31f 51a0 | 0100 0048 | 8380 6001 | 0000 0148 

  0x000001a02946718c: ;   {static_call}
  0x000001a02946718c: 8bd6 90e8 

  0x000001a029467190: ; ImmutableOopMap {[176]=Oop [192]=Oop [240]=Oop [248]=Oop [256]=Oop }
                      ;*invokestatic maybeCustomize {reexecute=0 rethrow=0 return_oop=0}
                      ; - java.lang.invoke.Invokers::checkCustomized@19
                      ; - java.lang.invoke.LambdaForm$MH/0x000001a03d002800::invokeExact_MT@15
                      ; - jdk.internal.reflect.DirectMethodHandleAccessor::invokeImpl@72
                      ; - jdk.internal.reflect.DirectMethodHandleAccessor::invoke@23
  0x000001a029467190: acc2 deff 

  0x000001a029467194: ;   {other}
  0x000001a029467194: 0f1f 8400 | 8417 0006 | 488b bc24 | f000 0000 | 4c8b 8424 | c000 0000 

  0x000001a0294671ac: ;   {metadata(method data for {method} {0x000001a0514052b8} 'invokeExact_MT' '(Ljava/lang/Object;Ljava/lang/Object;Ljava/lang/Object;Ljava/lang/Object;Ljava/lang/Object;)Ljava/lang/Object;' in 'java/lang/invoke/LambdaForm$MH+0x000001a03d002800')}
  0x000001a0294671ac: 49b9 1855 | 4051 a001 | 0000 4d8d | 8918 0200 | 004d 85c0 | 750f 41f6 | 4108 0175 | 53f0 4983 
  0x000001a0294671cc: 4908 01eb | 4b41 8b50 | 0849 ba00 | 0000 3ca0 | 0100 0049 | 03d2 4c8b | d249 3351 | 0848 f7c2 
  0x000001a0294671ec: fcff ffff | 742a f6c2 | 0275 2549 | f741 08fe | ffff ff74 | 1749 8bd2 | 4933 5108 | 48f7 c2fc 
  0x000001a02946720c: ffff ff74 | 0b49 8349 | 0802 eb04 | 4989 5108 | 4885 ff75 | 0f41 f641 | 1801 7552 | f049 8349 
  0x000001a02946722c: 1801 eb4a | 8b57 0849 | ba00 0000 | 3ca0 0100 | 0049 03d2 | 4c8b d249 | 3351 1848 | f7c2 fcff 
  0x000001a02946724c: ffff 742a | f6c2 0275 | 2549 f741 | 18fe ffff | ff74 1749 | 8bd2 4933 | 5118 48f7 | c2fc ffff 
  0x000001a02946726c: ff74 0b49 | 8349 1802 | eb04 4989 | 5118 488b | b424 f800 

  0x000001a029467280: ;   {metadata(method data for {method} {0x000001a0514052b8} 'invokeExact_MT' '(Ljava/lang/Object;Ljava/lang/Object;Ljava/lang/Object;Ljava/lang/Object;Ljava/lang/Object;)Ljava/lang/Object;' in 'java/lang/invoke/LambdaForm$MH+0x000001a03d002800')}
  0x000001a029467280: 0000 49b9 | 1855 4051 | a001 0000 | 4983 81e0 | 0100 0001 | 4c8b cf48 | 8bbc 2400 | 0100 0048 
  0x000001a0294672a0: 8b94 24f8 

  0x000001a0294672a4: ;   {optimized virtual_call}
  0x000001a0294672a4: 0000 00e8 

  0x000001a0294672a8: ; ImmutableOopMap {[176]=Oop }
                      ;*invokevirtual invokeBasic {reexecute=0 rethrow=0 return_oop=0}
                      ; - java.lang.invoke.LambdaForm$MH/0x000001a03d002800::invokeExact_MT@22
                      ; - jdk.internal.reflect.DirectMethodHandleAccessor::invokeImpl@72
                      ; - jdk.internal.reflect.DirectMethodHandleAccessor::invoke@23
  0x000001a0294672a8: d4d7 5f07 

  0x000001a0294672ac: ;   {other}
  0x000001a0294672ac: 0f1f 8400 | 9c18 0007 

  0x000001a0294672b4: ;   {metadata(method data for {method} {0x000001a0514052b8} 'invokeExact_MT' '(Ljava/lang/Object;Ljava/lang/Object;Ljava/lang/Object;Ljava/lang/Object;Ljava/lang/Object;)Ljava/lang/Object;' in 'java/lang/invoke/LambdaForm$MH+0x000001a03d002800')}
  0x000001a0294672b4: 48ba 1855 | 4051 a001 | 0000 488d | 9238 0200 | 0048 85c0 | 750c f602 | 0175 4df0 | 4883 0a01 
  0x000001a0294672d4: eb46 8b70 | 0849 ba00 | 0000 3ca0 | 0100 0049 | 03f2 4c8b | d648 3332 | 48f7 c6fc | ffff ff74 
  0x000001a0294672f4: 2740 f6c6 | 0275 2148 | f702 feff | ffff 7415 | 498b f248 | 3332 48f7 | c6fc ffff | ff74 0948 
  0x000001a029467314: 830a 02eb | 0348 8932 

  0x000001a02946731c: ;   {metadata(method data for {method} {0x000001a03c3c8518} 'invokeImpl' '(Ljava/lang/Object;[Ljava/lang/Object;)Ljava/lang/Object;' in 'jdk/internal/reflect/DirectMethodHandleAccessor')}
  0x000001a02946731c: 48ba 7059 | 9b51 a001 | 0000 488d | 92b8 0200 | 0048 85c0 | 750c f602 | 0175 4df0 | 4883 0a01 
  0x000001a02946733c: eb46 8b70 | 0849 ba00 | 0000 3ca0 | 0100 0049 | 03f2 4c8b | d648 3332 | 48f7 c6fc | ffff ff74 
  0x000001a02946735c: 2740 f6c6 | 0275 2148 | f702 feff | ffff 7415 | 498b f248 | 3332 48f7 | c6fc ffff | ff74 0948 
  0x000001a02946737c: 830a 02eb | 0348 8932 

  0x000001a029467384: ;   {metadata(method data for {method} {0x000001a03c3c8518} 'invokeImpl' '(Ljava/lang/Object;[Ljava/lang/Object;)Ljava/lang/Object;' in 'jdk/internal/reflect/DirectMethodHandleAccessor')}
  0x000001a029467384: 48ba 7059 | 9b51 a001 | 0000 ff82 | c802 0000 | 4881 c470 | 0100 005d 

  0x000001a02946739c: ;   {poll_return}
  0x000001a02946739c: 493b a750 | 0400 000f | 87a2 1100 | 00c3 4c8b | 8c24 b800 | 0000 4c8b | 8424 c000 | 0000 8b72 
  0x000001a0294673bc: 1848 89b4 | 2410 0100 | 0041 8379 | 0c00 0f86 | 9b11 0000 | 418b 7910 | 4889 bc24 | 0801 0000 
  0x000001a0294673dc: ;   {metadata(method data for {method} {0x000001a03c3c8518} 'invokeImpl' '(Ljava/lang/Object;[Ljava/lang/Object;)Ljava/lang/Object;' in 'jdk/internal/reflect/DirectMethodHandleAccessor')}
  0x000001a0294673dc: 48bb 7059 | 9b51 a001 | 0000 488d | 9b18 0200 | 004d 85c0 | 750e f643 | 0801 7550 | f048 834b 
  0x000001a0294673fc: 0801 eb48 | 418b 4008 | 49ba 0000 | 003c a001 | 0000 4903 | c24c 8bd0 | 4833 4308 | 48a9 fcff 
  0x000001a02946741c: ffff 7428 | a802 7524 | 48f7 4308 | feff ffff | 7416 498b | c248 3343 | 0848 a9fc | ffff ff74 
  0x000001a02946743c: 0b48 834b | 0802 eb04 | 4889 4308 

  0x000001a029467448: ;   {metadata(method data for {method} {0x000001a03c0ae518} 'invokeExact_MT' '(Ljava/lang/Object;Ljava/lang/Object;Ljava/lang/Object;Ljava/lang/Object;)Ljava/lang/Object;' in 'java/lang/invoke/Invokers$Holder')}
  0x000001a029467448: 48bb 3869 | 9751 a001 | 0000 488d | 9bb8 0200 | 0048 85f6 | 750a f603 | 0175 05f0 | 4883 0b01 
  0x000001a029467468: 4d85 c075 | 0cf6 4310 | 0175 06f0 | 4883 4b10 

  0x000001a029467478: ;   {metadata(method data for {method} {0x000001a03c3c8518} 'invokeImpl' '(Ljava/lang/Object;[Ljava/lang/Object;)Ljava/lang/Object;' in 'jdk/internal/reflect/DirectMethodHandleAccessor')}
  0x000001a029467478: 0148 bb70 | 599b 51a0 | 0100 0048 | 8383 e001 

  0x000001a029467488: ;   {metadata(method data for {method} {0x000001a03c0ae518} 'invokeExact_MT' '(Ljava/lang/Object;Ljava/lang/Object;Ljava/lang/Object;Ljava/lang/Object;)Ljava/lang/Object;' in 'java/lang/invoke/Invokers$Holder')}
  0x000001a029467488: 0000 0148 | bb38 6997 | 51a0 0100 | 008b 83cc | 0000 0083 | c002 8983 | cc00 0000 | 25fe ff1f 
  0x000001a0294674a8: 0085 c00f | 84cc 1000 

  0x000001a0294674b0: ;   {metadata(method data for {method} {0x000001a03c0ae518} 'invokeExact_MT' '(Ljava/lang/Object;Ljava/lang/Object;Ljava/lang/Object;Ljava/lang/Object;)Ljava/lang/Object;' in 'java/lang/invoke/Invokers$Holder')}
  0x000001a0294674b0: 0048 bb38 | 6997 51a0 | 0100 0048 | 8d9b 9001 | 0000 4885 | f675 0cf6 | 4308 0175 | 06f0 4883 
  0x000001a0294674d0: ;   {oop(a 'java/lang/invoke/MethodType'{0x00000000e082f128} = (Ljava/lang/Object;Ljava/lang/Object;)Ljava/lang/Object;)}
  0x000001a0294674d0: 4b08 0148 | b828 f182 | e000 0000 | 0048 85c0 | 750c f643 | 1801 7506 | f048 834b 

  0x000001a0294674ec: ;   {metadata(method data for {method} {0x000001a03c0ae518} 'invokeExact_MT' '(Ljava/lang/Object;Ljava/lang/Object;Ljava/lang/Object;Ljava/lang/Object;)Ljava/lang/Object;' in 'java/lang/invoke/Invokers$Holder')}
  0x000001a0294674ec: 1801 48bb | 3869 9751 | a001 0000 | 4883 8380 | 0100 0001 

  0x000001a029467500: ;   {metadata(method data for {method} {0x000001a03c3dc408} 'checkExactType' '(Ljava/lang/invoke/MethodHandle;Ljava/lang/invoke/MethodType;)V' in 'java/lang/invoke/Invokers')}
  0x000001a029467500: 48bb b0be | 1f51 a001 | 0000 8b8b | cc00 0000 | 83c1 0289 | 8bcc 0000 | 0081 e1fe | ff1f 0085 
  0x000001a029467520: c90f 8477 | 1000 0048 | 3b06 488b 

  0x000001a02946752c: ;   {metadata(method data for {method} {0x000001a03c3dc408} 'checkExactType' '(Ljava/lang/invoke/MethodHandle;Ljava/lang/invoke/MethodType;)V' in 'java/lang/invoke/Invokers')}
  0x000001a02946752c: de48 b9b0 | be1f 51a0 | 0100 008b | 5b08 49ba | 0000 003c | a001 0000 | 4903 da48 | 3b99 2001 
  0x000001a02946754c: 0000 750d | 4883 8128 | 0100 0001 | e960 0000 | 0048 3b99 | 3001 0000 | 750d 4883 | 8138 0100 
  0x000001a02946756c: 0001 e94a | 0000 0048 | 83b9 2001 | 0000 0075 | 1748 8999 | 2001 0000 | 48c7 8128 | 0100 0001 
  0x000001a02946758c: 0000 00e9 | 2900 0000 | 4883 b930 | 0100 0000 | 7517 4889 | 9930 0100 | 0048 c781 | 3801 0000 
  0x000001a0294675ac: 0100 0000 | e908 0000 | 0048 8381 | 1001 0000 | 018b 5e10 

  0x000001a0294675c0: ;   {metadata(method data for {method} {0x000001a03c3dc408} 'checkExactType' '(Ljava/lang/invoke/MethodHandle;Ljava/lang/invoke/MethodType;)V' in 'java/lang/invoke/Invokers')}
  0x000001a0294675c0: 483b d848 | b8b0 be1f | 51a0 0100 | 0048 c7c1 | 5801 0000 | 7507 48c7 | c148 0100 | 004c 8b0c 
  0x000001a0294675e0: 084d 8d49 | 014c 890c | 080f 8500 

  0x000001a0294675ec: ;   {metadata(method data for {method} {0x000001a03c0ae518} 'invokeExact_MT' '(Ljava/lang/Object;Ljava/lang/Object;Ljava/lang/Object;Ljava/lang/Object;)Ljava/lang/Object;' in 'java/lang/invoke/Invokers$Holder')}
  0x000001a0294675ec: 0600 0048 | bb38 6997 | 51a0 0100 | 0048 8383 | b801 0000 

  0x000001a029467600: ;   {metadata(method data for {method} {0x000001a03c3dc300} 'checkCustomized' '(Ljava/lang/invoke/MethodHandle;)V' in 'java/lang/invoke/Invokers')}
  0x000001a029467600: 0148 bb78 | b31f 51a0 | 0100 008b | 83cc 0000 | 0083 c002 | 8983 cc00 | 0000 25fe | ff1f 0085 
  0x000001a029467620: c00f 849d 

  0x000001a029467624: ;   {metadata(method data for {method} {0x000001a03c3dc300} 'checkCustomized' '(Ljava/lang/invoke/MethodHandle;)V' in 'java/lang/invoke/Invokers')}
  0x000001a029467624: 0f00 0048 | bb78 b31f | 51a0 0100 | 0048 8383 | 1001 0000 

  0x000001a029467638: ;   {metadata(method data for {method} {0x000001a03c0944d8} 'isCompileConstant' '(Ljava/lang/Object;)Z' in 'java/lang/invoke/MethodHandleImpl')}
  0x000001a029467638: 0148 bb28 | b51f 51a0 | 0100 008b | 83cc 0000 | 0083 c002 | 8983 cc00 | 0000 25fe | ff1f 0085 
  0x000001a029467658: c00f 8486 

  0x000001a02946765c: ;   {metadata(method data for {method} {0x000001a03c3dc300} 'checkCustomized' '(Ljava/lang/invoke/MethodHandle;)V' in 'java/lang/invoke/Invokers')}
  0x000001a02946765c: 0f00 0048 | bb78 b31f | 51a0 0100 | 00ff 8320 | 0100 008b | 5e14 8b5b | 1c48 85db 

  0x000001a029467678: ;   {metadata(method data for {method} {0x000001a03c3dc300} 'checkCustomized' '(Ljava/lang/invoke/MethodHandle;)V' in 'java/lang/invoke/Invokers')}
  0x000001a029467678: 48bb 78b3 | 1f51 a001 | 0000 48c7 | c040 0100 | 0075 0748 | c7c0 5001 | 0000 488b | 0c03 488d 
  0x000001a029467698: 4901 4889 | 0c03 0f85 | 2800 0000 

  0x000001a0294676a4: ;   {metadata(method data for {method} {0x000001a03c3dc300} 'checkCustomized' '(Ljava/lang/invoke/MethodHandle;)V' in 'java/lang/invoke/Invokers')}
  0x000001a0294676a4: 48bb 78b3 | 1f51 a001 | 0000 4883 | 8360 0100 | 0001 488b | d666 0f1f 

  0x000001a0294676bc: ;   {static_call}
  0x000001a0294676bc: 4400 00e8 

  0x000001a0294676c0: ; ImmutableOopMap {[176]=Oop [192]=Oop [264]=Oop [272]=Oop }
                      ;*invokestatic maybeCustomize {reexecute=0 rethrow=0 return_oop=0}
                      ; - java.lang.invoke.Invokers::checkCustomized@19
                      ; - java.lang.invoke.Invokers$Holder::invokeExact_MT@14
                      ; - jdk.internal.reflect.DirectMethodHandleAccessor::invokeImpl@55
                      ; - jdk.internal.reflect.DirectMethodHandleAccessor::invoke@23
  0x000001a0294676c0: 7cbd deff 

  0x000001a0294676c4: ;   {other}
  0x000001a0294676c4: 0f1f 8400 | b41c 0008 | 488b bc24 | 0801 0000 | 4c8b 8424 | c000 0000 

  0x000001a0294676dc: ;   {metadata(method data for {method} {0x000001a03c0ae518} 'invokeExact_MT' '(Ljava/lang/Object;Ljava/lang/Object;Ljava/lang/Object;Ljava/lang/Object;)Ljava/lang/Object;' in 'java/lang/invoke/Invokers$Holder')}
  0x000001a0294676dc: 49b9 3869 | 9751 a001 | 0000 4d8d | 8918 0200 | 004d 85c0 | 750d 41f6 | 4108 0175 | 06f0 4983 
  0x000001a0294676fc: 4908 0148 | 85ff 750d | 41f6 4118 | 0175 06f0 | 4983 4918 | 0148 8bb4 | 2410 0100 

  0x000001a029467718: ;   {metadata(method data for {method} {0x000001a03c0ae518} 'invokeExact_MT' '(Ljava/lang/Object;Ljava/lang/Object;Ljava/lang/Object;Ljava/lang/Object;)Ljava/lang/Object;' in 'java/lang/invoke/Invokers$Holder')}
  0x000001a029467718: 0049 b938 | 6997 51a0 | 0100 0049 | 8381 e001 | 0000 014c | 8bcf 488b | 9424 1001 

  0x000001a029467734: ;   {optimized virtual_call}
  0x000001a029467734: 0000 90e8 

  0x000001a029467738: ; ImmutableOopMap {[176]=Oop }
                      ;*invokevirtual invokeBasic {reexecute=0 rethrow=0 return_oop=0}
                      ; - java.lang.invoke.Invokers$Holder::invokeExact_MT@20
                      ; - jdk.internal.reflect.DirectMethodHandleAccessor::invokeImpl@55
                      ; - jdk.internal.reflect.DirectMethodHandleAccessor::invoke@23
  0x000001a029467738: c4ad 5f07 

  0x000001a02946773c: ;   {other}
  0x000001a02946773c: 0f1f 8400 | 2c1d 0009 

  0x000001a029467744: ;   {metadata(method data for {method} {0x000001a03c3c8518} 'invokeImpl' '(Ljava/lang/Object;[Ljava/lang/Object;)Ljava/lang/Object;' in 'jdk/internal/reflect/DirectMethodHandleAccessor')}
  0x000001a029467744: 48ba 7059 | 9b51 a001 | 0000 488d | 9238 0200 | 0048 85c0 | 750c f602 | 0175 4df0 | 4883 0a01 
  0x000001a029467764: eb46 8b70 | 0849 ba00 | 0000 3ca0 | 0100 0049 | 03f2 4c8b | d648 3332 | 48f7 c6fc | ffff ff74 
  0x000001a029467784: 2740 f6c6 | 0275 2148 | f702 feff | ffff 7415 | 498b f248 | 3332 48f7 | c6fc ffff | ff74 0948 
  0x000001a0294677a4: 830a 02eb | 0348 8932 

  0x000001a0294677ac: ;   {metadata(method data for {method} {0x000001a03c3c8518} 'invokeImpl' '(Ljava/lang/Object;[Ljava/lang/Object;)Ljava/lang/Object;' in 'jdk/internal/reflect/DirectMethodHandleAccessor')}
  0x000001a0294677ac: 48ba 7059 | 9b51 a001 | 0000 ff82 | 4802 0000 | 4881 c470 | 0100 005d 

  0x000001a0294677c4: ;   {poll_return}
  0x000001a0294677c4: 493b a750 | 0400 000f | 873a 0e00 | 00c3 4c8b | 8424 c000 | 0000 8b72 | 1848 89b4 | 2418 0100 
  0x000001a0294677e4: ;   {metadata(method data for {method} {0x000001a03c3c8518} 'invokeImpl' '(Ljava/lang/Object;[Ljava/lang/Object;)Ljava/lang/Object;' in 'jdk/internal/reflect/DirectMethodHandleAccessor')}
  0x000001a0294677e4: 0048 bf70 | 599b 51a0 | 0100 0048 | 8dbf a801 | 0000 4d85 | c075 0ef6 | 4708 0175 | 53f0 4883 
  0x000001a029467804: 4f08 01eb | 4b41 8b58 | 0849 ba00 | 0000 3ca0 | 0100 0049 | 03da 4c8b | d348 335f | 0848 f7c3 
  0x000001a029467824: fcff ffff | 742a f6c3 | 0275 2548 | f747 08fe | ffff ff74 | 1749 8bda | 4833 5f08 | 48f7 c3fc 
  0x000001a029467844: ffff ff74 | 0b48 834f | 0802 eb04 | 4889 5f08 

  0x000001a029467854: ;   {metadata(method data for {method} {0x000001a03c0ae5c8} 'invokeExact_MT' '(Ljava/lang/Object;Ljava/lang/Object;Ljava/lang/Object;)Ljava/lang/Object;' in 'java/lang/invoke/Invokers$Holder')}
  0x000001a029467854: 48bf 3087 | 2051 a001 | 0000 488d | bfa0 0200 | 0048 85f6 | 750a f607 | 0175 05f0 | 4883 0f01 
  0x000001a029467874: ;   {metadata(method data for {method} {0x000001a03c3c8518} 'invokeImpl' '(Ljava/lang/Object;[Ljava/lang/Object;)Ljava/lang/Object;' in 'jdk/internal/reflect/DirectMethodHandleAccessor')}
  0x000001a029467874: 48bf 7059 | 9b51 a001 | 0000 4883 | 8770 0100 

  0x000001a029467884: ;   {metadata(method data for {method} {0x000001a03c0ae5c8} 'invokeExact_MT' '(Ljava/lang/Object;Ljava/lang/Object;Ljava/lang/Object;)Ljava/lang/Object;' in 'java/lang/invoke/Invokers$Holder')}
  0x000001a029467884: 0001 48bf | 3087 2051 | a001 0000 | 8b9f cc00 | 0000 83c3 | 0289 9fcc | 0000 0081 | e3fe ff1f 
  0x000001a0294678a4: 0085 db0f | 8474 0d00 

  0x000001a0294678ac: ;   {metadata(method data for {method} {0x000001a03c0ae5c8} 'invokeExact_MT' '(Ljava/lang/Object;Ljava/lang/Object;Ljava/lang/Object;)Ljava/lang/Object;' in 'java/lang/invoke/Invokers$Holder')}
  0x000001a0294678ac: 0048 bf30 | 8720 51a0 | 0100 0048 | 8dbf 9001 | 0000 4885 | f675 0cf6 | 4708 0175 | 06f0 4883 
  0x000001a0294678cc: ;   {oop(a 'java/lang/invoke/MethodType'{0x00000000e082f038} = (Ljava/lang/Object;)Ljava/lang/Object;)}
  0x000001a0294678cc: 4f08 0148 | bb38 f082 | e000 0000 | 0048 85db | 750c f647 | 1801 7506 | f048 834f 

  0x000001a0294678e8: ;   {metadata(method data for {method} {0x000001a03c0ae5c8} 'invokeExact_MT' '(Ljava/lang/Object;Ljava/lang/Object;Ljava/lang/Object;)Ljava/lang/Object;' in 'java/lang/invoke/Invokers$Holder')}
  0x000001a0294678e8: 1801 48bf | 3087 2051 | a001 0000 | 4883 8780 | 0100 0001 

  0x000001a0294678fc: ;   {metadata(method data for {method} {0x000001a03c3dc408} 'checkExactType' '(Ljava/lang/invoke/MethodHandle;Ljava/lang/invoke/MethodType;)V' in 'java/lang/invoke/Invokers')}
  0x000001a0294678fc: 48bf b0be | 1f51 a001 | 0000 8b87 | cc00 0000 | 83c0 0289 | 87cc 0000 | 0025 feff | 1f00 85c0 
  0x000001a02946791c: 0f84 200d | 0000 483b | 0648 8bfe 

  0x000001a029467928: ;   {metadata(method data for {method} {0x000001a03c3dc408} 'checkExactType' '(Ljava/lang/invoke/MethodHandle;Ljava/lang/invoke/MethodType;)V' in 'java/lang/invoke/Invokers')}
  0x000001a029467928: 48b8 b0be | 1f51 a001 | 0000 8b7f | 0849 ba00 | 0000 3ca0 | 0100 0049 | 03fa 483b | b820 0100 
  0x000001a029467948: 0075 0d48 | 8380 2801 | 0000 01e9 | 6000 0000 | 483b b830 | 0100 0075 | 0d48 8380 | 3801 0000 
  0x000001a029467968: 01e9 4a00 | 0000 4883 | b820 0100 | 0000 7517 | 4889 b820 | 0100 0048 | c780 2801 | 0000 0100 
  0x000001a029467988: 0000 e929 | 0000 0048 | 83b8 3001 | 0000 0075 | 1748 89b8 | 3001 0000 | 48c7 8038 | 0100 0001 
  0x000001a0294679a8: 0000 00e9 | 0800 0000 | 4883 8010 | 0100 0001 | 8b7e 1048 

  0x000001a0294679bc: ;   {metadata(method data for {method} {0x000001a03c3dc408} 'checkExactType' '(Ljava/lang/invoke/MethodHandle;Ljava/lang/invoke/MethodType;)V' in 'java/lang/invoke/Invokers')}
  0x000001a0294679bc: 3bfb 48bb | b0be 1f51 | a001 0000 | 48c7 c058 | 0100 0075 | 0748 c7c0 | 4801 0000 | 488b 0c03 
  0x000001a0294679dc: 488d 4901 | 4889 0c03 | 0f85 c101 

  0x000001a0294679e8: ;   {metadata(method data for {method} {0x000001a03c0ae5c8} 'invokeExact_MT' '(Ljava/lang/Object;Ljava/lang/Object;Ljava/lang/Object;)Ljava/lang/Object;' in 'java/lang/invoke/Invokers$Holder')}
  0x000001a0294679e8: 0000 48bf | 3087 2051 | a001 0000 | 4883 87b8 | 0100 0001 

  0x000001a0294679fc: ;   {metadata(method data for {method} {0x000001a03c3dc300} 'checkCustomized' '(Ljava/lang/invoke/MethodHandle;)V' in 'java/lang/invoke/Invokers')}
  0x000001a0294679fc: 48bf 78b3 | 1f51 a001 | 0000 8b9f | cc00 0000 | 83c3 0289 | 9fcc 0000 | 0081 e3fe | ff1f 0085 
  0x000001a029467a1c: db0f 8445 

  0x000001a029467a20: ;   {metadata(method data for {method} {0x000001a03c3dc300} 'checkCustomized' '(Ljava/lang/invoke/MethodHandle;)V' in 'java/lang/invoke/Invokers')}
  0x000001a029467a20: 0c00 0048 | bf78 b31f | 51a0 0100 | 0048 8387 | 1001 0000 

  0x000001a029467a34: ;   {metadata(method data for {method} {0x000001a03c0944d8} 'isCompileConstant' '(Ljava/lang/Object;)Z' in 'java/lang/invoke/MethodHandleImpl')}
  0x000001a029467a34: 0148 bf28 | b51f 51a0 | 0100 008b | 9fcc 0000 | 0083 c302 | 899f cc00 | 0000 81e3 | feff 1f00 
  0x000001a029467a54: 85db 0f84 | 2d0c 0000 

  0x000001a029467a5c: ;   {metadata(method data for {method} {0x000001a03c3dc300} 'checkCustomized' '(Ljava/lang/invoke/MethodHandle;)V' in 'java/lang/invoke/Invokers')}
  0x000001a029467a5c: 48bf 78b3 | 1f51 a001 | 0000 ff87 | 2001 0000 | 8b7e 148b | 7f1c 4885 

  0x000001a029467a74: ;   {metadata(method data for {method} {0x000001a03c3dc300} 'checkCustomized' '(Ljava/lang/invoke/MethodHandle;)V' in 'java/lang/invoke/Invokers')}
  0x000001a029467a74: ff48 bf78 | b31f 51a0 | 0100 0048 | c7c3 4001 | 0000 7507 | 48c7 c350 | 0100 0048 | 8b04 1f48 
  0x000001a029467a94: 8d40 0148 | 8904 1f0f | 8523 0000 

  0x000001a029467aa0: ;   {metadata(method data for {method} {0x000001a03c3dc300} 'checkCustomized' '(Ljava/lang/invoke/MethodHandle;)V' in 'java/lang/invoke/Invokers')}
  0x000001a029467aa0: 0048 bf78 | b31f 51a0 | 0100 0048 | 8387 6001 | 0000 0148 

  0x000001a029467ab4: ;   {static_call}
  0x000001a029467ab4: 8bd6 90e8 

  0x000001a029467ab8: ; ImmutableOopMap {[176]=Oop [192]=Oop [280]=Oop }
                      ;*invokestatic maybeCustomize {reexecute=0 rethrow=0 return_oop=0}
                      ; - java.lang.invoke.Invokers::checkCustomized@19
                      ; - java.lang.invoke.Invokers$Holder::invokeExact_MT@14
                      ; - jdk.internal.reflect.DirectMethodHandleAccessor::invokeImpl@41
                      ; - jdk.internal.reflect.DirectMethodHandleAccessor::invoke@23
  0x000001a029467ab8: 84b9 deff 

  0x000001a029467abc: ;   {other}
  0x000001a029467abc: 0f1f 8400 | ac20 000a | 488b b424 | 1801 0000 

  0x000001a029467acc: ;   {metadata(method data for {method} {0x000001a03c0ae5c8} 'invokeExact_MT' '(Ljava/lang/Object;Ljava/lang/Object;Ljava/lang/Object;)Ljava/lang/Object;' in 'java/lang/invoke/Invokers$Holder')}
  0x000001a029467acc: 49b8 3087 | 2051 a001 | 0000 4983 | 80e0 0100 | 0001 4c8b | 8424 c000 | 0000 488b | 9424 1801 
  0x000001a029467aec: ;   {optimized virtual_call}
  0x000001a029467aec: 0000 90e8 

  0x000001a029467af0: ; ImmutableOopMap {[176]=Oop }
                      ;*invokevirtual invokeBasic {reexecute=0 rethrow=0 return_oop=0}
                      ; - java.lang.invoke.Invokers$Holder::invokeExact_MT@19
                      ; - jdk.internal.reflect.DirectMethodHandleAccessor::invokeImpl@41
                      ; - jdk.internal.reflect.DirectMethodHandleAccessor::invoke@23
  0x000001a029467af0: 8cc5 5e07 

  0x000001a029467af4: ;   {other}
  0x000001a029467af4: 0f1f 8400 | e420 000b 

  0x000001a029467afc: ;   {metadata(method data for {method} {0x000001a03c0ae5c8} 'invokeExact_MT' '(Ljava/lang/Object;Ljava/lang/Object;Ljava/lang/Object;)Ljava/lang/Object;' in 'java/lang/invoke/Invokers$Holder')}
  0x000001a029467afc: 48ba 3087 | 2051 a001 | 0000 488d | 9228 0200 | 0048 85c0 | 750a f602 | 0175 05f0 | 4883 0a01 
  0x000001a029467b1c: ;   {metadata(method data for {method} {0x000001a03c3c8518} 'invokeImpl' '(Ljava/lang/Object;[Ljava/lang/Object;)Ljava/lang/Object;' in 'jdk/internal/reflect/DirectMethodHandleAccessor')}
  0x000001a029467b1c: 48ba 7059 | 9b51 a001 | 0000 488d | 92b8 0100 | 0048 85c0 | 750c f602 | 0175 4ef0 | 4883 0a01 
  0x000001a029467b3c: eb47 448b | 4008 49ba | 0000 003c | a001 0000 | 4d03 c24d | 8bd0 4c33 | 0249 f7c0 | fcff ffff 
  0x000001a029467b5c: 7427 41f6 | c002 7521 | 48f7 02fe | ffff ff74 | 154d 8bc2 | 4c33 0249 | f7c0 fcff | ffff 7409 
  0x000001a029467b7c: 4883 0a02 | eb03 4c89 

  0x000001a029467b84: ;   {metadata(method data for {method} {0x000001a03c3c8518} 'invokeImpl' '(Ljava/lang/Object;[Ljava/lang/Object;)Ljava/lang/Object;' in 'jdk/internal/reflect/DirectMethodHandleAccessor')}
  0x000001a029467b84: 0248 ba70 | 599b 51a0 | 0100 00ff | 82c8 0100 | 0048 81c4 | 7001 0000 

  0x000001a029467b9c: ;   {poll_return}
  0x000001a029467b9c: 5d49 3ba7 | 5004 0000 | 0f87 050b 

  0x000001a029467ba8: ;   {metadata(method data for {method} {0x000001a03c3dc408} 'checkExactType' '(Ljava/lang/invoke/MethodHandle;Ljava/lang/invoke/MethodType;)V' in 'java/lang/invoke/Invokers')}
  0x000001a029467ba8: 0000 c348 | bab0 be1f | 51a0 0100 | 0048 8382 | 6801 0000 

  0x000001a029467bbc: ;   {oop(a 'java/lang/invoke/MethodType'{0x00000000e082f038} = (Ljava/lang/Object;)Ljava/lang/Object;)}
  0x000001a029467bbc: 0149 b838 | f082 e000 | 0000 0048 | 8bd7 0f1f 

  0x000001a029467bcc: ;   {static_call}
  0x000001a029467bcc: 4400 00e8 

  0x000001a029467bd0: ; ImmutableOopMap {[176]=Oop [192]=Oop [280]=Oop }
                      ;*invokestatic newWrongMethodTypeException {reexecute=0 rethrow=0 return_oop=0}
                      ; - java.lang.invoke.Invokers::checkExactType@12
                      ; - java.lang.invoke.Invokers$Holder::invokeExact_MT@10
                      ; - jdk.internal.reflect.DirectMethodHandleAccessor::invokeImpl@41
                      ; - jdk.internal.reflect.DirectMethodHandleAccessor::invoke@23
  0x000001a029467bd0: ac74 0907 

  0x000001a029467bd4: ;   {other}
  0x000001a029467bd4: 0f1f 8400 | c421 000c 

  0x000001a029467bdc: ; implicit exception: dispatches to 0x000001a0294686c5
                      ; ImmutableOopMap {rax=Oop [176]=Oop [192]=Oop [280]=Oop }
                      ;*athrow {reexecute=1 rethrow=0 return_oop=0}
                      ; - (reexecute) java.lang.invoke.Invokers::checkExactType@15
                      ; - java.lang.invoke.Invokers$Holder::invokeExact_MT@10
                      ; - jdk.internal.reflect.DirectMethodHandleAccessor::invokeImpl@41
                      ; - jdk.internal.reflect.DirectMethodHandleAccessor::invoke@23
                      ;   {section_word}
  0x000001a029467bdc: 483b 0048 | badf 7b46 | 29a0 0100 

  0x000001a029467be8: ;   {runtime_call handle_exception_nofpu Runtime1 stub}
  0x000001a029467be8: 00e8 1245 

  0x000001a029467bec: ;   {metadata(method data for {method} {0x000001a03c3dc408} 'checkExactType' '(Ljava/lang/invoke/MethodHandle;Ljava/lang/invoke/MethodType;)V' in 'java/lang/invoke/Invokers')}
  0x000001a029467bec: 1507 9048 | bab0 be1f | 51a0 0100 | 0048 8382 | 6801 0000 

  0x000001a029467c00: ;   {oop(a 'java/lang/invoke/MethodType'{0x00000000e082f128} = (Ljava/lang/Object;Ljava/lang/Object;)Ljava/lang/Object;)}
  0x000001a029467c00: 0149 b828 | f182 e000 | 0000 0048 

  0x000001a029467c0c: ;   {static_call}
  0x000001a029467c0c: 8bd3 90e8 

  0x000001a029467c10: ; ImmutableOopMap {[176]=Oop [192]=Oop [264]=Oop [272]=Oop }
                      ;*invokestatic newWrongMethodTypeException {reexecute=0 rethrow=0 return_oop=0}
                      ; - java.lang.invoke.Invokers::checkExactType@12
                      ; - java.lang.invoke.Invokers$Holder::invokeExact_MT@10
                      ; - jdk.internal.reflect.DirectMethodHandleAccessor::invokeImpl@55
                      ; - jdk.internal.reflect.DirectMethodHandleAccessor::invoke@23
  0x000001a029467c10: 6c74 0907 

  0x000001a029467c14: ;   {other}
  0x000001a029467c14: 0f1f 8400 | 0422 000e 

  0x000001a029467c1c: ; implicit exception: dispatches to 0x000001a0294686ca
                      ; ImmutableOopMap {rax=Oop [176]=Oop [192]=Oop [264]=Oop [272]=Oop }
                      ;*athrow {reexecute=1 rethrow=0 return_oop=0}
                      ; - (reexecute) java.lang.invoke.Invokers::checkExactType@15
                      ; - java.lang.invoke.Invokers$Holder::invokeExact_MT@10
                      ; - jdk.internal.reflect.DirectMethodHandleAccessor::invokeImpl@55
                      ; - jdk.internal.reflect.DirectMethodHandleAccessor::invoke@23
                      ;   {section_word}
  0x000001a029467c1c: 483b 0048 | ba1f 7c46 | 29a0 0100 

  0x000001a029467c28: ;   {runtime_call handle_exception_nofpu Runtime1 stub}
  0x000001a029467c28: 00e8 d244 

  0x000001a029467c2c: ;   {metadata(method data for {method} {0x000001a03c3dc408} 'checkExactType' '(Ljava/lang/invoke/MethodHandle;Ljava/lang/invoke/MethodType;)V' in 'java/lang/invoke/Invokers')}
  0x000001a029467c2c: 1507 9048 | bab0 be1f | 51a0 0100 | 0048 8382 | 6801 0000 

  0x000001a029467c40: ;   {oop(a 'java/lang/invoke/MethodType'{0x00000000e082f220} = (Ljava/lang/Object;Ljava/lang/Object;Ljava/lang/Object;)Ljava/lang/Object;)}
  0x000001a029467c40: 0149 b820 | f282 e000 | 0000 0048 

  0x000001a029467c4c: ;   {static_call}
  0x000001a029467c4c: 8bd0 90e8 

  0x000001a029467c50: ; ImmutableOopMap {[176]=Oop [192]=Oop [240]=Oop [248]=Oop [256]=Oop }
                      ;*invokestatic newWrongMethodTypeException {reexecute=0 rethrow=0 return_oop=0}
                      ; - java.lang.invoke.Invokers::checkExactType@12
                      ; - java.lang.invoke.LambdaForm$MH/0x000001a03d002800::invokeExact_MT@11
                      ; - jdk.internal.reflect.DirectMethodHandleAccessor::invokeImpl@72
                      ; - jdk.internal.reflect.DirectMethodHandleAccessor::invoke@23
  0x000001a029467c50: 2c74 0907 

  0x000001a029467c54: ;   {other}
  0x000001a029467c54: 0f1f 8400 | 4422 0010 

  0x000001a029467c5c: ; implicit exception: dispatches to 0x000001a0294686cf
                      ; ImmutableOopMap {rax=Oop [176]=Oop [192]=Oop [240]=Oop [248]=Oop [256]=Oop }
                      ;*athrow {reexecute=1 rethrow=0 return_oop=0}
                      ; - (reexecute) java.lang.invoke.Invokers::checkExactType@15
                      ; - java.lang.invoke.LambdaForm$MH/0x000001a03d002800::invokeExact_MT@11
                      ; - jdk.internal.reflect.DirectMethodHandleAccessor::invokeImpl@72
                      ; - jdk.internal.reflect.DirectMethodHandleAccessor::invoke@23
                      ;   {section_word}
  0x000001a029467c5c: 483b 0048 | ba5f 7c46 | 29a0 0100 

  0x000001a029467c68: ;   {runtime_call handle_exception_nofpu Runtime1 stub}
  0x000001a029467c68: 00e8 9244 

  0x000001a029467c6c: ;   {metadata(method data for {method} {0x000001a03c3dc408} 'checkExactType' '(Ljava/lang/invoke/MethodHandle;Ljava/lang/invoke/MethodType;)V' in 'java/lang/invoke/Invokers')}
  0x000001a029467c6c: 1507 9048 | bab0 be1f | 51a0 0100 | 0048 8382 | 6801 0000 

  0x000001a029467c80: ;   {oop(a 'java/lang/invoke/MethodType'{0x00000000e0847980} = (Ljava/lang/Object;Ljava/lang/Object;Ljava/lang/Object;Ljava/lang/Object;)Ljava/lang/Object;)}
  0x000001a029467c80: 0149 b880 | 7984 e000 | 0000 0048 

  0x000001a029467c8c: ;   {static_call}
  0x000001a029467c8c: 8bd1 90e8 

  0x000001a029467c90: ; ImmutableOopMap {[176]=Oop [192]=Oop [208]=Oop [216]=Oop [224]=Oop [232]=Oop }
                      ;*invokestatic newWrongMethodTypeException {reexecute=0 rethrow=0 return_oop=0}
                      ; - java.lang.invoke.Invokers::checkExactType@12
                      ; - java.lang.invoke.LambdaForm$MH/0x000001a03d0ee800::invokeExact_MT@11
                      ; - jdk.internal.reflect.DirectMethodHandleAccessor::invokeImpl@92
                      ; - jdk.internal.reflect.DirectMethodHandleAccessor::invoke@23
  0x000001a029467c90: ec73 0907 

  0x000001a029467c94: ;   {other}
  0x000001a029467c94: 0f1f 8400 | 8422 0012 

  0x000001a029467c9c: ; implicit exception: dispatches to 0x000001a0294686d4
                      ; ImmutableOopMap {rax=Oop [176]=Oop [192]=Oop [208]=Oop [216]=Oop [224]=Oop [232]=Oop }
                      ;*athrow {reexecute=1 rethrow=0 return_oop=0}
                      ; - (reexecute) java.lang.invoke.Invokers::checkExactType@15
                      ; - java.lang.invoke.LambdaForm$MH/0x000001a03d0ee800::invokeExact_MT@11
                      ; - jdk.internal.reflect.DirectMethodHandleAccessor::invokeImpl@92
                      ; - jdk.internal.reflect.DirectMethodHandleAccessor::invoke@23
                      ;   {section_word}
  0x000001a029467c9c: 483b 0048 | ba9f 7c46 | 29a0 0100 

  0x000001a029467ca8: ;   {runtime_call handle_exception_nofpu Runtime1 stub}
  0x000001a029467ca8: 00e8 5244 

  0x000001a029467cac: ;   {metadata(method data for {method} {0x000001a03c3dc408} 'checkExactType' '(Ljava/lang/invoke/MethodHandle;Ljava/lang/invoke/MethodType;)V' in 'java/lang/invoke/Invokers')}
  0x000001a029467cac: 1507 9048 | bab0 be1f | 51a0 0100 | 0048 8382 | 6801 0000 

  0x000001a029467cc0: ;   {oop(a 'java/lang/invoke/MethodType'{0x00000000ee4d1668} = (Ljava/lang/Object;[Ljava/lang/Object;)Ljava/lang/Object;)}
  0x000001a029467cc0: 0149 b868 | 164d ee00 | 0000 0048 

  0x000001a029467ccc: ;   {static_call}
  0x000001a029467ccc: 8bd7 90e8 

  0x000001a029467cd0: ; ImmutableOopMap {[176]=Oop [184]=Oop [192]=Oop [200]=Oop }
                      ;*invokestatic newWrongMethodTypeException {reexecute=0 rethrow=0 return_oop=0}
                      ; - java.lang.invoke.Invokers::checkExactType@12
                      ; - java.lang.invoke.Invokers$Holder::invokeExact_MT@10
                      ; - jdk.internal.reflect.DirectMethodHandleAccessor::invokeImpl@104
                      ; - jdk.internal.reflect.DirectMethodHandleAccessor::invoke@23
  0x000001a029467cd0: ac73 0907 

  0x000001a029467cd4: ;   {other}
  0x000001a029467cd4: 0f1f 8400 | c422 0014 

  0x000001a029467cdc: ; implicit exception: dispatches to 0x000001a0294686d9
                      ; ImmutableOopMap {rax=Oop [176]=Oop [184]=Oop [192]=Oop [200]=Oop }
                      ;*athrow {reexecute=1 rethrow=0 return_oop=0}
                      ; - (reexecute) java.lang.invoke.Invokers::checkExactType@15
                      ; - java.lang.invoke.Invokers$Holder::invokeExact_MT@10
                      ; - jdk.internal.reflect.DirectMethodHandleAccessor::invokeImpl@104
                      ; - jdk.internal.reflect.DirectMethodHandleAccessor::invoke@23
                      ;   {section_word}
  0x000001a029467cdc: 483b 0048 | badf 7c46 | 29a0 0100 

  0x000001a029467ce8: ;   {runtime_call handle_exception_nofpu Runtime1 stub}
  0x000001a029467ce8: 00e8 1244 | 1507 9049 | 8b87 0005 | 0000 4d33 | d24d 8997 | 0005 0000 | 4d33 d24d | 8997 0805 
  0x000001a029467d08: 0000 488b | 9424 b000 

  0x000001a029467d10: ;   {metadata(method data for {method} {0x000001a03c19cf00} 'invoke' '(Ljava/lang/Object;[Ljava/lang/Object;)Ljava/lang/Object;' in 'jdk/internal/reflect/DirectMethodHandleAccessor')}
  0x000001a029467d10: 0000 49b8 | e051 9b51 | a001 0000 | 4983 8060 | 0200 0001 

  0x000001a029467d24: ;   {metadata(method data for {method} {0x000001a03c3c84c0} 'isIllegalArgument' '(Ljava/lang/RuntimeException;)Z' in 'jdk/internal/reflect/DirectMethodHandleAccessor')}
  0x000001a029467d24: 48ba 885d | 9b51 a001 | 0000 448b | 82cc 0000 | 0041 83c0 | 0244 8982 | cc00 0000 | 4181 e0fe 
  0x000001a029467d44: ff1f 0045 | 85c0 0f84 | 8e09 0000 

  0x000001a029467d50: ;   {oop(a 'java/lang/Class'{0x00000000e0777408} = 'jdk/internal/reflect/DirectMethodHandleAccessor')}
  0x000001a029467d50: 48ba 0874 | 77e0 0000 | 0000 4c8b | c048 8984 | 2420 0100 

  0x000001a029467d64: ;   {static_call}
  0x000001a029467d64: 0066 90e8 

  0x000001a029467d68: ; ImmutableOopMap {[288]=Oop }
                      ;*invokestatic isIllegalArgument {reexecute=0 rethrow=0 return_oop=0}
                      ; - jdk.internal.reflect.DirectMethodHandleAccessor::isIllegalArgument@3
                      ; - jdk.internal.reflect.DirectMethodHandleAccessor::invoke@58
  0x000001a029467d68: 1473 0907 

  0x000001a029467d6c: ;   {other}
  0x000001a029467d6c: 0f1f 8400 | 5c23 0016 | 83e0 0185 

  0x000001a029467d78: ;   {metadata(method data for {method} {0x000001a03c19cf00} 'invoke' '(Ljava/lang/Object;[Ljava/lang/Object;)Ljava/lang/Object;' in 'jdk/internal/reflect/DirectMethodHandleAccessor')}
  0x000001a029467d78: c048 b8e0 | 519b 51a0 | 0100 0048 | c7c2 9802 | 0000 7407 | 48c7 c2a8 | 0200 004c | 8b04 104d 
  0x000001a029467d98: 8d40 014c | 8904 100f | 84bc 0200 | 00e9 0f02 | 0000 498b | 8700 0500 | 004d 33d2 | 4d89 9700 
  0x000001a029467db8: 0500 004d | 33d2 4d89 | 9708 0500 | 0048 8b94 | 24b0 0000 

  0x000001a029467dcc: ;   {metadata(method data for {method} {0x000001a03c19cf00} 'invoke' '(Ljava/lang/Object;[Ljava/lang/Object;)Ljava/lang/Object;' in 'jdk/internal/reflect/DirectMethodHandleAccessor')}
  0x000001a029467dcc: 0049 b8e0 | 519b 51a0 | 0100 0049 | 8380 e801 

  0x000001a029467ddc: ;   {metadata(method data for {method} {0x000001a03c3c84c0} 'isIllegalArgument' '(Ljava/lang/RuntimeException;)Z' in 'jdk/internal/reflect/DirectMethodHandleAccessor')}
  0x000001a029467ddc: 0000 0148 | ba88 5d9b | 51a0 0100 | 0044 8b82 | cc00 0000 | 4183 c002 | 4489 82cc | 0000 0041 
  0x000001a029467dfc: 81e0 feff | 1f00 4585 | c00f 84f4 

  0x000001a029467e08: ;   {oop(a 'java/lang/Class'{0x00000000e0777408} = 'jdk/internal/reflect/DirectMethodHandleAccessor')}
  0x000001a029467e08: 0800 0048 | ba08 7477 | e000 0000 | 004c 8bc0 | 4889 8424 | 2801 0000 | 0f1f 8000 

  0x000001a029467e24: ;   {static_call}
  0x000001a029467e24: 0000 00e8 

  0x000001a029467e28: ; ImmutableOopMap {[296]=Oop }
                      ;*invokestatic isIllegalArgument {reexecute=0 rethrow=0 return_oop=0}
                      ; - jdk.internal.reflect.DirectMethodHandleAccessor::isIllegalArgument@3
                      ; - jdk.internal.reflect.DirectMethodHandleAccessor::invoke@30
  0x000001a029467e28: 5472 0907 

  0x000001a029467e2c: ;   {other}
  0x000001a029467e2c: 0f1f 8400 | 1c24 0017 | 83e0 0185 

  0x000001a029467e38: ;   {metadata(method data for {method} {0x000001a03c19cf00} 'invoke' '(Ljava/lang/Object;[Ljava/lang/Object;)Ljava/lang/Object;' in 'jdk/internal/reflect/DirectMethodHandleAccessor')}
  0x000001a029467e38: c048 bae0 | 519b 51a0 | 0100 0048 | c7c6 2002 | 0000 7407 | 48c7 c630 | 0200 0048 | 8b3c 3248 
  0x000001a029467e58: 8d7f 0148 | 893c 320f | 84a4 0000 | 0066 6690 

  0x000001a029467e68: ;   {no_reloc}
  0x000001a029467e68: e9c2 0800 | 0000 0000 | 0000 498b | 87b8 0100 | 0048 8d78 | 2849 3bbf | c801 0000 | 0f87 af08 
  0x000001a029467e88: 0000 4989 | bfb8 0100 | 0048 c700 | 0100 0000 | 488b ca49 | ba00 0000 | 3ca0 0100 | 0049 2bca 
  0x000001a029467ea8: 8948 0848 | 33c9 8948 | 0c48 33c9 | 4889 4810 | 4889 4818 | 4889 4820 

  0x000001a029467ec0: ;   {metadata(method data for {method} {0x000001a03c19cf00} 'invoke' '(Ljava/lang/Object;[Ljava/lang/Object;)Ljava/lang/Object;' in 'jdk/internal/reflect/DirectMethodHandleAccessor')}
  0x000001a029467ec0: 4c8b c048 | bae0 519b | 51a0 0100 | 0048 8382 | 4002 0000 

  0x000001a029467ed4: ;   {oop("argument type mismatch"{0x00000000eff90000})}
  0x000001a029467ed4: 0149 b800 | 00f9 ef00 | 0000 0048 | 8bd0 4889 | 8424 3001 | 0000 0f1f 

  0x000001a029467eec: ;   {optimized virtual_call}
  0x000001a029467eec: 4400 00e8 

  0x000001a029467ef0: ; ImmutableOopMap {[304]=Oop }
                      ;*invokespecial <init> {reexecute=0 rethrow=0 return_oop=0}
                      ; - jdk.internal.reflect.DirectMethodHandleAccessor::invoke@42
  0x000001a029467ef0: 8c6b 0907 

  0x000001a029467ef4: ;   {other}
  0x000001a029467ef4: 0f1f 8400 | e424 0018 | 488b 8424 | 3001 0000 | e927 0900 | 004c 8b84 | 2428 0100 | 000f 1f80 
  0x000001a029467f14: 0000 0000 

  0x000001a029467f18: ;   {no_reloc}
  0x000001a029467f18: e938 0800 | 0000 0000 | 0000 80ba | 3101 0000 | 040f 8535 | 0800 0049 | 8b87 b801 | 0000 488d 
  0x000001a029467f38: 7828 493b | bfc8 0100 | 000f 871d | 0800 0049 | 89bf b801 | 0000 48c7 | 0001 0000 | 0048 8bca 
  0x000001a029467f58: 49ba 0000 | 003c a001 | 0000 492b | ca89 4808 | 4833 c989 | 480c 4833 | c948 8948 | 1048 8948 
  0x000001a029467f78: 1848 8948 | 2048 8bd0 

  0x000001a029467f80: ;   {metadata(method data for {method} {0x000001a03c19cf00} 'invoke' '(Ljava/lang/Object;[Ljava/lang/Object;)Ljava/lang/Object;' in 'jdk/internal/reflect/DirectMethodHandleAccessor')}
  0x000001a029467f80: 48be e051 | 9b51 a001 | 0000 4883 | 8650 0200 | 0001 488b | d048 8984 | 2438 0100 

  0x000001a029467f9c: ;   {optimized virtual_call}
  0x000001a029467f9c: 0066 90e8 

  0x000001a029467fa0: ; ImmutableOopMap {[312]=Oop }
                      ;*invokespecial <init> {reexecute=0 rethrow=0 return_oop=0}
                      ; - jdk.internal.reflect.DirectMethodHandleAccessor::invoke@51
  0x000001a029467fa0: dc6a 0907 

  0x000001a029467fa4: ;   {other}
  0x000001a029467fa4: 0f1f 8400 | 9425 0019 | 488b 8424 | 3801 0000 | e977 0800 | 000f 1f80 | 0000 0000 

  0x000001a029467fc0: ;   {no_reloc}
  0x000001a029467fc0: e9bb 0700 | 0000 0000 | 0000 498b | 87b8 0100 | 0048 8d78 | 2849 3bbf | c801 0000 | 0f87 a807 
  0x000001a029467fe0: 0000 4989 | bfb8 0100 | 0048 c700 | 0100 0000 | 488b ca49 | ba00 0000 | 3ca0 0100 | 0049 2bca 
  0x000001a029468000: 8948 0848 | 33c9 8948 | 0c48 33c9 | 4889 4810 | 4889 4818 | 4889 4820 

  0x000001a029468018: ;   {metadata(method data for {method} {0x000001a03c19cf00} 'invoke' '(Ljava/lang/Object;[Ljava/lang/Object;)Ljava/lang/Object;' in 'jdk/internal/reflect/DirectMethodHandleAccessor')}
  0x000001a029468018: 4c8b c048 | bae0 519b | 51a0 0100 | 0048 8382 | b802 0000 | 014c 8b84 | 2420 0100 | 0048 8bd0 
  0x000001a029468038: 4889 8424 | 4001 0000 | 0f1f 8000 

  0x000001a029468044: ;   {optimized virtual_call}
  0x000001a029468044: 0000 00e8 

  0x000001a029468048: ; ImmutableOopMap {[320]=Oop }
                      ;*invokespecial <init> {reexecute=0 rethrow=0 return_oop=0}
                      ; - jdk.internal.reflect.DirectMethodHandleAccessor::invoke@69
  0x000001a029468048: 346a 0907 

  0x000001a02946804c: ;   {other}
  0x000001a02946804c: 0f1f 8400 | 3c26 001a | 488b 8424 | 4001 0000 | e9cf 0700 | 004c 8b84 | 2420 0100 | 000f 1f80 
  0x000001a02946806c: 0000 0000 

  0x000001a029468070: ;   {no_reloc}
  0x000001a029468070: e931 0700 | 0000 0000 | 0000 80ba | 3101 0000 | 040f 852e | 0700 0049 | 8b87 b801 | 0000 488d 
  0x000001a029468090: 7828 493b | bfc8 0100 | 000f 8716 | 0700 0049 | 89bf b801 | 0000 48c7 | 0001 0000 | 0048 8bca 
  0x000001a0294680b0: 49ba 0000 | 003c a001 | 0000 492b | ca89 4808 | 4833 c989 | 480c 4833 | c948 8948 | 1048 8948 
  0x000001a0294680d0: 1848 8948 | 2048 8bd0 

  0x000001a0294680d8: ;   {metadata(method data for {method} {0x000001a03c19cf00} 'invoke' '(Ljava/lang/Object;[Ljava/lang/Object;)Ljava/lang/Object;' in 'jdk/internal/reflect/DirectMethodHandleAccessor')}
  0x000001a0294680d8: 48be e051 | 9b51 a001 | 0000 4883 | 86c8 0200 | 0001 488b | d048 8984 | 2448 0100 

  0x000001a0294680f4: ;   {optimized virtual_call}
  0x000001a0294680f4: 0066 90e8 

  0x000001a0294680f8: ; ImmutableOopMap {[328]=Oop }
                      ;*invokespecial <init> {reexecute=0 rethrow=0 return_oop=0}
                      ; - jdk.internal.reflect.DirectMethodHandleAccessor::invoke@78
  0x000001a0294680f8: 8469 0907 

  0x000001a0294680fc: ;   {other}
  0x000001a0294680fc: 0f1f 8400 | ec26 001b | 488b 8424 | 4801 0000 | e91f 0700 | 000f 1f80 | 0000 0000 

  0x000001a029468118: ;   {no_reloc}
  0x000001a029468118: e9b4 0600 | 0000 0000 | 0000 498b | 87b8 0100 | 0048 8d78 | 2849 3bbf | c801 0000 | 0f87 a106 
  0x000001a029468138: 0000 4989 | bfb8 0100 | 0048 c700 | 0100 0000 | 488b ca49 | ba00 0000 | 3ca0 0100 | 0049 2bca 
  0x000001a029468158: 8948 0848 | 33c9 8948 | 0c48 33c9 | 4889 4810 | 4889 4818 | 4889 4820 

  0x000001a029468170: ;   {metadata(method data for {method} {0x000001a03c3c86d0} 'checkReceiver' '(Ljava/lang/Object;)V' in 'jdk/internal/reflect/DirectMethodHandleAccessor')}
  0x000001a029468170: 488b d048 | be50 1397 | 51a0 0100 | 0048 8386 | a001 0000 

  0x000001a029468184: ;   {oop("object is not an instance of declaring class"{0x00000000eff90f98})}
  0x000001a029468184: 0149 b898 | 0ff9 ef00 | 0000 0048 | 8bd0 4889 | 8424 5001 | 0000 0f1f 

  0x000001a02946819c: ;   {optimized virtual_call}
  0x000001a02946819c: 4400 00e8 

  0x000001a0294681a0: ; ImmutableOopMap {[176]=Oop [184]=Oop [192]=Oop [336]=Oop }
                      ;*invokespecial <init> {reexecute=0 rethrow=0 return_oop=0}
                      ; - jdk.internal.reflect.DirectMethodHandleAccessor::checkReceiver@20
                      ; - jdk.internal.reflect.DirectMethodHandleAccessor::invoke@9
  0x000001a0294681a0: dc68 0907 

  0x000001a0294681a4: ;   {other}
  0x000001a0294681a4: 0f1f 8400 | 9427 001c | 488b 8424 | 5001 0000 | e977 0600 | 0049 8b87 | 0005 0000 | 4d33 d24d 
  0x000001a0294681c4: 8997 0005 | 0000 4d33 | d24d 8997 | 0805 0000 | 4c8b c090 

  0x000001a0294681d8: ;   {no_reloc}
  0x000001a0294681d8: e91a 0600 | 0000 0000 | 0000 80ba | 3101 0000 | 040f 8517 | 0600 0049 | 8b87 b801 | 0000 488d 
  0x000001a0294681f8: 7828 493b | bfc8 0100 | 000f 87ff | 0500 0049 | 89bf b801 | 0000 48c7 | 0001 0000 | 0048 8bca 
  0x000001a029468218: 49ba 0000 | 003c a001 | 0000 492b | ca89 4808 | 4833 c989 | 480c 4833 | c948 8948 | 1048 8948 
  0x000001a029468238: 1848 8948 | 2048 8bd0 

  0x000001a029468240: ;   {metadata(method data for {method} {0x000001a03c19cf00} 'invoke' '(Ljava/lang/Object;[Ljava/lang/Object;)Ljava/lang/Object;' in 'jdk/internal/reflect/DirectMethodHandleAccessor')}
  0x000001a029468240: 48be e051 | 9b51 a001 | 0000 4883 | 86d8 0200 | 0001 488b | d048 8984 | 2458 0100 

  0x000001a02946825c: ;   {optimized virtual_call}
  0x000001a02946825c: 0066 90e8 

  0x000001a029468260: ; ImmutableOopMap {[344]=Oop }
                      ;*invokespecial <init> {reexecute=0 rethrow=0 return_oop=0}
                      ; - jdk.internal.reflect.DirectMethodHandleAccessor::invoke@88
  0x000001a029468260: 1c68 0907 

  0x000001a029468264: ;   {other}
  0x000001a029468264: 0f1f 8400 | 5428 001d | 488b 8424 | 5801 0000 | e9b7 0500 

  0x000001a029468278: ;   {metadata({method} {0x000001a03c19cf00} 'invoke' '(Ljava/lang/Object;[Ljava/lang/Object;)Ljava/lang/Object;' in 'jdk/internal/reflect/DirectMethodHandleAccessor')}
  0x000001a029468278: 0049 baf8 | ce19 3ca0 | 0100 004c | 8954 2408 | 48c7 0424 | ffff ffff 

  0x000001a029468290: ;   {runtime_call counter_overflow Runtime1 stub}
  0x000001a029468290: e86b 7715 

  0x000001a029468294: ; ImmutableOopMap {rdx=Oop r8=Oop r9=Oop [176]=Oop [184]=Oop [192]=Oop }
                      ;*synchronization entry
                      ; - jdk.internal.reflect.DirectMethodHandleAccessor::invoke@-1
  0x000001a029468294: 07e9 24dd 

  0x000001a029468298: ;   {metadata({method} {0x000001a03c3c8780} 'isStatic' '()Z' in 'jdk/internal/reflect/DirectMethodHandleAccessor')}
  0x000001a029468298: ffff 49ba | 7887 3c3c | a001 0000 | 4c89 5424 | 0848 c704 | 24ff ffff 

  0x000001a0294682b0: ;   {runtime_call counter_overflow Runtime1 stub}
  0x000001a0294682b0: ffe8 4a77 

  0x000001a0294682b4: ; ImmutableOopMap {rdx=Oop r8=Oop r9=Oop [176]=Oop [184]=Oop [192]=Oop }
                      ;*synchronization entry
                      ; - jdk.internal.reflect.DirectMethodHandleAccessor::isStatic@-1
                      ; - jdk.internal.reflect.DirectMethodHandleAccessor::invoke@1
  0x000001a0294682b4: 1507 e93f 

  0x000001a0294682b8: ;   {metadata({method} {0x000001a03c3c86d0} 'checkReceiver' '(Ljava/lang/Object;)V' in 'jdk/internal/reflect/DirectMethodHandleAccessor')}
  0x000001a0294682b8: ddff ff49 | bac8 863c | 3ca0 0100 | 004c 8954 | 2408 48c7 | 0424 ffff 

  0x000001a0294682d0: ;   {runtime_call counter_overflow Runtime1 stub}
  0x000001a0294682d0: ffff e829 

  0x000001a0294682d4: ; ImmutableOopMap {rdx=Oop r8=Oop [176]=Oop [184]=Oop [192]=Oop }
                      ;*synchronization entry
                      ; - jdk.internal.reflect.DirectMethodHandleAccessor::checkReceiver@-1
                      ; - jdk.internal.reflect.DirectMethodHandleAccessor::invoke@9
  0x000001a0294682d4: 7715 07e9 | e5dd ffff 

  0x000001a0294682dc: ;   {runtime_call throw_null_pointer_exception Runtime1 stub}
  0x000001a0294682dc: e81f 2615 

  0x000001a0294682e0: ; ImmutableOopMap {rdx=Oop r8=Oop rsi=Oop [176]=Oop [184]=Oop [192]=Oop }
                      ;*invokevirtual getClass {reexecute=0 rethrow=0 return_oop=0}
                      ; - jdk.internal.reflect.DirectMethodHandleAccessor::checkReceiver@5
                      ; - jdk.internal.reflect.DirectMethodHandleAccessor::invoke@9
                      ;   {runtime_call throw_null_pointer_exception Runtime1 stub}
  0x000001a0294682e0: 07e8 1a26 

  0x000001a0294682e4: ; ImmutableOopMap {rdx=Oop r8=Oop rsi=Oop rdi=Oop [176]=Oop [184]=Oop [192]=Oop }
                      ;*invokevirtual isAssignableFrom {reexecute=0 rethrow=0 return_oop=0}
                      ; - jdk.internal.reflect.DirectMethodHandleAccessor::checkReceiver@8
                      ; - jdk.internal.reflect.DirectMethodHandleAccessor::invoke@9
                      ;   {metadata({method} {0x000001a03c3c8518} 'invokeImpl' '(Ljava/lang/Object;[Ljava/lang/Object;)Ljava/lang/Object;' in 'jdk/internal/reflect/DirectMethodHandleAccessor')}
  0x000001a0294682e4: 1507 49ba | 1085 3c3c | a001 0000 | 4c89 5424 | 0848 c704 | 24ff ffff 

  0x000001a0294682fc: ;   {runtime_call counter_overflow Runtime1 stub}
  0x000001a0294682fc: ffe8 fe76 

  0x000001a029468300: ; ImmutableOopMap {rdx=Oop [176]=Oop [184]=Oop [192]=Oop }
                      ;*synchronization entry
                      ; - jdk.internal.reflect.DirectMethodHandleAccessor::invokeImpl@-1
                      ; - jdk.internal.reflect.DirectMethodHandleAccessor::invoke@23
  0x000001a029468300: 1507 e9c9 

  0x000001a029468304: ;   {metadata({method} {0x000001a03c0ae518} 'invokeExact_MT' '(Ljava/lang/Object;Ljava/lang/Object;Ljava/lang/Object;Ljava/lang/Object;)Ljava/lang/Object;' in 'java/lang/invoke/Invokers$Holder')}
  0x000001a029468304: deff ff49 | ba10 e50a | 3ca0 0100 | 004c 8954 | 2408 48c7 | 0424 ffff 

  0x000001a02946831c: ;   {runtime_call counter_overflow Runtime1 stub}
  0x000001a02946831c: ffff e8dd 

  0x000001a029468320: ; ImmutableOopMap {rdx=Oop r8=Oop rsi=Oop [176]=Oop [184]=Oop [192]=Oop [200]=Oop }
                      ;*synchronization entry
                      ; - java.lang.invoke.Invokers$Holder::invokeExact_MT@-1
                      ; - jdk.internal.reflect.DirectMethodHandleAccessor::invokeImpl@104
                      ; - jdk.internal.reflect.DirectMethodHandleAccessor::invoke@23
  0x000001a029468320: 7615 07e9 | 20e0 ffff 

  0x000001a029468328: ;   {metadata({method} {0x000001a03c3dc408} 'checkExactType' '(Ljava/lang/invoke/MethodHandle;Ljava/lang/invoke/MethodType;)V' in 'java/lang/invoke/Invokers')}
  0x000001a029468328: 49ba 00c4 | 3d3c a001 | 0000 4c89 | 5424 0848 | c704 24ff 

  0x000001a02946833c: ;   {runtime_call counter_overflow Runtime1 stub}
  0x000001a02946833c: ffff ffe8 

  0x000001a029468340: ; ImmutableOopMap {rdx=Oop r8=Oop rsi=Oop rbx=Oop [176]=Oop [184]=Oop [192]=Oop [200]=Oop }
                      ;*synchronization entry
                      ; - java.lang.invoke.Invokers::checkExactType@-1
                      ; - java.lang.invoke.Invokers$Holder::invokeExact_MT@10
                      ; - jdk.internal.reflect.DirectMethodHandleAccessor::invokeImpl@104
                      ; - jdk.internal.reflect.DirectMethodHandleAccessor::invoke@23
  0x000001a029468340: bc76 1507 | e974 e0ff 

  0x000001a029468348: ;   {runtime_call throw_null_pointer_exception Runtime1 stub}
  0x000001a029468348: ffe8 b225 

  0x000001a02946834c: ; ImmutableOopMap {rdx=Oop r8=Oop rsi=Oop rbx=Oop [176]=Oop [184]=Oop [192]=Oop [200]=Oop }
                      ;*invokevirtual type {reexecute=0 rethrow=0 return_oop=0}
                      ; - java.lang.invoke.Invokers::checkExactType@1
                      ; - java.lang.invoke.Invokers$Holder::invokeExact_MT@10
                      ; - jdk.internal.reflect.DirectMethodHandleAccessor::invokeImpl@104
                      ; - jdk.internal.reflect.DirectMethodHandleAccessor::invoke@23
                      ;   {metadata({method} {0x000001a03c3dc300} 'checkCustomized' '(Ljava/lang/invoke/MethodHandle;)V' in 'java/lang/invoke/Invokers')}
  0x000001a02946834c: 1507 49ba | f8c2 3d3c | a001 0000 | 4c89 5424 | 0848 c704 | 24ff ffff 

  0x000001a029468364: ;   {runtime_call counter_overflow Runtime1 stub}
  0x000001a029468364: ffe8 9676 

  0x000001a029468368: ; ImmutableOopMap {rdx=Oop r8=Oop rsi=Oop [176]=Oop [184]=Oop [192]=Oop [200]=Oop }
                      ;*synchronization entry
                      ; - java.lang.invoke.Invokers::checkCustomized@-1
                      ; - java.lang.invoke.Invokers$Holder::invokeExact_MT@14
                      ; - jdk.internal.reflect.DirectMethodHandleAccessor::invokeImpl@104
                      ; - jdk.internal.reflect.DirectMethodHandleAccessor::invoke@23
  0x000001a029468368: 1507 e94f 

  0x000001a02946836c: ;   {metadata({method} {0x000001a03c0944d8} 'isCompileConstant' '(Ljava/lang/Object;)Z' in 'java/lang/invoke/MethodHandleImpl')}
  0x000001a02946836c: e1ff ff49 | bad0 4409 | 3ca0 0100 | 004c 8954 | 2408 48c7 | 0424 ffff 

  0x000001a029468384: ;   {runtime_call counter_overflow Runtime1 stub}
  0x000001a029468384: ffff e875 

  0x000001a029468388: ; ImmutableOopMap {rdx=Oop r8=Oop rsi=Oop [176]=Oop [184]=Oop [192]=Oop [200]=Oop }
                      ;*synchronization entry
                      ; - java.lang.invoke.MethodHandleImpl::isCompileConstant@-1
                      ; - java.lang.invoke.Invokers::checkCustomized@1
                      ; - java.lang.invoke.Invokers$Holder::invokeExact_MT@14
                      ; - jdk.internal.reflect.DirectMethodHandleAccessor::invokeImpl@104
                      ; - jdk.internal.reflect.DirectMethodHandleAccessor::invoke@23
  0x000001a029468388: 7615 07e9 | 67e1 ffff 

  0x000001a029468390: ;   {runtime_call throw_null_pointer_exception Runtime1 stub}
  0x000001a029468390: e86b 2515 

  0x000001a029468394: ; ImmutableOopMap {rdx=Oop r8=Oop rsi=Oop [176]=Oop [184]=Oop [192]=Oop [200]=Oop }
                      ;*getfield customized {reexecute=1 rethrow=0 return_oop=0}
                      ; - (reexecute) java.lang.invoke.Invokers::checkCustomized@12
                      ; - java.lang.invoke.Invokers$Holder::invokeExact_MT@14
                      ; - jdk.internal.reflect.DirectMethodHandleAccessor::invokeImpl@104
                      ; - jdk.internal.reflect.DirectMethodHandleAccessor::invoke@23
                      ;   {internal_word}
  0x000001a029468394: 0749 ba4c | 6646 29a0 | 0100 004d | 8997 6804 

  0x000001a0294683a4: ;   {runtime_call SafepointBlob}
  0x000001a0294683a4: 0000 e9d5 

  0x000001a0294683a8: ;   {runtime_call throw_null_pointer_exception Runtime1 stub}
  0x000001a0294683a8: d009 07e8 

  0x000001a0294683ac: ; ImmutableOopMap {rdx=Oop r9=Oop r8=Oop rsi=Oop [176]=Oop [184]=Oop [192]=Oop [216]=Oop }
                      ;*aaload {reexecute=0 rethrow=0 return_oop=0}
                      ; - jdk.internal.reflect.DirectMethodHandleAccessor::invokeImpl@85
                      ; - jdk.internal.reflect.DirectMethodHandleAccessor::invoke@23
  0x000001a0294683ac: 5025 1507 

  0x000001a0294683b0: ;   {runtime_call throw_null_pointer_exception Runtime1 stub}
  0x000001a0294683b0: e84b 2515 

  0x000001a0294683b4: ; ImmutableOopMap {rdx=Oop r9=Oop r8=Oop rsi=Oop [176]=Oop [184]=Oop [192]=Oop [216]=Oop }
                      ;*aaload {reexecute=0 rethrow=0 return_oop=0}
                      ; - jdk.internal.reflect.DirectMethodHandleAccessor::invokeImpl@85
                      ; - jdk.internal.reflect.DirectMethodHandleAccessor::invoke@23
  0x000001a0294683b4: 0748 c704 | 2400 0000 | 004c 894c 

  0x000001a0294683c0: ;   {runtime_call throw_range_check_failed Runtime1 stub}
  0x000001a0294683c0: 2408 e839 

  0x000001a0294683c4: ; ImmutableOopMap {rdx=Oop r9=Oop r8=Oop rsi=Oop [176]=Oop [184]=Oop [192]=Oop [216]=Oop }
                      ;*aaload {reexecute=0 rethrow=0 return_oop=0}
                      ; - jdk.internal.reflect.DirectMethodHandleAccessor::invokeImpl@85
                      ; - jdk.internal.reflect.DirectMethodHandleAccessor::invoke@23
  0x000001a0294683c4: 1c15 0748 | c704 2401 | 0000 004c | 894c 2408 

  0x000001a0294683d4: ;   {runtime_call throw_range_check_failed Runtime1 stub}
  0x000001a0294683d4: e827 1c15 

  0x000001a0294683d8: ; ImmutableOopMap {rdx=Oop r9=Oop r8=Oop rsi=Oop rdi=Oop [176]=Oop [184]=Oop [192]=Oop [208]=Oop [216]=Oop }
                      ;*aaload {reexecute=0 rethrow=0 return_oop=0}
                      ; - jdk.internal.reflect.DirectMethodHandleAccessor::invokeImpl@88
                      ; - jdk.internal.reflect.DirectMethodHandleAccessor::invoke@23
  0x000001a0294683d8: 0748 c704 | 2402 0000 | 004c 894c 

  0x000001a0294683e4: ;   {runtime_call throw_range_check_failed Runtime1 stub}
  0x000001a0294683e4: 2408 e815 

  0x000001a0294683e8: ; ImmutableOopMap {rdx=Oop r9=Oop r8=Oop rsi=Oop rdi=Oop rbx=Oop [176]=Oop [184]=Oop [192]=Oop [208]=Oop [216]=Oop [224]=Oop }
                      ;*aaload {reexecute=0 rethrow=0 return_oop=0}
                      ; - jdk.internal.reflect.DirectMethodHandleAccessor::invokeImpl@91
                      ; - jdk.internal.reflect.DirectMethodHandleAccessor::invoke@23
                      ;   {metadata({method} {0x000001a051706ab8} 'invokeExact_MT' '(Ljava/lang/Object;Ljava/lang/Object;Ljava/lang/Object;Ljava/lang/Object;Ljava/lang/Object;Ljava/lang/Object;)Ljava/lang/Object;' in 'java/lang/invoke/LambdaForm$MH+0x000001a03d0ee800')}
  0x000001a0294683e8: 1c15 0749 | bab0 6a70 | 51a0 0100 | 004c 8954 | 2408 48c7 | 0424 ffff 

  0x000001a029468400: ;   {runtime_call counter_overflow Runtime1 stub}
  0x000001a029468400: ffff e8f9 

  0x000001a029468404: ; ImmutableOopMap {rdx=Oop r8=Oop rsi=Oop rdi=Oop rbx=Oop rax=Oop [176]=Oop [192]=Oop [208]=Oop [216]=Oop [224]=Oop [232]=Oop }
                      ;*synchronization entry
                      ; - java.lang.invoke.LambdaForm$MH/0x000001a03d0ee800::invokeExact_MT@-1
                      ; - jdk.internal.reflect.DirectMethodHandleAccessor::invokeImpl@92
                      ; - jdk.internal.reflect.DirectMethodHandleAccessor::invoke@23
  0x000001a029468404: 7515 07e9 | 24e4 ffff 

  0x000001a02946840c: ;   {metadata({method} {0x000001a03c3dc408} 'checkExactType' '(Ljava/lang/invoke/MethodHandle;Ljava/lang/invoke/MethodType;)V' in 'java/lang/invoke/Invokers')}
  0x000001a02946840c: 49ba 00c4 | 3d3c a001 | 0000 4c89 | 5424 0848 | c704 24ff 

  0x000001a029468420: ;   {runtime_call counter_overflow Runtime1 stub}
  0x000001a029468420: ffff ffe8 

  0x000001a029468424: ; ImmutableOopMap {rdx=Oop r8=Oop rsi=Oop rdi=Oop rbx=Oop rax=Oop r9=Oop [176]=Oop [192]=Oop [208]=Oop [216]=Oop [224]=Oop [232]=Oop }
                      ;*synchronization entry
                      ; - java.lang.invoke.Invokers::checkExactType@-1
                      ; - java.lang.invoke.LambdaForm$MH/0x000001a03d0ee800::invokeExact_MT@11
                      ; - jdk.internal.reflect.DirectMethodHandleAccessor::invokeImpl@92
                      ; - jdk.internal.reflect.DirectMethodHandleAccessor::invoke@23
  0x000001a029468424: d875 1507 | e9cc e4ff 

  0x000001a02946842c: ;   {runtime_call throw_null_pointer_exception Runtime1 stub}
  0x000001a02946842c: ffe8 ce24 

  0x000001a029468430: ; ImmutableOopMap {rdx=Oop r8=Oop rsi=Oop rdi=Oop rbx=Oop rax=Oop r9=Oop [176]=Oop [192]=Oop [208]=Oop [216]=Oop [224]=Oop [232]=Oop }
                      ;*invokevirtual type {reexecute=0 rethrow=0 return_oop=0}
                      ; - java.lang.invoke.Invokers::checkExactType@1
                      ; - java.lang.invoke.LambdaForm$MH/0x000001a03d0ee800::invokeExact_MT@11
                      ; - jdk.internal.reflect.DirectMethodHandleAccessor::invokeImpl@92
                      ; - jdk.internal.reflect.DirectMethodHandleAccessor::invoke@23
                      ;   {metadata({method} {0x000001a03c3dc300} 'checkCustomized' '(Ljava/lang/invoke/MethodHandle;)V' in 'java/lang/invoke/Invokers')}
  0x000001a029468430: 1507 49ba | f8c2 3d3c | a001 0000 | 4c89 5424 | 0848 c704 | 24ff ffff 

  0x000001a029468448: ;   {runtime_call counter_overflow Runtime1 stub}
  0x000001a029468448: ffe8 b275 

  0x000001a02946844c: ; ImmutableOopMap {rdx=Oop r8=Oop rsi=Oop rdi=Oop rbx=Oop rax=Oop [176]=Oop [192]=Oop [208]=Oop [216]=Oop [224]=Oop [232]=Oop }
                      ;*synchronization entry
                      ; - java.lang.invoke.Invokers::checkCustomized@-1
                      ; - java.lang.invoke.LambdaForm$MH/0x000001a03d0ee800::invokeExact_MT@15
                      ; - jdk.internal.reflect.DirectMethodHandleAccessor::invokeImpl@92
                      ; - jdk.internal.reflect.DirectMethodHandleAccessor::invoke@23
  0x000001a02946844c: 1507 e909 

  0x000001a029468450: ;   {metadata({method} {0x000001a03c0944d8} 'isCompileConstant' '(Ljava/lang/Object;)Z' in 'java/lang/invoke/MethodHandleImpl')}
  0x000001a029468450: e6ff ff49 | bad0 4409 | 3ca0 0100 | 004c 8954 | 2408 48c7 | 0424 ffff 

  0x000001a029468468: ;   {runtime_call counter_overflow Runtime1 stub}
  0x000001a029468468: ffff e891 

  0x000001a02946846c: ; ImmutableOopMap {rdx=Oop r8=Oop rsi=Oop rdi=Oop rbx=Oop rax=Oop [176]=Oop [192]=Oop [208]=Oop [216]=Oop [224]=Oop [232]=Oop }
                      ;*synchronization entry
                      ; - java.lang.invoke.MethodHandleImpl::isCompileConstant@-1
                      ; - java.lang.invoke.Invokers::checkCustomized@1
                      ; - java.lang.invoke.LambdaForm$MH/0x000001a03d0ee800::invokeExact_MT@15
                      ; - jdk.internal.reflect.DirectMethodHandleAccessor::invokeImpl@92
                      ; - jdk.internal.reflect.DirectMethodHandleAccessor::invoke@23
  0x000001a02946846c: 7515 07e9 | 26e6 ffff 

  0x000001a029468474: ;   {runtime_call throw_null_pointer_exception Runtime1 stub}
  0x000001a029468474: e887 2415 

  0x000001a029468478: ; ImmutableOopMap {rdx=Oop r8=Oop rsi=Oop rdi=Oop rbx=Oop rax=Oop [176]=Oop [192]=Oop [208]=Oop [216]=Oop [224]=Oop [232]=Oop }
                      ;*getfield customized {reexecute=1 rethrow=0 return_oop=0}
                      ; - (reexecute) java.lang.invoke.Invokers::checkCustomized@12
                      ; - java.lang.invoke.LambdaForm$MH/0x000001a03d0ee800::invokeExact_MT@15
                      ; - jdk.internal.reflect.DirectMethodHandleAccessor::invokeImpl@92
                      ; - jdk.internal.reflect.DirectMethodHandleAccessor::invoke@23
                      ;   {internal_word}
  0x000001a029468478: 0749 ba14 | 6d46 29a0 | 0100 004d | 8997 6804 

  0x000001a029468488: ;   {runtime_call SafepointBlob}
  0x000001a029468488: 0000 e9f1 

  0x000001a02946848c: ;   {runtime_call throw_null_pointer_exception Runtime1 stub}
  0x000001a02946848c: cf09 07e8 

  0x000001a029468490: ; ImmutableOopMap {rdx=Oop r9=Oop r8=Oop rsi=Oop [176]=Oop [184]=Oop [192]=Oop [248]=Oop }
                      ;*aaload {reexecute=0 rethrow=0 return_oop=0}
                      ; - jdk.internal.reflect.DirectMethodHandleAccessor::invokeImpl@68
                      ; - jdk.internal.reflect.DirectMethodHandleAccessor::invoke@23
  0x000001a029468490: 6c24 1507 

  0x000001a029468494: ;   {runtime_call throw_null_pointer_exception Runtime1 stub}
  0x000001a029468494: e867 2415 

  0x000001a029468498: ; ImmutableOopMap {rdx=Oop r9=Oop r8=Oop rsi=Oop [176]=Oop [184]=Oop [192]=Oop [248]=Oop }
                      ;*aaload {reexecute=0 rethrow=0 return_oop=0}
                      ; - jdk.internal.reflect.DirectMethodHandleAccessor::invokeImpl@68
                      ; - jdk.internal.reflect.DirectMethodHandleAccessor::invoke@23
  0x000001a029468498: 0748 c704 | 2400 0000 | 004c 894c 

  0x000001a0294684a4: ;   {runtime_call throw_range_check_failed Runtime1 stub}
  0x000001a0294684a4: 2408 e855 

  0x000001a0294684a8: ; ImmutableOopMap {rdx=Oop r9=Oop r8=Oop rsi=Oop [176]=Oop [184]=Oop [192]=Oop [248]=Oop }
                      ;*aaload {reexecute=0 rethrow=0 return_oop=0}
                      ; - jdk.internal.reflect.DirectMethodHandleAccessor::invokeImpl@68
                      ; - jdk.internal.reflect.DirectMethodHandleAccessor::invoke@23
  0x000001a0294684a8: 1b15 0748 | c704 2401 | 0000 004c | 894c 2408 

  0x000001a0294684b8: ;   {runtime_call throw_range_check_failed Runtime1 stub}
  0x000001a0294684b8: e843 1b15 

  0x000001a0294684bc: ; ImmutableOopMap {rdx=Oop r9=Oop r8=Oop rsi=Oop rdi=Oop [176]=Oop [184]=Oop [192]=Oop [240]=Oop [248]=Oop }
                      ;*aaload {reexecute=0 rethrow=0 return_oop=0}
                      ; - jdk.internal.reflect.DirectMethodHandleAccessor::invokeImpl@71
                      ; - jdk.internal.reflect.DirectMethodHandleAccessor::invoke@23
                      ;   {metadata({method} {0x000001a0514052b8} 'invokeExact_MT' '(Ljava/lang/Object;Ljava/lang/Object;Ljava/lang/Object;Ljava/lang/Object;Ljava/lang/Object;)Ljava/lang/Object;' in 'java/lang/invoke/LambdaForm$MH+0x000001a03d002800')}
  0x000001a0294684bc: 0749 bab0 | 5240 51a0 | 0100 004c | 8954 2408 | 48c7 0424 | ffff ffff 

  0x000001a0294684d4: ;   {runtime_call counter_overflow Runtime1 stub}
  0x000001a0294684d4: e827 7515 

  0x000001a0294684d8: ; ImmutableOopMap {rdx=Oop r8=Oop rsi=Oop rdi=Oop rbx=Oop [176]=Oop [192]=Oop [240]=Oop [248]=Oop [256]=Oop }
                      ;*synchronization entry
                      ; - java.lang.invoke.LambdaForm$MH/0x000001a03d002800::invokeExact_MT@-1
                      ; - jdk.internal.reflect.DirectMethodHandleAccessor::invokeImpl@72
                      ; - jdk.internal.reflect.DirectMethodHandleAccessor::invoke@23
  0x000001a0294684d8: 07e9 fae9 

  0x000001a0294684dc: ;   {metadata({method} {0x000001a03c3dc408} 'checkExactType' '(Ljava/lang/invoke/MethodHandle;Ljava/lang/invoke/MethodType;)V' in 'java/lang/invoke/Invokers')}
  0x000001a0294684dc: ffff 49ba | 00c4 3d3c | a001 0000 | 4c89 5424 | 0848 c704 | 24ff ffff 

  0x000001a0294684f4: ;   {runtime_call counter_overflow Runtime1 stub}
  0x000001a0294684f4: ffe8 0675 

  0x000001a0294684f8: ; ImmutableOopMap {rdx=Oop r8=Oop rsi=Oop rdi=Oop rbx=Oop rcx=Oop [176]=Oop [192]=Oop [240]=Oop [248]=Oop [256]=Oop }
                      ;*synchronization entry
                      ; - java.lang.invoke.Invokers::checkExactType@-1
                      ; - java.lang.invoke.LambdaForm$MH/0x000001a03d002800::invokeExact_MT@11
                      ; - jdk.internal.reflect.DirectMethodHandleAccessor::invokeImpl@72
                      ; - jdk.internal.reflect.DirectMethodHandleAccessor::invoke@23
  0x000001a0294684f8: 1507 e9a0 

  0x000001a0294684fc: ;   {runtime_call throw_null_pointer_exception Runtime1 stub}
  0x000001a0294684fc: eaff ffe8 

  0x000001a029468500: ; ImmutableOopMap {rdx=Oop r8=Oop rsi=Oop rdi=Oop rbx=Oop rcx=Oop [176]=Oop [192]=Oop [240]=Oop [248]=Oop [256]=Oop }
                      ;*invokevirtual type {reexecute=0 rethrow=0 return_oop=0}
                      ; - java.lang.invoke.Invokers::checkExactType@1
                      ; - java.lang.invoke.LambdaForm$MH/0x000001a03d002800::invokeExact_MT@11
                      ; - jdk.internal.reflect.DirectMethodHandleAccessor::invokeImpl@72
                      ; - jdk.internal.reflect.DirectMethodHandleAccessor::invoke@23
  0x000001a029468500: fc23 1507 

  0x000001a029468504: ;   {metadata({method} {0x000001a03c3dc300} 'checkCustomized' '(Ljava/lang/invoke/MethodHandle;)V' in 'java/lang/invoke/Invokers')}
  0x000001a029468504: 49ba f8c2 | 3d3c a001 | 0000 4c89 | 5424 0848 | c704 24ff 

  0x000001a029468518: ;   {runtime_call counter_overflow Runtime1 stub}
  0x000001a029468518: ffff ffe8 

  0x000001a02946851c: ; ImmutableOopMap {rdx=Oop r8=Oop rsi=Oop rdi=Oop rbx=Oop [176]=Oop [192]=Oop [240]=Oop [248]=Oop [256]=Oop }
                      ;*synchronization entry
                      ; - java.lang.invoke.Invokers::checkCustomized@-1
                      ; - java.lang.invoke.LambdaForm$MH/0x000001a03d002800::invokeExact_MT@15
                      ; - jdk.internal.reflect.DirectMethodHandleAccessor::invokeImpl@72
                      ; - jdk.internal.reflect.DirectMethodHandleAccessor::invoke@23
  0x000001a02946851c: e074 1507 | e9d6 ebff 

  0x000001a029468524: ;   {metadata({method} {0x000001a03c0944d8} 'isCompileConstant' '(Ljava/lang/Object;)Z' in 'java/lang/invoke/MethodHandleImpl')}
  0x000001a029468524: ff49 bad0 | 4409 3ca0 | 0100 004c | 8954 2408 | 48c7 0424 | ffff ffff 

  0x000001a02946853c: ;   {runtime_call counter_overflow Runtime1 stub}
  0x000001a02946853c: e8bf 7415 

  0x000001a029468540: ; ImmutableOopMap {rdx=Oop r8=Oop rsi=Oop rdi=Oop rbx=Oop [176]=Oop [192]=Oop [240]=Oop [248]=Oop [256]=Oop }
                      ;*synchronization entry
                      ; - java.lang.invoke.MethodHandleImpl::isCompileConstant@-1
                      ; - java.lang.invoke.Invokers::checkCustomized@1
                      ; - java.lang.invoke.LambdaForm$MH/0x000001a03d002800::invokeExact_MT@15
                      ; - jdk.internal.reflect.DirectMethodHandleAccessor::invokeImpl@72
                      ; - jdk.internal.reflect.DirectMethodHandleAccessor::invoke@23
  0x000001a029468540: 07e9 eeeb 

  0x000001a029468544: ;   {runtime_call throw_null_pointer_exception Runtime1 stub}
  0x000001a029468544: ffff e8b5 

  0x000001a029468548: ; ImmutableOopMap {rdx=Oop r8=Oop rsi=Oop rdi=Oop rbx=Oop [176]=Oop [192]=Oop [240]=Oop [248]=Oop [256]=Oop }
                      ;*getfield customized {reexecute=1 rethrow=0 return_oop=0}
                      ; - (reexecute) java.lang.invoke.Invokers::checkCustomized@12
                      ; - java.lang.invoke.LambdaForm$MH/0x000001a03d002800::invokeExact_MT@15
                      ; - jdk.internal.reflect.DirectMethodHandleAccessor::invokeImpl@72
                      ; - jdk.internal.reflect.DirectMethodHandleAccessor::invoke@23
                      ;   {internal_word}
  0x000001a029468548: 2315 0749 | ba9c 7346 | 29a0 0100 | 004d 8997 | 6804 0000 

  0x000001a02946855c: ;   {runtime_call SafepointBlob}
  0x000001a02946855c: e91f cf09 

  0x000001a029468560: ;   {runtime_call throw_null_pointer_exception Runtime1 stub}
  0x000001a029468560: 07e8 9a23 

  0x000001a029468564: ; ImmutableOopMap {rdx=Oop r9=Oop r8=Oop rsi=Oop [176]=Oop [184]=Oop [192]=Oop [272]=Oop }
                      ;*aaload {reexecute=0 rethrow=0 return_oop=0}
                      ; - jdk.internal.reflect.DirectMethodHandleAccessor::invokeImpl@54
                      ; - jdk.internal.reflect.DirectMethodHandleAccessor::invoke@23
                      ;   {runtime_call throw_null_pointer_exception Runtime1 stub}
  0x000001a029468564: 1507 e895 

  0x000001a029468568: ; ImmutableOopMap {rdx=Oop r9=Oop r8=Oop rsi=Oop [176]=Oop [184]=Oop [192]=Oop [272]=Oop }
                      ;*aaload {reexecute=0 rethrow=0 return_oop=0}
                      ; - jdk.internal.reflect.DirectMethodHandleAccessor::invokeImpl@54
                      ; - jdk.internal.reflect.DirectMethodHandleAccessor::invoke@23
  0x000001a029468568: 2315 0748 | c704 2400 | 0000 004c | 894c 2408 

  0x000001a029468578: ;   {runtime_call throw_range_check_failed Runtime1 stub}
  0x000001a029468578: e883 1a15 

  0x000001a02946857c: ; ImmutableOopMap {rdx=Oop r9=Oop r8=Oop rsi=Oop [176]=Oop [184]=Oop [192]=Oop [272]=Oop }
                      ;*aaload {reexecute=0 rethrow=0 return_oop=0}
                      ; - jdk.internal.reflect.DirectMethodHandleAccessor::invokeImpl@54
                      ; - jdk.internal.reflect.DirectMethodHandleAccessor::invoke@23
                      ;   {metadata({method} {0x000001a03c0ae518} 'invokeExact_MT' '(Ljava/lang/Object;Ljava/lang/Object;Ljava/lang/Object;Ljava/lang/Object;)Ljava/lang/Object;' in 'java/lang/invoke/Invokers$Holder')}
  0x000001a02946857c: 0749 ba10 | e50a 3ca0 | 0100 004c | 8954 2408 | 48c7 0424 | ffff ffff 

  0x000001a029468594: ;   {runtime_call counter_overflow Runtime1 stub}
  0x000001a029468594: e867 7415 

  0x000001a029468598: ; ImmutableOopMap {rdx=Oop r8=Oop rsi=Oop rdi=Oop [176]=Oop [192]=Oop [264]=Oop [272]=Oop }
                      ;*synchronization entry
                      ; - java.lang.invoke.Invokers$Holder::invokeExact_MT@-1
                      ; - jdk.internal.reflect.DirectMethodHandleAccessor::invokeImpl@55
                      ; - jdk.internal.reflect.DirectMethodHandleAccessor::invoke@23
  0x000001a029468598: 07e9 13ef 

  0x000001a02946859c: ;   {metadata({method} {0x000001a03c3dc408} 'checkExactType' '(Ljava/lang/invoke/MethodHandle;Ljava/lang/invoke/MethodType;)V' in 'java/lang/invoke/Invokers')}
  0x000001a02946859c: ffff 49ba | 00c4 3d3c | a001 0000 | 4c89 5424 | 0848 c704 | 24ff ffff 

  0x000001a0294685b4: ;   {runtime_call counter_overflow Runtime1 stub}
  0x000001a0294685b4: ffe8 4674 

  0x000001a0294685b8: ; ImmutableOopMap {rdx=Oop r8=Oop rsi=Oop rdi=Oop rax=Oop [176]=Oop [192]=Oop [264]=Oop [272]=Oop }
                      ;*synchronization entry
                      ; - java.lang.invoke.Invokers::checkExactType@-1
                      ; - java.lang.invoke.Invokers$Holder::invokeExact_MT@10
                      ; - jdk.internal.reflect.DirectMethodHandleAccessor::invokeImpl@55
                      ; - jdk.internal.reflect.DirectMethodHandleAccessor::invoke@23
  0x000001a0294685b8: 1507 e968 

  0x000001a0294685bc: ;   {runtime_call throw_null_pointer_exception Runtime1 stub}
  0x000001a0294685bc: efff ffe8 

  0x000001a0294685c0: ; ImmutableOopMap {rdx=Oop r8=Oop rsi=Oop rdi=Oop rax=Oop [176]=Oop [192]=Oop [264]=Oop [272]=Oop }
                      ;*invokevirtual type {reexecute=0 rethrow=0 return_oop=0}
                      ; - java.lang.invoke.Invokers::checkExactType@1
                      ; - java.lang.invoke.Invokers$Holder::invokeExact_MT@10
                      ; - jdk.internal.reflect.DirectMethodHandleAccessor::invokeImpl@55
                      ; - jdk.internal.reflect.DirectMethodHandleAccessor::invoke@23
  0x000001a0294685c0: 3c23 1507 

  0x000001a0294685c4: ;   {metadata({method} {0x000001a03c3dc300} 'checkCustomized' '(Ljava/lang/invoke/MethodHandle;)V' in 'java/lang/invoke/Invokers')}
  0x000001a0294685c4: 49ba f8c2 | 3d3c a001 | 0000 4c89 | 5424 0848 | c704 24ff 

  0x000001a0294685d8: ;   {runtime_call counter_overflow Runtime1 stub}
  0x000001a0294685d8: ffff ffe8 

  0x000001a0294685dc: ; ImmutableOopMap {rdx=Oop r8=Oop rsi=Oop rdi=Oop [176]=Oop [192]=Oop [264]=Oop [272]=Oop }
                      ;*synchronization entry
                      ; - java.lang.invoke.Invokers::checkCustomized@-1
                      ; - java.lang.invoke.Invokers$Holder::invokeExact_MT@14
                      ; - jdk.internal.reflect.DirectMethodHandleAccessor::invokeImpl@55
                      ; - jdk.internal.reflect.DirectMethodHandleAccessor::invoke@23
  0x000001a0294685dc: 2074 1507 | e942 f0ff 

  0x000001a0294685e4: ;   {metadata({method} {0x000001a03c0944d8} 'isCompileConstant' '(Ljava/lang/Object;)Z' in 'java/lang/invoke/MethodHandleImpl')}
  0x000001a0294685e4: ff49 bad0 | 4409 3ca0 | 0100 004c | 8954 2408 | 48c7 0424 | ffff ffff 

  0x000001a0294685fc: ;   {runtime_call counter_overflow Runtime1 stub}
  0x000001a0294685fc: e8ff 7315 

  0x000001a029468600: ; ImmutableOopMap {rdx=Oop r8=Oop rsi=Oop rdi=Oop [176]=Oop [192]=Oop [264]=Oop [272]=Oop }
                      ;*synchronization entry
                      ; - java.lang.invoke.MethodHandleImpl::isCompileConstant@-1
                      ; - java.lang.invoke.Invokers::checkCustomized@1
                      ; - java.lang.invoke.Invokers$Holder::invokeExact_MT@14
                      ; - jdk.internal.reflect.DirectMethodHandleAccessor::invokeImpl@55
                      ; - jdk.internal.reflect.DirectMethodHandleAccessor::invoke@23
  0x000001a029468600: 07e9 59f0 

  0x000001a029468604: ;   {runtime_call throw_null_pointer_exception Runtime1 stub}
  0x000001a029468604: ffff e8f5 

  0x000001a029468608: ; ImmutableOopMap {rdx=Oop r8=Oop rsi=Oop rdi=Oop [176]=Oop [192]=Oop [264]=Oop [272]=Oop }
                      ;*getfield customized {reexecute=1 rethrow=0 return_oop=0}
                      ; - (reexecute) java.lang.invoke.Invokers::checkCustomized@12
                      ; - java.lang.invoke.Invokers$Holder::invokeExact_MT@14
                      ; - jdk.internal.reflect.DirectMethodHandleAccessor::invokeImpl@55
                      ; - jdk.internal.reflect.DirectMethodHandleAccessor::invoke@23
                      ;   {internal_word}
  0x000001a029468608: 2215 0749 | bac4 7746 | 29a0 0100 | 004d 8997 | 6804 0000 

  0x000001a02946861c: ;   {runtime_call SafepointBlob}
  0x000001a02946861c: e95f ce09 

  0x000001a029468620: ;   {metadata({method} {0x000001a03c0ae5c8} 'invokeExact_MT' '(Ljava/lang/Object;Ljava/lang/Object;Ljava/lang/Object;)Ljava/lang/Object;' in 'java/lang/invoke/Invokers$Holder')}
  0x000001a029468620: 0749 bac0 | e50a 3ca0 | 0100 004c | 8954 2408 | 48c7 0424 | ffff ffff 

  0x000001a029468638: ;   {runtime_call counter_overflow Runtime1 stub}
  0x000001a029468638: e8c3 7315 

  0x000001a02946863c: ; ImmutableOopMap {rdx=Oop r8=Oop rsi=Oop [176]=Oop [192]=Oop [280]=Oop }
                      ;*synchronization entry
                      ; - java.lang.invoke.Invokers$Holder::invokeExact_MT@-1
                      ; - jdk.internal.reflect.DirectMethodHandleAccessor::invokeImpl@41
                      ; - jdk.internal.reflect.DirectMethodHandleAccessor::invoke@23
  0x000001a02946863c: 07e9 6bf2 

  0x000001a029468640: ;   {metadata({method} {0x000001a03c3dc408} 'checkExactType' '(Ljava/lang/invoke/MethodHandle;Ljava/lang/invoke/MethodType;)V' in 'java/lang/invoke/Invokers')}
  0x000001a029468640: ffff 49ba | 00c4 3d3c | a001 0000 | 4c89 5424 | 0848 c704 | 24ff ffff 

  0x000001a029468658: ;   {runtime_call counter_overflow Runtime1 stub}
  0x000001a029468658: ffe8 a273 

  0x000001a02946865c: ; ImmutableOopMap {rdx=Oop r8=Oop rsi=Oop rbx=Oop [176]=Oop [192]=Oop [280]=Oop }
                      ;*synchronization entry
                      ; - java.lang.invoke.Invokers::checkExactType@-1
                      ; - java.lang.invoke.Invokers$Holder::invokeExact_MT@10
                      ; - jdk.internal.reflect.DirectMethodHandleAccessor::invokeImpl@41
                      ; - jdk.internal.reflect.DirectMethodHandleAccessor::invoke@23
  0x000001a02946865c: 1507 e9bf 

  0x000001a029468660: ;   {runtime_call throw_null_pointer_exception Runtime1 stub}
  0x000001a029468660: f2ff ffe8 

  0x000001a029468664: ; ImmutableOopMap {rdx=Oop r8=Oop rsi=Oop rbx=Oop [176]=Oop [192]=Oop [280]=Oop }
                      ;*invokevirtual type {reexecute=0 rethrow=0 return_oop=0}
                      ; - java.lang.invoke.Invokers::checkExactType@1
                      ; - java.lang.invoke.Invokers$Holder::invokeExact_MT@10
                      ; - jdk.internal.reflect.DirectMethodHandleAccessor::invokeImpl@41
                      ; - jdk.internal.reflect.DirectMethodHandleAccessor::invoke@23
  0x000001a029468664: 9822 1507 

  0x000001a029468668: ;   {metadata({method} {0x000001a03c3dc300} 'checkCustomized' '(Ljava/lang/invoke/MethodHandle;)V' in 'java/lang/invoke/Invokers')}
  0x000001a029468668: 49ba f8c2 | 3d3c a001 | 0000 4c89 | 5424 0848 | c704 24ff 

  0x000001a02946867c: ;   {runtime_call counter_overflow Runtime1 stub}
  0x000001a02946867c: ffff ffe8 

  0x000001a029468680: ; ImmutableOopMap {rdx=Oop r8=Oop rsi=Oop [176]=Oop [192]=Oop [280]=Oop }
                      ;*synchronization entry
                      ; - java.lang.invoke.Invokers::checkCustomized@-1
                      ; - java.lang.invoke.Invokers$Holder::invokeExact_MT@14
                      ; - jdk.internal.reflect.DirectMethodHandleAccessor::invokeImpl@41
                      ; - jdk.internal.reflect.DirectMethodHandleAccessor::invoke@23
  0x000001a029468680: 7c73 1507 | e99a f3ff 

  0x000001a029468688: ;   {metadata({method} {0x000001a03c0944d8} 'isCompileConstant' '(Ljava/lang/Object;)Z' in 'java/lang/invoke/MethodHandleImpl')}
  0x000001a029468688: ff49 bad0 | 4409 3ca0 | 0100 004c | 8954 2408 | 48c7 0424 | ffff ffff 

  0x000001a0294686a0: ;   {runtime_call counter_overflow Runtime1 stub}
  0x000001a0294686a0: e85b 7315 

  0x000001a0294686a4: ; ImmutableOopMap {rdx=Oop r8=Oop rsi=Oop [176]=Oop [192]=Oop [280]=Oop }
                      ;*synchronization entry
                      ; - java.lang.invoke.MethodHandleImpl::isCompileConstant@-1
                      ; - java.lang.invoke.Invokers::checkCustomized@1
                      ; - java.lang.invoke.Invokers$Holder::invokeExact_MT@14
                      ; - jdk.internal.reflect.DirectMethodHandleAccessor::invokeImpl@41
                      ; - jdk.internal.reflect.DirectMethodHandleAccessor::invoke@23
  0x000001a0294686a4: 07e9 b2f3 

  0x000001a0294686a8: ;   {runtime_call throw_null_pointer_exception Runtime1 stub}
  0x000001a0294686a8: ffff e851 

  0x000001a0294686ac: ; ImmutableOopMap {rdx=Oop r8=Oop rsi=Oop [176]=Oop [192]=Oop [280]=Oop }
                      ;*getfield customized {reexecute=1 rethrow=0 return_oop=0}
                      ; - (reexecute) java.lang.invoke.Invokers::checkCustomized@12
                      ; - java.lang.invoke.Invokers$Holder::invokeExact_MT@14
                      ; - jdk.internal.reflect.DirectMethodHandleAccessor::invokeImpl@41
                      ; - jdk.internal.reflect.DirectMethodHandleAccessor::invoke@23
                      ;   {internal_word}
  0x000001a0294686ac: 2215 0749 | ba9d 7b46 | 29a0 0100 | 004d 8997 | 6804 0000 

  0x000001a0294686c0: ;   {runtime_call SafepointBlob}
  0x000001a0294686c0: e9bb cd09 

  0x000001a0294686c4: ;   {runtime_call throw_null_pointer_exception Runtime1 stub}
  0x000001a0294686c4: 07e8 3622 

  0x000001a0294686c8: ; ImmutableOopMap {rax=Oop [176]=Oop [192]=Oop [280]=Oop }
                      ;*athrow {reexecute=1 rethrow=0 return_oop=0}
                      ; - (reexecute) java.lang.invoke.Invokers::checkExactType@15
                      ; - java.lang.invoke.Invokers$Holder::invokeExact_MT@10
                      ; - jdk.internal.reflect.DirectMethodHandleAccessor::invokeImpl@41
                      ; - jdk.internal.reflect.DirectMethodHandleAccessor::invoke@23
                      ;   {runtime_call throw_null_pointer_exception Runtime1 stub}
  0x000001a0294686c8: 1507 e831 

  0x000001a0294686cc: ; ImmutableOopMap {rax=Oop [176]=Oop [192]=Oop [264]=Oop [272]=Oop }
                      ;*athrow {reexecute=1 rethrow=0 return_oop=0}
                      ; - (reexecute) java.lang.invoke.Invokers::checkExactType@15
                      ; - java.lang.invoke.Invokers$Holder::invokeExact_MT@10
                      ; - jdk.internal.reflect.DirectMethodHandleAccessor::invokeImpl@55
                      ; - jdk.internal.reflect.DirectMethodHandleAccessor::invoke@23
                      ;   {runtime_call throw_null_pointer_exception Runtime1 stub}
  0x000001a0294686cc: 2215 07e8 

  0x000001a0294686d0: ; ImmutableOopMap {rax=Oop [176]=Oop [192]=Oop [240]=Oop [248]=Oop [256]=Oop }
                      ;*athrow {reexecute=1 rethrow=0 return_oop=0}
                      ; - (reexecute) java.lang.invoke.Invokers::checkExactType@15
                      ; - java.lang.invoke.LambdaForm$MH/0x000001a03d002800::invokeExact_MT@11
                      ; - jdk.internal.reflect.DirectMethodHandleAccessor::invokeImpl@72
                      ; - jdk.internal.reflect.DirectMethodHandleAccessor::invoke@23
  0x000001a0294686d0: 2c22 1507 

  0x000001a0294686d4: ;   {runtime_call throw_null_pointer_exception Runtime1 stub}
  0x000001a0294686d4: e827 2215 

  0x000001a0294686d8: ; ImmutableOopMap {rax=Oop [176]=Oop [192]=Oop [208]=Oop [216]=Oop [224]=Oop [232]=Oop }
                      ;*athrow {reexecute=1 rethrow=0 return_oop=0}
                      ; - (reexecute) java.lang.invoke.Invokers::checkExactType@15
                      ; - java.lang.invoke.LambdaForm$MH/0x000001a03d0ee800::invokeExact_MT@11
                      ; - jdk.internal.reflect.DirectMethodHandleAccessor::invokeImpl@92
                      ; - jdk.internal.reflect.DirectMethodHandleAccessor::invoke@23
                      ;   {runtime_call throw_null_pointer_exception Runtime1 stub}
  0x000001a0294686d8: 07e8 2222 

  0x000001a0294686dc: ; ImmutableOopMap {rax=Oop [176]=Oop [184]=Oop [192]=Oop [200]=Oop }
                      ;*athrow {reexecute=1 rethrow=0 return_oop=0}
                      ; - (reexecute) java.lang.invoke.Invokers::checkExactType@15
                      ; - java.lang.invoke.Invokers$Holder::invokeExact_MT@10
                      ; - jdk.internal.reflect.DirectMethodHandleAccessor::invokeImpl@104
                      ; - jdk.internal.reflect.DirectMethodHandleAccessor::invoke@23
                      ;   {metadata({method} {0x000001a03c3c84c0} 'isIllegalArgument' '(Ljava/lang/RuntimeException;)Z' in 'jdk/internal/reflect/DirectMethodHandleAccessor')}
  0x000001a0294686dc: 1507 49ba | b884 3c3c | a001 0000 | 4c89 5424 | 0848 c704 | 24ff ffff 

  0x000001a0294686f4: ;   {runtime_call counter_overflow Runtime1 stub}
  0x000001a0294686f4: ffe8 0673 

  0x000001a0294686f8: ; ImmutableOopMap {rax=Oop }
                      ;*synchronization entry
                      ; - jdk.internal.reflect.DirectMethodHandleAccessor::isIllegalArgument@-1
                      ; - jdk.internal.reflect.DirectMethodHandleAccessor::invoke@58
  0x000001a0294686f8: 1507 e951 

  0x000001a0294686fc: ;   {metadata({method} {0x000001a03c3c84c0} 'isIllegalArgument' '(Ljava/lang/RuntimeException;)Z' in 'jdk/internal/reflect/DirectMethodHandleAccessor')}
  0x000001a0294686fc: f6ff ff49 | bab8 843c | 3ca0 0100 | 004c 8954 | 2408 48c7 | 0424 ffff 

  0x000001a029468714: ;   {runtime_call counter_overflow Runtime1 stub}
  0x000001a029468714: ffff e8e5 

  0x000001a029468718: ; ImmutableOopMap {rax=Oop }
                      ;*synchronization entry
                      ; - jdk.internal.reflect.DirectMethodHandleAccessor::isIllegalArgument@-1
                      ; - jdk.internal.reflect.DirectMethodHandleAccessor::invoke@30
  0x000001a029468718: 7215 07e9 | ebf6 ffff 

  0x000001a029468720: ;   {metadata(nullptr)}
  0x000001a029468720: 48ba 0000 | 0000 0000 | 0000 b800 

  0x000001a02946872c: ;   {runtime_call load_klass_patching Runtime1 stub}
  0x000001a02946872c: 0f05 0ae8 

  0x000001a029468730: ; ImmutableOopMap {}
                      ;*new {reexecute=1 rethrow=0 return_oop=0}
                      ; - (reexecute) jdk.internal.reflect.DirectMethodHandleAccessor::invoke@36
  0x000001a029468730: 4c62 1507 | e92f f7ff | ff48 8bd2 

  0x000001a02946873c: ;   {runtime_call fast_new_instance Runtime1 stub}
  0x000001a02946873c: e8bf 2a15 

  0x000001a029468740: ; ImmutableOopMap {}
                      ;*new {reexecute=0 rethrow=0 return_oop=0}
                      ; - jdk.internal.reflect.DirectMethodHandleAccessor::invoke@36
  0x000001a029468740: 07e9 7af7 

  0x000001a029468744: ;   {metadata(nullptr)}
  0x000001a029468744: ffff 48ba | 0000 0000 | 0000 0000 | b800 0f05 

  0x000001a029468754: ;   {runtime_call load_klass_patching Runtime1 stub}
  0x000001a029468754: 0ae8 2662 

  0x000001a029468758: ; ImmutableOopMap {r8=Oop }
                      ;*new {reexecute=1 rethrow=0 return_oop=0}
                      ; - (reexecute) jdk.internal.reflect.DirectMethodHandleAccessor::invoke@46
  0x000001a029468758: 1507 e9b9 

  0x000001a02946875c: ;   {runtime_call throw_null_pointer_exception Runtime1 stub}
  0x000001a02946875c: f7ff ffe8 

  0x000001a029468760: ; ImmutableOopMap {r8=Oop }
                      ;*new {reexecute=0 rethrow=0 return_oop=0}
                      ; - jdk.internal.reflect.DirectMethodHandleAccessor::invoke@46
  0x000001a029468760: 9c21 1507 

  0x000001a029468764: ;   {runtime_call fast_new_instance_init_check Runtime1 stub}
  0x000001a029468764: 488b d2e8 

  0x000001a029468768: ; ImmutableOopMap {r8=Oop }
                      ;*new {reexecute=0 rethrow=0 return_oop=0}
                      ; - jdk.internal.reflect.DirectMethodHandleAccessor::invoke@46
  0x000001a029468768: 942d 1507 | e90c f8ff 

  0x000001a029468770: ;   {metadata(nullptr)}
  0x000001a029468770: ff48 ba00 | 0000 0000 | 0000 00b8 | 000f 050a 

  0x000001a029468780: ;   {runtime_call load_klass_patching Runtime1 stub}
  0x000001a029468780: e8fb 6115 

  0x000001a029468784: ; ImmutableOopMap {[288]=Oop }
                      ;*new {reexecute=1 rethrow=0 return_oop=0}
                      ; - (reexecute) jdk.internal.reflect.DirectMethodHandleAccessor::invoke@64
  0x000001a029468784: 07e9 36f8 | ffff 488b 

  0x000001a02946878c: ;   {runtime_call fast_new_instance Runtime1 stub}
  0x000001a02946878c: d2e8 6e2a 

  0x000001a029468790: ; ImmutableOopMap {[288]=Oop }
                      ;*new {reexecute=0 rethrow=0 return_oop=0}
                      ; - jdk.internal.reflect.DirectMethodHandleAccessor::invoke@64
  0x000001a029468790: 1507 e981 

  0x000001a029468794: ;   {metadata(nullptr)}
  0x000001a029468794: f8ff ff48 | ba00 0000 | 0000 0000 | 00b8 000f 

  0x000001a0294687a4: ;   {runtime_call load_klass_patching Runtime1 stub}
  0x000001a0294687a4: 050a e8d5 

  0x000001a0294687a8: ; ImmutableOopMap {r8=Oop }
                      ;*new {reexecute=1 rethrow=0 return_oop=0}
                      ; - (reexecute) jdk.internal.reflect.DirectMethodHandleAccessor::invoke@73
  0x000001a0294687a8: 6115 07e9 | c0f8 ffff 

  0x000001a0294687b0: ;   {runtime_call throw_null_pointer_exception Runtime1 stub}
  0x000001a0294687b0: e84b 2115 

  0x000001a0294687b4: ; ImmutableOopMap {r8=Oop }
                      ;*new {reexecute=0 rethrow=0 return_oop=0}
                      ; - jdk.internal.reflect.DirectMethodHandleAccessor::invoke@73
  0x000001a0294687b4: 0748 8bd2 

  0x000001a0294687b8: ;   {runtime_call fast_new_instance_init_check Runtime1 stub}
  0x000001a0294687b8: e843 2d15 

  0x000001a0294687bc: ; ImmutableOopMap {r8=Oop }
                      ;*new {reexecute=0 rethrow=0 return_oop=0}
                      ; - jdk.internal.reflect.DirectMethodHandleAccessor::invoke@73
  0x000001a0294687bc: 07e9 13f9 

  0x000001a0294687c0: ;   {metadata(nullptr)}
  0x000001a0294687c0: ffff 48ba | 0000 0000 | 0000 0000 | b800 0f05 

  0x000001a0294687d0: ;   {runtime_call load_klass_patching Runtime1 stub}
  0x000001a0294687d0: 0ae8 aa61 

  0x000001a0294687d4: ; ImmutableOopMap {[176]=Oop [184]=Oop [192]=Oop }
                      ;*new {reexecute=1 rethrow=0 return_oop=0}
                      ; - (reexecute) jdk.internal.reflect.DirectMethodHandleAccessor::checkReceiver@14
                      ; - jdk.internal.reflect.DirectMethodHandleAccessor::invoke@9
  0x000001a0294687d4: 1507 e93d | f9ff ff48 

  0x000001a0294687dc: ;   {runtime_call fast_new_instance Runtime1 stub}
  0x000001a0294687dc: 8bd2 e81d 

  0x000001a0294687e0: ; ImmutableOopMap {[176]=Oop [184]=Oop [192]=Oop }
                      ;*new {reexecute=0 rethrow=0 return_oop=0}
                      ; - jdk.internal.reflect.DirectMethodHandleAccessor::checkReceiver@14
                      ; - jdk.internal.reflect.DirectMethodHandleAccessor::invoke@9
  0x000001a0294687e0: 2a15 07e9 | 88f9 ffff 

  0x000001a0294687e8: ;   {metadata(nullptr)}
  0x000001a0294687e8: 48ba 0000 | 0000 0000 | 0000 b800 

  0x000001a0294687f4: ;   {runtime_call load_klass_patching Runtime1 stub}
  0x000001a0294687f4: 0f05 0ae8 

  0x000001a0294687f8: ; ImmutableOopMap {r8=Oop }
                      ;*new {reexecute=1 rethrow=0 return_oop=0}
                      ; - (reexecute) jdk.internal.reflect.DirectMethodHandleAccessor::invoke@83
  0x000001a0294687f8: 8461 1507 | e9d7 f9ff 

  0x000001a029468800: ;   {runtime_call throw_null_pointer_exception Runtime1 stub}
  0x000001a029468800: ffe8 fa20 

  0x000001a029468804: ; ImmutableOopMap {r8=Oop }
                      ;*new {reexecute=0 rethrow=0 return_oop=0}
                      ; - jdk.internal.reflect.DirectMethodHandleAccessor::invoke@83
  0x000001a029468804: 1507 488b 

  0x000001a029468808: ;   {runtime_call fast_new_instance_init_check Runtime1 stub}
  0x000001a029468808: d2e8 f22c 

  0x000001a02946880c: ; ImmutableOopMap {r8=Oop }
                      ;*new {reexecute=0 rethrow=0 return_oop=0}
                      ; - jdk.internal.reflect.DirectMethodHandleAccessor::invoke@83
  0x000001a02946880c: 1507 e92a | faff ff49 | 8b87 0005 | 0000 49c7 | 8700 0500 | 0000 0000 | 0049 c787 | 0805 0000 
  0x000001a02946882c: 0000 0000 | 4881 c470 | 0100 005d 

  0x000001a029468838: ;   {runtime_call unwind_exception Runtime1 stub}
  0x000001a029468838: e9c3 1115 | 07f4 f4f4 
[Stub Code]
  0x000001a029468840: ;   {no_reloc}
  0x000001a029468840: 0f1f 4400 

  0x000001a029468844: ;   {static_stub}
  0x000001a029468844: 0048 bb00 | 0000 0000 

  0x000001a02946884c: ;   {runtime_call nmethod}
  0x000001a02946884c: 0000 00e9 | fbff ffff 

  0x000001a029468854: ;   {static_stub}
  0x000001a029468854: 9048 bb00 | 0000 0000 

  0x000001a02946885c: ;   {runtime_call nmethod}
  0x000001a02946885c: 0000 00e9 | fbff ffff 

  0x000001a029468864: ;   {static_stub}
  0x000001a029468864: 9048 bb00 | 0000 0000 

  0x000001a02946886c: ;   {runtime_call nmethod}
  0x000001a02946886c: 0000 00e9 | fbff ffff 

  0x000001a029468874: ;   {static_stub}
  0x000001a029468874: 9048 bb00 | 0000 0000 

  0x000001a02946887c: ;   {runtime_call nmethod}
  0x000001a02946887c: 0000 00e9 | fbff ffff 

  0x000001a029468884: ;   {static_stub}
  0x000001a029468884: 9048 bb00 | 0000 0000 

  0x000001a02946888c: ;   {runtime_call nmethod}
  0x000001a02946888c: 0000 00e9 | fbff ffff 

  0x000001a029468894: ;   {static_stub}
  0x000001a029468894: 48bb 0000 | 0000 0000 

  0x000001a02946889c: ;   {runtime_call nmethod}
  0x000001a02946889c: 0000 e9fb 

  0x000001a0294688a0: ;   {static_stub}
  0x000001a0294688a0: ffff ff48 | bb00 0000 | 0000 0000 

  0x000001a0294688ac: ;   {runtime_call nmethod}
  0x000001a0294688ac: 00e9 fbff 

  0x000001a0294688b0: ;   {static_stub}
  0x000001a0294688b0: ffff 48bb | 0000 0000 | 0000 0000 

  0x000001a0294688bc: ;   {runtime_call nmethod}
  0x000001a0294688bc: e9fb ffff 

  0x000001a0294688c0: ;   {static_stub}
  0x000001a0294688c0: ff48 bb00 | 0000 0000 

  0x000001a0294688c8: ;   {runtime_call nmethod}
  0x000001a0294688c8: 0000 00e9 | fbff ffff 

  0x000001a0294688d0: ;   {static_stub}
  0x000001a0294688d0: 48bb 0000 | 0000 0000 

  0x000001a0294688d8: ;   {runtime_call nmethod}
  0x000001a0294688d8: 0000 e9fb 

  0x000001a0294688dc: ;   {static_stub}
  0x000001a0294688dc: ffff ff48 | bb00 0000 | 0000 0000 

  0x000001a0294688e8: ;   {runtime_call nmethod}
  0x000001a0294688e8: 00e9 fbff 

  0x000001a0294688ec: ;   {static_stub}
  0x000001a0294688ec: ffff 48bb | 0000 0000 | 0000 0000 

  0x000001a0294688f8: ;   {runtime_call nmethod}
  0x000001a0294688f8: e9fb ffff 

  0x000001a0294688fc: ;   {static_stub}
  0x000001a0294688fc: ff48 bb00 | 0000 0000 

  0x000001a029468904: ;   {runtime_call nmethod}
  0x000001a029468904: 0000 00e9 | fbff ffff 

  0x000001a02946890c: ;   {static_stub}
  0x000001a02946890c: 48bb 0000 | 0000 0000 

  0x000001a029468914: ;   {runtime_call nmethod}
  0x000001a029468914: 0000 e9fb 

  0x000001a029468918: ;   {static_stub}
  0x000001a029468918: ffff ff48 | bb00 0000 | 0000 0000 

  0x000001a029468924: ;   {runtime_call nmethod}
  0x000001a029468924: 00e9 fbff 

  0x000001a029468928: ;   {runtime_call handle_exception_from_callee Runtime1 stub}
  0x000001a029468928: ffff e8d1 

  0x000001a02946892c: ;   {external_word}
  0x000001a02946892c: 3d15 0748 | b950 63da | bbfd 7f00 | 0048 83e4 

  0x000001a02946893c: ;   {runtime_call}
  0x000001a02946893c: f048 b8c0 | c99c bbfd | 7f00 00ff 

  0x000001a029468948: ;   {section_word}
  0x000001a029468948: d0f4 49ba | 4a89 4629 | a001 0000 

  0x000001a029468954: ;   {runtime_call DeoptimizationBlob}
  0x000001a029468954: 4152 e9c5 

  0x000001a029468958: ;   {section_word}
  0x000001a029468958: bd09 0749 | ba5b 8946 | 29a0 0100 

  0x000001a029468964: ;   {runtime_call DeoptimizationBlob}
  0x000001a029468964: 0041 52e9 | b4bd 0907 | f4f4 f4f4 
[/MachCode]


Compiled method (c1) 66768 2327       3       java.lang.reflect.Method::invoke (108 bytes)
 total in heap  [0x000001a0293e1e10,0x000001a0293e2880] = 2672
 relocation     [0x000001a0293e1f70,0x000001a0293e2030] = 192
 main code      [0x000001a0293e2040,0x000001a0293e2620] = 1504
 stub code      [0x000001a0293e2620,0x000001a0293e26b8] = 152
 metadata       [0x000001a0293e26b8,0x000001a0293e26c8] = 16
 scopes data    [0x000001a0293e26c8,0x000001a0293e2788] = 192
 scopes pcs     [0x000001a0293e2788,0x000001a0293e2858] = 208
 dependencies   [0x000001a0293e2858,0x000001a0293e2860] = 8
 nul chk table  [0x000001a0293e2860,0x000001a0293e2880] = 32

[Constant Pool (empty)]

[MachCode]
[Entry Point]
  # {method} {0x000001a03c044978} 'invoke' '(Ljava/lang/Object;[Ljava/lang/Object;)Ljava/lang/Object;' in 'java/lang/reflect/Method'
  # this:     rdx:rdx   = 'java/lang/reflect/Method'
  # parm0:    r8:r8     = 'java/lang/Object'
  # parm1:    r9:r9     = '[Ljava/lang/Object;'
  #           [sp+0x90]  (sp of caller)
  0x000001a0293e2040: 448b 5208 | 49bb 0000 | 003c a001 | 0000 4d03 | d34c 3bd0 

  0x000001a0293e2054: ;   {runtime_call ic_miss_stub}
  0x000001a0293e2054: 0f85 26c7 | 1107 660f | 1f44 0000 
[Verified Entry Point]
  0x000001a0293e2060: 8984 2400 | 80ff ff55 | 4881 ec80 | 0000 0090 | 4181 7f20 | 0100 0000 

  0x000001a0293e2078: ;   {runtime_call StubRoutines (final stubs)}
  0x000001a0293e2078: 7405 e821 | 4410 0748 | 8954 2448 | 4c89 4424 

  0x000001a0293e2088: ;   {metadata(method data for {method} {0x000001a03c044978} 'invoke' '(Ljava/lang/Object;[Ljava/lang/Object;)Ljava/lang/Object;' in 'java/lang/reflect/Method')}
  0x000001a0293e2088: 5048 be70 | f196 51a0 | 0100 008b | becc 0000 | 0083 c702 | 89be cc00 | 0000 81e7 | fe07 0000 
  0x000001a0293e20a8: 85ff 0f84 | c204 0000 | 4c89 4c24 | 5848 8bf2 

  0x000001a0293e20b8: ;   {metadata(method data for {method} {0x000001a03c044978} 'invoke' '(Ljava/lang/Object;[Ljava/lang/Object;)Ljava/lang/Object;' in 'java/lang/reflect/Method')}
  0x000001a0293e20b8: 48bf 70f1 | 9651 a001 | 0000 4883 | 8710 0100 | 0001 488b | f248 8bd6 | 0f1f 8000 

  0x000001a0293e20d4: ;   {optimized virtual_call}
  0x000001a0293e20d4: 0000 00e8 

  0x000001a0293e20d8: ; ImmutableOopMap {[72]=Oop [80]=Oop [88]=Oop }
                      ;*invokevirtual isCallerSensitive {reexecute=0 rethrow=0 return_oop=0}
                      ; - java.lang.reflect.Method::invoke@1
  0x000001a0293e20d8: a4ec f7ff 

  0x000001a0293e20dc: ;   {other}
  0x000001a0293e20dc: 0f1f 8400 | cc02 0000 | 488b 5424 | 480f be72 

  0x000001a0293e20ec: ;   {metadata(method data for {method} {0x000001a03c044978} 'invoke' '(Ljava/lang/Object;[Ljava/lang/Object;)Ljava/lang/Object;' in 'java/lang/reflect/Method')}
  0x000001a0293e20ec: 0c85 f648 | be70 f196 | 51a0 0100 | 0048 c7c7 | 4801 0000 | 7407 48c7 | c758 0100 | 0048 8b1c 
  0x000001a0293e210c: 3e48 8d5b | 0148 891c | 3e0f 8441 | 0000 0085 

  0x000001a0293e211c: ;   {metadata(method data for {method} {0x000001a03c044978} 'invoke' '(Ljava/lang/Object;[Ljava/lang/Object;)Ljava/lang/Object;' in 'java/lang/reflect/Method')}
  0x000001a0293e211c: c048 be70 | f196 51a0 | 0100 0048 | c7c7 7801 | 0000 7507 | 48c7 c768 | 0100 0048 | 8b1c 3e48 
  0x000001a0293e213c: 8d5b 0148 | 891c 3e0f | 8513 0000 

  0x000001a0293e2148: ;   {oop(nullptr)}
  0x000001a0293e2148: 0048 bb00 | 0000 0000 | 0000 0089 | 4424 60e9 | 3000 0000 | 8944 2460 

  0x000001a0293e2160: ;   {metadata(method data for {method} {0x000001a03c044978} 'invoke' '(Ljava/lang/Object;[Ljava/lang/Object;)Ljava/lang/Object;' in 'java/lang/reflect/Method')}
  0x000001a0293e2160: 48be 70f1 | 9651 a001 | 0000 4883 | 8688 0100 | 0001 0f1f 

  0x000001a0293e2174: ;   {static_call}
  0x000001a0293e2174: 4400 00e8 

  0x000001a0293e2178: ; ImmutableOopMap {[72]=Oop [80]=Oop [88]=Oop }
                      ;*invokestatic getCallerClass {reexecute=0 rethrow=0 return_oop=0}
                      ; - java.lang.reflect.Method::invoke@19
  0x000001a0293e2178: 04cf 1107 

  0x000001a0293e217c: ;   {other}
  0x000001a0293e217c: 0f1f 8400 | 6c03 0001 | 488b d848 | 8b54 2448 | 440f be42 | 0c45 85c0 

  0x000001a0293e2194: ;   {metadata(method data for {method} {0x000001a03c044978} 'invoke' '(Ljava/lang/Object;[Ljava/lang/Object;)Ljava/lang/Object;' in 'java/lang/reflect/Method')}
  0x000001a0293e2194: 49b8 70f1 | 9651 a001 | 0000 49c7 | c1a8 0100 | 0074 0749 | c7c1 9801 | 0000 4b8b | 3c08 488d 
  0x000001a0293e21b4: 7f01 4b89 | 3c08 0f84 | 0a00 0000 | 4889 5c24 | 68e9 5701 | 0000 448b | 4a24 8b72 

  0x000001a0293e21d0: ;   {metadata(method data for {method} {0x000001a03c044978} 'invoke' '(Ljava/lang/Object;[Ljava/lang/Object;)Ljava/lang/Object;' in 'java/lang/reflect/Method')}
  0x000001a0293e21d0: 2049 b870 | f196 51a0 | 0100 0049 | 8380 b801 

  0x000001a0293e21e0: ;   {metadata(method data for {method} {0x000001a03c3defc0} 'isStatic' '(I)Z' in 'java/lang/reflect/Modifier')}
  0x000001a0293e21e0: 0000 0149 | b838 fd11 | 51a0 0100 | 0041 8bb8 | cc00 0000 | 83c7 0241 | 89b8 cc00 | 0000 81e7 
  0x000001a0293e2200: feff 1f00 | 85ff 0f84 | 8703 0000 | 4c8b c641 | 83e0 0845 

  0x000001a0293e2214: ;   {metadata(method data for {method} {0x000001a03c3defc0} 'isStatic' '(I)Z' in 'java/lang/reflect/Modifier')}
  0x000001a0293e2214: 85c0 49b8 | 38fd 1151 | a001 0000 | 48c7 c710 | 0100 0074 | 0748 c7c7 | 2001 0000 | 498b 0438 
  0x000001a0293e2234: 488d 4001 | 4989 0438 | 0f84 1c00 

  0x000001a0293e2240: ;   {metadata(method data for {method} {0x000001a03c3defc0} 'isStatic' '(I)Z' in 'java/lang/reflect/Modifier')}
  0x000001a0293e2240: 0000 49b8 | 38fd 1151 | a001 0000 | 41ff 8030 | 0100 0041 | b801 0000 | 00e9 0600 | 0000 41b8 
  0x000001a0293e2260: 0000 0000 | 4183 e001 

  0x000001a0293e2268: ;   {metadata(method data for {method} {0x000001a03c044978} 'invoke' '(Ljava/lang/Object;[Ljava/lang/Object;)Ljava/lang/Object;' in 'java/lang/reflect/Method')}
  0x000001a0293e2268: 4585 c049 | b870 f196 | 51a0 0100 | 0048 c7c7 | c801 0000 | 7407 48c7 | c7d8 0100 | 0049 8b04 
  0x000001a0293e2288: 3848 8d40 | 0149 8904 | 380f 8420 

  0x000001a0293e2294: ;   {metadata(method data for {method} {0x000001a03c044978} 'invoke' '(Ljava/lang/Object;[Ljava/lang/Object;)Ljava/lang/Object;' in 'java/lang/reflect/Method')}
  0x000001a0293e2294: 0000 0049 | b870 f196 | 51a0 0100 | 0041 ff80 | e801 0000 

  0x000001a0293e22a8: ;   {oop(nullptr)}
  0x000001a0293e22a8: 48bf 0000 | 0000 0000 | 0000 e935 | 0000 004c | 8b44 2450 

  0x000001a0293e22bc: ; implicit exception: dispatches to 0x000001a0293e25b4
  0x000001a0293e22bc: 493b 0049 

  0x000001a0293e22c0: ;   {metadata(method data for {method} {0x000001a03c044978} 'invoke' '(Ljava/lang/Object;[Ljava/lang/Object;)Ljava/lang/Object;' in 'java/lang/reflect/Method')}
  0x000001a0293e22c0: 8bf8 48b8 | 70f1 9651 | a001 0000 | 4883 8000 | 0200 0001 | 418b 7808 | 49ba 0000 | 003c a001 
  0x000001a0293e22e0: 0000 4903 | fa48 8b7f | 7048 8b3f 

  0x000001a0293e22ec: ;   {metadata(method data for {method} {0x000001a03c044978} 'invoke' '(Ljava/lang/Object;[Ljava/lang/Object;)Ljava/lang/Object;' in 'java/lang/reflect/Method')}
  0x000001a0293e22ec: 488b c248 | b970 f196 | 51a0 0100 | 0048 8381 | 3802 0000 | 014c 8bc3 | 488b ca48 | 8bd1 4889 
  0x000001a0293e230c: ;   {optimized virtual_call}
  0x000001a0293e230c: 5c24 68e8 

  0x000001a0293e2310: ; ImmutableOopMap {[72]=Oop [80]=Oop [88]=Oop [104]=Oop }
                      ;*invokevirtual checkAccess {reexecute=0 rethrow=0 return_oop=0}
                      ; - java.lang.reflect.Method::invoke@60
  0x000001a0293e2310: 6cc7 1107 

  0x000001a0293e2314: ;   {other}
  0x000001a0293e2314: 0f1f 8400 | 0405 0002 | 488b 5424 | 488b 724c 

  0x000001a0293e2324: ;   {metadata(method data for {method} {0x000001a03c044978} 'invoke' '(Ljava/lang/Object;[Ljava/lang/Object;)Ljava/lang/Object;' in 'java/lang/reflect/Method')}
  0x000001a0293e2324: 4885 f648 | bf70 f196 | 51a0 0100 | 0048 c7c3 | 7002 0000 | 7507 48c7 | c380 0200 | 0048 8b04 
  0x000001a0293e2344: 1f48 8d40 | 0148 8904 | 1f0f 852c | 0000 0048 

  0x000001a0293e2354: ;   {metadata(method data for {method} {0x000001a03c044978} 'invoke' '(Ljava/lang/Object;[Ljava/lang/Object;)Ljava/lang/Object;' in 'java/lang/reflect/Method')}
  0x000001a0293e2354: 8bf2 48bf | 70f1 9651 | a001 0000 | 4883 8790 | 0200 0001 | 0f1f 8000 

  0x000001a0293e236c: ;   {optimized virtual_call}
  0x000001a0293e236c: 0000 00e8 

  0x000001a0293e2370: ; ImmutableOopMap {[80]=Oop [88]=Oop [104]=Oop }
                      ;*invokevirtual acquireMethodAccessor {reexecute=0 rethrow=0 return_oop=0}
                      ; - java.lang.reflect.Method::invoke@75
  0x000001a0293e2370: fd02 0000 

  0x000001a0293e2374: ;   {other}
  0x000001a0293e2374: 0f1f 8400 | 6405 0003 | 488b f08b | 4424 6085 

  0x000001a0293e2384: ;   {metadata(method data for {method} {0x000001a03c044978} 'invoke' '(Ljava/lang/Object;[Ljava/lang/Object;)Ljava/lang/Object;' in 'java/lang/reflect/Method')}
  0x000001a0293e2384: c049 b870 | f196 51a0 | 0100 0049 | c7c1 c802 | 0000 7407 | 49c7 c1d8 | 0200 004b | 8b3c 0848 
  0x000001a0293e23a4: 8d7f 014b | 893c 080f | 84ea 0000 | 0048 8b5c | 2468 483b | 064c 8bc6 

  0x000001a0293e23bc: ;   {metadata(method data for {method} {0x000001a03c044978} 'invoke' '(Ljava/lang/Object;[Ljava/lang/Object;)Ljava/lang/Object;' in 'java/lang/reflect/Method')}
  0x000001a0293e23bc: 49b9 70f1 | 9651 a001 | 0000 458b | 4008 49ba | 0000 003c | a001 0000 | 4d03 c24d | 3b81 f802 
  0x000001a0293e23dc: 0000 750d | 4983 8100 | 0300 0001 | e960 0000 | 004d 3b81 | 0803 0000 | 750d 4983 | 8110 0300 
  0x000001a0293e23fc: 0001 e94a | 0000 0049 | 83b9 f802 | 0000 0075 | 174d 8981 | f802 0000 | 49c7 8100 | 0300 0001 
  0x000001a0293e241c: 0000 00e9 | 2900 0000 | 4983 b908 | 0300 0000 | 7517 4d89 | 8108 0300 | 0049 c781 | 1003 0000 
  0x000001a0293e243c: 0100 0000 | e908 0000 | 0049 8381 | e802 0000 | 014c 8b44 | 2450 4c8b | 4c24 5848 | 8bfb 488b 
  0x000001a0293e245c: d648 b8ff | ffff ffff 

  0x000001a0293e2464: ;   {virtual_call}
  0x000001a0293e2464: ffff ffe8 

  0x000001a0293e2468: ; ImmutableOopMap {}
                      ;*invokeinterface invoke {reexecute=0 rethrow=0 return_oop=0}
                      ; - java.lang.reflect.Method::invoke@90
  0x000001a0293e2468: 14c9 1107 

  0x000001a0293e246c: ;   {other}
  0x000001a0293e246c: 0f1f 8400 | 5c06 0004 

  0x000001a0293e2474: ;   {metadata(method data for {method} {0x000001a03c044978} 'invoke' '(Ljava/lang/Object;[Ljava/lang/Object;)Ljava/lang/Object;' in 'java/lang/reflect/Method')}
  0x000001a0293e2474: 49b8 70f1 | 9651 a001 | 0000 41ff | 8020 0300 | 0048 81c4 | 8000 0000 

  0x000001a0293e248c: ;   {poll_return}
  0x000001a0293e248c: 5d49 3ba7 | 5004 0000 | 0f87 2401 | 0000 c34c | 8b4c 2458 | 4c8b 4424 | 5048 3b06 

  0x000001a0293e24a8: ;   {metadata(method data for {method} {0x000001a03c044978} 'invoke' '(Ljava/lang/Object;[Ljava/lang/Object;)Ljava/lang/Object;' in 'java/lang/reflect/Method')}
  0x000001a0293e24a8: 488b d648 | bf70 f196 | 51a0 0100 | 008b 5208 | 49ba 0000 | 003c a001 | 0000 4903 | d248 3b97 
  0x000001a0293e24c8: 4803 0000 | 750d 4883 | 8750 0300 | 0001 e960 | 0000 0048 | 3b97 5803 | 0000 750d | 4883 8760 
  0x000001a0293e24e8: 0300 0001 | e94a 0000 | 0048 83bf | 4803 0000 | 0075 1748 | 8997 4803 | 0000 48c7 | 8750 0300 
  0x000001a0293e2508: 0001 0000 | 00e9 2900 | 0000 4883 | bf58 0300 | 0000 7517 | 4889 9758 | 0300 0048 | c787 6003 
  0x000001a0293e2528: 0000 0100 | 0000 e908 | 0000 0048 | 8387 3803 | 0000 0148 | 8bd6 0f1f | 8000 0000 | 0048 b8b8 
  0x000001a0293e2548: cc19 3ca0 

  0x000001a0293e254c: ;   {virtual_call}
  0x000001a0293e254c: 0100 00e8 

  0x000001a0293e2550: ; ImmutableOopMap {}
                      ;*invokeinterface invoke {reexecute=0 rethrow=0 return_oop=0}
                      ; - java.lang.reflect.Method::invoke@102
  0x000001a0293e2550: ec39 0800 

  0x000001a0293e2554: ;   {other}
  0x000001a0293e2554: 0f1f 8400 | 4407 0005 | 4881 c480 | 0000 005d 

  0x000001a0293e2564: ;   {poll_return}
  0x000001a0293e2564: 493b a750 | 0400 000f | 8768 0000 

  0x000001a0293e2570: ;   {metadata({method} {0x000001a03c044978} 'invoke' '(Ljava/lang/Object;[Ljava/lang/Object;)Ljava/lang/Object;' in 'java/lang/reflect/Method')}
  0x000001a0293e2570: 00c3 49ba | 7049 043c | a001 0000 | 4c89 5424 | 0848 c704 | 24ff ffff 

  0x000001a0293e2588: ;   {runtime_call counter_overflow Runtime1 stub}
  0x000001a0293e2588: ffe8 72d4 

  0x000001a0293e258c: ; ImmutableOopMap {rdx=Oop r8=Oop r9=Oop [72]=Oop [80]=Oop }
                      ;*synchronization entry
                      ; - java.lang.reflect.Method::invoke@-1
  0x000001a0293e258c: 1d07 e91d 

  0x000001a0293e2590: ;   {metadata({method} {0x000001a03c3defc0} 'isStatic' '(I)Z' in 'java/lang/reflect/Modifier')}
  0x000001a0293e2590: fbff ff49 | bab8 ef3d | 3ca0 0100 | 004c 8954 | 2408 48c7 | 0424 ffff 

  0x000001a0293e25a8: ;   {runtime_call counter_overflow Runtime1 stub}
  0x000001a0293e25a8: ffff e851 

  0x000001a0293e25ac: ; ImmutableOopMap {rbx=Oop rdx=Oop r9=Oop [72]=Oop [80]=Oop [88]=Oop }
                      ;*synchronization entry
                      ; - java.lang.reflect.Modifier::isStatic@-1
                      ; - java.lang.reflect.Method::invoke@42
  0x000001a0293e25ac: d41d 07e9 | 58fc ffff 

  0x000001a0293e25b4: ;   {runtime_call throw_null_pointer_exception Runtime1 stub}
  0x000001a0293e25b4: e847 831d 

  0x000001a0293e25b8: ; ImmutableOopMap {rbx=Oop rdx=Oop r9=Oop r8=Oop [72]=Oop [80]=Oop [88]=Oop }
                      ;*invokevirtual getClass {reexecute=0 rethrow=0 return_oop=0}
                      ; - java.lang.reflect.Method::invoke@53
                      ;   {runtime_call throw_null_pointer_exception Runtime1 stub}
  0x000001a0293e25b8: 07e8 4283 

  0x000001a0293e25bc: ; ImmutableOopMap {rsi=Oop rbx=Oop [80]=Oop [88]=Oop }
                      ;*invokeinterface invoke {reexecute=0 rethrow=0 return_oop=0}
                      ; - java.lang.reflect.Method::invoke@90
                      ;   {internal_word}
  0x000001a0293e25bc: 1d07 49ba | 8d24 3e29 | a001 0000 | 4d89 9768 

  0x000001a0293e25cc: ;   {runtime_call SafepointBlob}
  0x000001a0293e25cc: 0400 00e9 | ac2e 1207 

  0x000001a0293e25d4: ;   {runtime_call throw_null_pointer_exception Runtime1 stub}
  0x000001a0293e25d4: e827 831d 

  0x000001a0293e25d8: ; ImmutableOopMap {r9=Oop r8=Oop rsi=Oop [80]=Oop }
                      ;*invokeinterface invoke {reexecute=0 rethrow=0 return_oop=0}
                      ; - java.lang.reflect.Method::invoke@102
                      ;   {internal_word}
  0x000001a0293e25d8: 0749 ba64 | 253e 29a0 | 0100 004d | 8997 6804 

  0x000001a0293e25e8: ;   {runtime_call SafepointBlob}
  0x000001a0293e25e8: 0000 e991 | 2e12 0749 | 8b87 0005 | 0000 49c7 | 8700 0500 | 0000 0000 | 0049 c787 | 0805 0000 
  0x000001a0293e2608: 0000 0000 | 4881 c480 | 0000 005d 

  0x000001a0293e2614: ;   {runtime_call unwind_exception Runtime1 stub}
  0x000001a0293e2614: e9e7 731d | 07f4 f4f4 | f4f4 f4f4 
[Stub Code]
  0x000001a0293e2620: ;   {no_reloc}
  0x000001a0293e2620: 0f1f 4400 

  0x000001a0293e2624: ;   {static_stub}
  0x000001a0293e2624: 0048 bb00 | 0000 0000 

  0x000001a0293e262c: ;   {runtime_call nmethod}
  0x000001a0293e262c: 0000 00e9 | fbff ffff 

  0x000001a0293e2634: ;   {static_stub}
  0x000001a0293e2634: 9048 bb00 | 0000 0000 

  0x000001a0293e263c: ;   {runtime_call nmethod}
  0x000001a0293e263c: 0000 00e9 | fbff ffff 

  0x000001a0293e2644: ;   {static_stub}
  0x000001a0293e2644: 48bb 0000 | 0000 0000 

  0x000001a0293e264c: ;   {runtime_call nmethod}
  0x000001a0293e264c: 0000 e9fb 

  0x000001a0293e2650: ;   {static_stub}
  0x000001a0293e2650: ffff ff48 | bb00 0000 | 0000 0000 

  0x000001a0293e265c: ;   {runtime_call nmethod}
  0x000001a0293e265c: 00e9 fbff 

  0x000001a0293e2660: ;   {static_stub}
  0x000001a0293e2660: ffff 48bb | 0000 0000 | 0000 0000 

  0x000001a0293e266c: ;   {runtime_call nmethod}
  0x000001a0293e266c: e9fb ffff 

  0x000001a0293e2670: ;   {static_stub}
  0x000001a0293e2670: ff48 bbe8 | 4d04 3ca0 

  0x000001a0293e2678: ;   {runtime_call I2C/C2I adapters}
  0x000001a0293e2678: 0100 00e9 | e30d 1207 
[Exception Handler]
  0x000001a0293e2680: ;   {runtime_call handle_exception_from_callee Runtime1 stub}
  0x000001a0293e2680: e87b a01d 

  0x000001a0293e2684: ;   {external_word}
  0x000001a0293e2684: 0748 b950 | 63da bbfd | 7f00 0048 

  0x000001a0293e2690: ;   {runtime_call}
  0x000001a0293e2690: 83e4 f048 | b8c0 c99c | bbfd 7f00 | 00ff d0f4 
[Deopt Handler Code]
  0x000001a0293e26a0: ;   {section_word}
  0x000001a0293e26a0: 49ba a026 | 3e29 a001 | 0000 4152 

  0x000001a0293e26ac: ;   {runtime_call DeoptimizationBlob}
  0x000001a0293e26ac: e96f 2012 | 07f4 f4f4 | f4f4 f4f4 
[/MachCode]


---------------  P R O C E S S  ---------------

Threads class SMR info:
_java_thread_list=0x000001a055afbe10, length=21, elements={
0x000001a025d81dc0, 0x000001a03bb2d280, 0x000001a03bb2fdf0, 0x000001a03bb34550,
0x000001a03bb34fb0, 0x000001a03bb35a10, 0x000001a03bb36470, 0x000001a03bb37200,
0x000001a03bb38810, 0x000001a03be041a0, 0x000001a03be97c90, 0x000001a0560019f0,
0x000001a05501e090, 0x000001a056f8c8e0, 0x000001a055171710, 0x000001a055dadaf0,
0x000001a05569f2d0, 0x000001a055ca8770, 0x000001a056c299d0, 0x000001a056c2a060,
0x000001a056c28cb0
}

Java Threads: ( => current thread )
  0x000001a025d81dc0 JavaThread "main"                              [_thread_blocked, id=45256, stack(0x00000096e3300000,0x00000096e3400000) (1024K)]
  0x000001a03bb2d280 JavaThread "Reference Handler"          daemon [_thread_blocked, id=45464, stack(0x00000096e3b00000,0x00000096e3c00000) (1024K)]
  0x000001a03bb2fdf0 JavaThread "Finalizer"                  daemon [_thread_blocked, id=45468, stack(0x00000096e3c00000,0x00000096e3d00000) (1024K)]
  0x000001a03bb34550 JavaThread "Signal Dispatcher"          daemon [_thread_blocked, id=45480, stack(0x00000096e3d00000,0x00000096e3e00000) (1024K)]
  0x000001a03bb34fb0 JavaThread "Attach Listener"            daemon [_thread_blocked, id=45484, stack(0x00000096e3e00000,0x00000096e3f00000) (1024K)]
  0x000001a03bb35a10 JavaThread "Service Thread"             daemon [_thread_blocked, id=45488, stack(0x00000096e3f00000,0x00000096e4000000) (1024K)]
  0x000001a03bb36470 JavaThread "Monitor Deflation Thread"   daemon [_thread_blocked, id=45492, stack(0x00000096e4000000,0x00000096e4100000) (1024K)]
  0x000001a03bb37200 JavaThread "C2 CompilerThread0"         daemon [_thread_blocked, id=45496, stack(0x00000096e4100000,0x00000096e4200000) (1024K)]
  0x000001a03bb38810 JavaThread "C1 CompilerThread0"         daemon [_thread_blocked, id=45500, stack(0x00000096e4200000,0x00000096e4300000) (1024K)]
  0x000001a03be041a0 JavaThread "Common-Cleaner"             daemon [_thread_blocked, id=45700, stack(0x00000096e4300000,0x00000096e4400000) (1024K)]
  0x000001a03be97c90 JavaThread "Notification Thread"        daemon [_thread_blocked, id=45836, stack(0x00000096e4400000,0x00000096e4500000) (1024K)]
  0x000001a0560019f0 JavaThread "Daemon health stats"               [_thread_blocked, id=46520, stack(0x00000096e4a00000,0x00000096e4b00000) (1024K)]
  0x000001a05501e090 JavaThread "Incoming local TCP Connector on port 61299"        [_thread_in_native, id=38148, stack(0x00000096e4b00000,0x00000096e4c00000) (1024K)]
  0x000001a056f8c8e0 JavaThread "Daemon periodic checks"            [_thread_blocked, id=42608, stack(0x00000096e4c00000,0x00000096e4d00000) (1024K)]
  0x000001a055171710 JavaThread "Daemon"                            [_thread_blocked, id=44860, stack(0x00000096e4d00000,0x00000096e4e00000) (1024K)]
  0x000001a055dadaf0 JavaThread "Handler for socket connection from /127.0.0.1:61299 to /127.0.0.1:64005"        [_thread_in_native, id=44880, stack(0x00000096e4e00000,0x00000096e4f00000) (1024K)]
  0x000001a05569f2d0 JavaThread "Cancel handler"                    [_thread_blocked, id=43860, stack(0x00000096e4f00000,0x00000096e5000000) (1024K)]
=>0x000001a055ca8770 JavaThread "Daemon worker"                     [_thread_in_vm, id=47484, stack(0x00000096e5000000,0x00000096e5100000) (1024K)]
  0x000001a056c299d0 JavaThread "Asynchronous log dispatcher for DefaultDaemonConnection: socket connection from /127.0.0.1:61299 to /127.0.0.1:64005"        [_thread_blocked, id=47520, stack(0x00000096e5100000,0x00000096e5200000) (1024K)]
  0x000001a056c2a060 JavaThread "Stdin handler"                     [_thread_blocked, id=47532, stack(0x00000096e5200000,0x00000096e5300000) (1024K)]
  0x000001a056c28cb0 JavaThread "Daemon client event forwarder"        [_thread_blocked, id=47544, stack(0x00000096e5300000,0x00000096e5400000) (1024K)]
Total: 21

Other Threads:
  0x000001a03bb0ee60 VMThread "VM Thread"                           [id=45448, stack(0x00000096e3a00000,0x00000096e3b00000) (1024K)] _threads_hazard_ptr=0x000001a055afbe10
  0x000001a03bbf19e0 WatcherThread "VM Periodic Task Thread"        [id=45436, stack(0x00000096e3900000,0x00000096e3a00000) (1024K)]
  0x000001a025dac3d0 WorkerThread "GC Thread#0"                     [id=45356, stack(0x00000096e3400000,0x00000096e3500000) (1024K)]
  0x000001a05590c0c0 WorkerThread "GC Thread#1"                     [id=47028, stack(0x00000096e4500000,0x00000096e4600000) (1024K)]
  0x000001a05590c470 WorkerThread "GC Thread#2"                     [id=47032, stack(0x00000096e4600000,0x00000096e4700000) (1024K)]
  0x000001a05590c820 WorkerThread "GC Thread#3"                     [id=47036, stack(0x00000096e4700000,0x00000096e4800000) (1024K)]
  0x000001a05512bdc0 WorkerThread "GC Thread#4"                     [id=47040, stack(0x00000096e4800000,0x00000096e4900000) (1024K)]
  0x000001a05512c170 WorkerThread "GC Thread#5"                     [id=47044, stack(0x00000096e4900000,0x00000096e4a00000) (1024K)]
  0x000001a025db2af0 ConcurrentGCThread "G1 Main Marker"            [id=45360, stack(0x00000096e3500000,0x00000096e3600000) (1024K)]
  0x000001a025db3510 WorkerThread "G1 Conc#0"                       [id=45364, stack(0x00000096e3600000,0x00000096e3700000) (1024K)]
  0x000001a03ba53f10 ConcurrentGCThread "G1 Refine#0"               [id=45392, stack(0x00000096e3700000,0x00000096e3800000) (1024K)]
  0x000001a03ba54740 ConcurrentGCThread "G1 Service"                [id=45396, stack(0x00000096e3800000,0x00000096e3900000) (1024K)]
Total: 12

Threads with active compile tasks:
C2 CompilerThread0  66786 2851   !   4       java.lang.ClassLoader::loadClass (121 bytes)
C1 CompilerThread0  66786 2867       3       java.util.ComparableTimSort::reverseRange (32 bytes)
Total: 2

VM state: synchronizing (normal execution)

VM Mutex/Monitor currently owned by a thread:  ([mutex/lock_event])
[0x00007ffdbc05f5b0] Threads_lock - owner thread: 0x000001a03bb0ee60

Heap address: 0x00000000e0000000, size: 512 MB, Compressed Oops mode: 32-bit

CDS archive(s) mapped at: [0x000001a03c000000-0x000001a03cba0000-0x000001a03cba0000), size 12189696, SharedBaseAddress: 0x000001a03c000000, ArchiveRelocationMode: 1.
Compressed class space mapped at: 0x000001a03d000000-0x000001a051000000, reserved size: 335544320
Narrow klass base: 0x000001a03c000000, Narrow klass shift: 0, Narrow klass range: 0x100000000

GC Precious Log:
 CardTable entry size: 512
 Card Set container configuration: InlinePtr #cards 5 size 8 Array Of Cards #cards 12 size 40 Howl #buckets 4 coarsen threshold 1843 Howl Bitmap #cards 512 size 80 coarsen threshold 460 Card regions per heap region 1 cards per card region 2048
 CPUs: 12 total, 12 available
 Memory: 14173M
 Large Page Support: Disabled
 NUMA Support: Disabled
 Compressed Oops: Enabled (32-bit)
 Heap Region Size: 1M
 Heap Min Capacity: 256M
 Heap Initial Capacity: 256M
 Heap Max Capacity: 512M
 Pre-touch: Disabled
 Parallel Workers: 10
 Concurrent Workers: 3
 Concurrent Refinement Workers: 10
 Periodic GC: Disabled

Heap:
 garbage-first heap   total 262144K, used 86859K [0x00000000e0000000, 0x0000000100000000)
  region size 1024K, 74 young (75776K), 3 survivors (3072K)
 Metaspace       used 15352K, committed 15808K, reserved 393216K
  class space    used 2118K, committed 2304K, reserved 327680K

Heap Regions: E=young(eden), S=young(survivor), O=old, HS=humongous(starts), HC=humongous(continues), CS=collection set, F=free, TAMS=top-at-mark-start, PB=parsable bottom
|   0|0x00000000e0000000, 0x00000000e0100000, 0x00000000e0100000|100%|HS|  |TAMS 0x00000000e0000000| PB 0x00000000e0000000| Complete 
|   1|0x00000000e0100000, 0x00000000e0200000, 0x00000000e0200000|100%|HC|  |TAMS 0x00000000e0100000| PB 0x00000000e0100000| Complete 
|   2|0x00000000e0200000, 0x00000000e0300000, 0x00000000e0300000|100%|HC|  |TAMS 0x00000000e0200000| PB 0x00000000e0200000| Complete 
|   3|0x00000000e0300000, 0x00000000e0400000, 0x00000000e0400000|100%|HC|  |TAMS 0x00000000e0300000| PB 0x00000000e0300000| Complete 
|   4|0x00000000e0400000, 0x00000000e0500000, 0x00000000e0500000|100%| O|  |TAMS 0x00000000e0400000| PB 0x00000000e0400000| Untracked 
|   5|0x00000000e0500000, 0x00000000e0600000, 0x00000000e0600000|100%| O|  |TAMS 0x00000000e0500000| PB 0x00000000e0500000| Untracked 
|   6|0x00000000e0600000, 0x00000000e0700000, 0x00000000e0700000|100%| O|  |TAMS 0x00000000e0600000| PB 0x00000000e0600000| Untracked 
|   7|0x00000000e0700000, 0x00000000e0800000, 0x00000000e0800000|100%| O|  |TAMS 0x00000000e0700000| PB 0x00000000e0700000| Untracked 
|   8|0x00000000e0800000, 0x00000000e0900000, 0x00000000e0900000|100%| O|  |TAMS 0x00000000e0800000| PB 0x00000000e0800000| Untracked 
|   9|0x00000000e0900000, 0x00000000e0a00000, 0x00000000e0a00000|100%|HS|  |TAMS 0x00000000e0900000| PB 0x00000000e0900000| Complete 
|  10|0x00000000e0a00000, 0x00000000e0a00000, 0x00000000e0b00000|  0%| F|  |TAMS 0x00000000e0a00000| PB 0x00000000e0a00000| Untracked 
|  11|0x00000000e0b00000, 0x00000000e0c00000, 0x00000000e0c00000|100%| O|  |TAMS 0x00000000e0b00000| PB 0x00000000e0b00000| Untracked 
|  12|0x00000000e0c00000, 0x00000000e0cfc9f0, 0x00000000e0d00000| 98%| O|  |TAMS 0x00000000e0c00000| PB 0x00000000e0c00000| Untracked 
|  13|0x00000000e0d00000, 0x00000000e0d00000, 0x00000000e0e00000|  0%| F|  |TAMS 0x00000000e0d00000| PB 0x00000000e0d00000| Untracked 
|  14|0x00000000e0e00000, 0x00000000e0e00000, 0x00000000e0f00000|  0%| F|  |TAMS 0x00000000e0e00000| PB 0x00000000e0e00000| Untracked 
|  15|0x00000000e0f00000, 0x00000000e0f00000, 0x00000000e1000000|  0%| F|  |TAMS 0x00000000e0f00000| PB 0x00000000e0f00000| Untracked 
|  16|0x00000000e1000000, 0x00000000e1000000, 0x00000000e1100000|  0%| F|  |TAMS 0x00000000e1000000| PB 0x00000000e1000000| Untracked 
|  17|0x00000000e1100000, 0x00000000e1100000, 0x00000000e1200000|  0%| F|  |TAMS 0x00000000e1100000| PB 0x00000000e1100000| Untracked 
|  18|0x00000000e1200000, 0x00000000e1200000, 0x00000000e1300000|  0%| F|  |TAMS 0x00000000e1200000| PB 0x00000000e1200000| Untracked 
|  19|0x00000000e1300000, 0x00000000e1300000, 0x00000000e1400000|  0%| F|  |TAMS 0x00000000e1300000| PB 0x00000000e1300000| Untracked 
|  20|0x00000000e1400000, 0x00000000e1400000, 0x00000000e1500000|  0%| F|  |TAMS 0x00000000e1400000| PB 0x00000000e1400000| Untracked 
|  21|0x00000000e1500000, 0x00000000e1500000, 0x00000000e1600000|  0%| F|  |TAMS 0x00000000e1500000| PB 0x00000000e1500000| Untracked 
|  22|0x00000000e1600000, 0x00000000e1600000, 0x00000000e1700000|  0%| F|  |TAMS 0x00000000e1600000| PB 0x00000000e1600000| Untracked 
|  23|0x00000000e1700000, 0x00000000e1700000, 0x00000000e1800000|  0%| F|  |TAMS 0x00000000e1700000| PB 0x00000000e1700000| Untracked 
|  24|0x00000000e1800000, 0x00000000e1800000, 0x00000000e1900000|  0%| F|  |TAMS 0x00000000e1800000| PB 0x00000000e1800000| Untracked 
|  25|0x00000000e1900000, 0x00000000e1900000, 0x00000000e1a00000|  0%| F|  |TAMS 0x00000000e1900000| PB 0x00000000e1900000| Untracked 
|  26|0x00000000e1a00000, 0x00000000e1a00000, 0x00000000e1b00000|  0%| F|  |TAMS 0x00000000e1a00000| PB 0x00000000e1a00000| Untracked 
|  27|0x00000000e1b00000, 0x00000000e1b00000, 0x00000000e1c00000|  0%| F|  |TAMS 0x00000000e1b00000| PB 0x00000000e1b00000| Untracked 
|  28|0x00000000e1c00000, 0x00000000e1c00000, 0x00000000e1d00000|  0%| F|  |TAMS 0x00000000e1c00000| PB 0x00000000e1c00000| Untracked 
|  29|0x00000000e1d00000, 0x00000000e1d00000, 0x00000000e1e00000|  0%| F|  |TAMS 0x00000000e1d00000| PB 0x00000000e1d00000| Untracked 
|  30|0x00000000e1e00000, 0x00000000e1e00000, 0x00000000e1f00000|  0%| F|  |TAMS 0x00000000e1e00000| PB 0x00000000e1e00000| Untracked 
|  31|0x00000000e1f00000, 0x00000000e1f00000, 0x00000000e2000000|  0%| F|  |TAMS 0x00000000e1f00000| PB 0x00000000e1f00000| Untracked 
|  32|0x00000000e2000000, 0x00000000e2000000, 0x00000000e2100000|  0%| F|  |TAMS 0x00000000e2000000| PB 0x00000000e2000000| Untracked 
|  33|0x00000000e2100000, 0x00000000e2100000, 0x00000000e2200000|  0%| F|  |TAMS 0x00000000e2100000| PB 0x00000000e2100000| Untracked 
|  34|0x00000000e2200000, 0x00000000e2200000, 0x00000000e2300000|  0%| F|  |TAMS 0x00000000e2200000| PB 0x00000000e2200000| Untracked 
|  35|0x00000000e2300000, 0x00000000e2300000, 0x00000000e2400000|  0%| F|  |TAMS 0x00000000e2300000| PB 0x00000000e2300000| Untracked 
|  36|0x00000000e2400000, 0x00000000e2400000, 0x00000000e2500000|  0%| F|  |TAMS 0x00000000e2400000| PB 0x00000000e2400000| Untracked 
|  37|0x00000000e2500000, 0x00000000e2500000, 0x00000000e2600000|  0%| F|  |TAMS 0x00000000e2500000| PB 0x00000000e2500000| Untracked 
|  38|0x00000000e2600000, 0x00000000e2600000, 0x00000000e2700000|  0%| F|  |TAMS 0x00000000e2600000| PB 0x00000000e2600000| Untracked 
|  39|0x00000000e2700000, 0x00000000e2700000, 0x00000000e2800000|  0%| F|  |TAMS 0x00000000e2700000| PB 0x00000000e2700000| Untracked 
|  40|0x00000000e2800000, 0x00000000e2800000, 0x00000000e2900000|  0%| F|  |TAMS 0x00000000e2800000| PB 0x00000000e2800000| Untracked 
|  41|0x00000000e2900000, 0x00000000e2900000, 0x00000000e2a00000|  0%| F|  |TAMS 0x00000000e2900000| PB 0x00000000e2900000| Untracked 
|  42|0x00000000e2a00000, 0x00000000e2a00000, 0x00000000e2b00000|  0%| F|  |TAMS 0x00000000e2a00000| PB 0x00000000e2a00000| Untracked 
|  43|0x00000000e2b00000, 0x00000000e2b00000, 0x00000000e2c00000|  0%| F|  |TAMS 0x00000000e2b00000| PB 0x00000000e2b00000| Untracked 
|  44|0x00000000e2c00000, 0x00000000e2c00000, 0x00000000e2d00000|  0%| F|  |TAMS 0x00000000e2c00000| PB 0x00000000e2c00000| Untracked 
|  45|0x00000000e2d00000, 0x00000000e2d00000, 0x00000000e2e00000|  0%| F|  |TAMS 0x00000000e2d00000| PB 0x00000000e2d00000| Untracked 
|  46|0x00000000e2e00000, 0x00000000e2e00000, 0x00000000e2f00000|  0%| F|  |TAMS 0x00000000e2e00000| PB 0x00000000e2e00000| Untracked 
|  47|0x00000000e2f00000, 0x00000000e2f00000, 0x00000000e3000000|  0%| F|  |TAMS 0x00000000e2f00000| PB 0x00000000e2f00000| Untracked 
|  48|0x00000000e3000000, 0x00000000e3000000, 0x00000000e3100000|  0%| F|  |TAMS 0x00000000e3000000| PB 0x00000000e3000000| Untracked 
|  49|0x00000000e3100000, 0x00000000e3100000, 0x00000000e3200000|  0%| F|  |TAMS 0x00000000e3100000| PB 0x00000000e3100000| Untracked 
|  50|0x00000000e3200000, 0x00000000e3200000, 0x00000000e3300000|  0%| F|  |TAMS 0x00000000e3200000| PB 0x00000000e3200000| Untracked 
|  51|0x00000000e3300000, 0x00000000e3300000, 0x00000000e3400000|  0%| F|  |TAMS 0x00000000e3300000| PB 0x00000000e3300000| Untracked 
|  52|0x00000000e3400000, 0x00000000e3400000, 0x00000000e3500000|  0%| F|  |TAMS 0x00000000e3400000| PB 0x00000000e3400000| Untracked 
|  53|0x00000000e3500000, 0x00000000e3500000, 0x00000000e3600000|  0%| F|  |TAMS 0x00000000e3500000| PB 0x00000000e3500000| Untracked 
|  54|0x00000000e3600000, 0x00000000e3600000, 0x00000000e3700000|  0%| F|  |TAMS 0x00000000e3600000| PB 0x00000000e3600000| Untracked 
|  55|0x00000000e3700000, 0x00000000e3700000, 0x00000000e3800000|  0%| F|  |TAMS 0x00000000e3700000| PB 0x00000000e3700000| Untracked 
|  56|0x00000000e3800000, 0x00000000e3800000, 0x00000000e3900000|  0%| F|  |TAMS 0x00000000e3800000| PB 0x00000000e3800000| Untracked 
|  57|0x00000000e3900000, 0x00000000e3900000, 0x00000000e3a00000|  0%| F|  |TAMS 0x00000000e3900000| PB 0x00000000e3900000| Untracked 
|  58|0x00000000e3a00000, 0x00000000e3a00000, 0x00000000e3b00000|  0%| F|  |TAMS 0x00000000e3a00000| PB 0x00000000e3a00000| Untracked 
|  59|0x00000000e3b00000, 0x00000000e3b00000, 0x00000000e3c00000|  0%| F|  |TAMS 0x00000000e3b00000| PB 0x00000000e3b00000| Untracked 
|  60|0x00000000e3c00000, 0x00000000e3c00000, 0x00000000e3d00000|  0%| F|  |TAMS 0x00000000e3c00000| PB 0x00000000e3c00000| Untracked 
|  61|0x00000000e3d00000, 0x00000000e3d00000, 0x00000000e3e00000|  0%| F|  |TAMS 0x00000000e3d00000| PB 0x00000000e3d00000| Untracked 
|  62|0x00000000e3e00000, 0x00000000e3e00000, 0x00000000e3f00000|  0%| F|  |TAMS 0x00000000e3e00000| PB 0x00000000e3e00000| Untracked 
|  63|0x00000000e3f00000, 0x00000000e3f00000, 0x00000000e4000000|  0%| F|  |TAMS 0x00000000e3f00000| PB 0x00000000e3f00000| Untracked 
|  64|0x00000000e4000000, 0x00000000e4000000, 0x00000000e4100000|  0%| F|  |TAMS 0x00000000e4000000| PB 0x00000000e4000000| Untracked 
|  65|0x00000000e4100000, 0x00000000e4100000, 0x00000000e4200000|  0%| F|  |TAMS 0x00000000e4100000| PB 0x00000000e4100000| Untracked 
|  66|0x00000000e4200000, 0x00000000e4200000, 0x00000000e4300000|  0%| F|  |TAMS 0x00000000e4200000| PB 0x00000000e4200000| Untracked 
|  67|0x00000000e4300000, 0x00000000e4300000, 0x00000000e4400000|  0%| F|  |TAMS 0x00000000e4300000| PB 0x00000000e4300000| Untracked 
|  68|0x00000000e4400000, 0x00000000e4400000, 0x00000000e4500000|  0%| F|  |TAMS 0x00000000e4400000| PB 0x00000000e4400000| Untracked 
|  69|0x00000000e4500000, 0x00000000e4500000, 0x00000000e4600000|  0%| F|  |TAMS 0x00000000e4500000| PB 0x00000000e4500000| Untracked 
|  70|0x00000000e4600000, 0x00000000e4600000, 0x00000000e4700000|  0%| F|  |TAMS 0x00000000e4600000| PB 0x00000000e4600000| Untracked 
|  71|0x00000000e4700000, 0x00000000e4700000, 0x00000000e4800000|  0%| F|  |TAMS 0x00000000e4700000| PB 0x00000000e4700000| Untracked 
|  72|0x00000000e4800000, 0x00000000e4800000, 0x00000000e4900000|  0%| F|  |TAMS 0x00000000e4800000| PB 0x00000000e4800000| Untracked 
|  73|0x00000000e4900000, 0x00000000e4900000, 0x00000000e4a00000|  0%| F|  |TAMS 0x00000000e4900000| PB 0x00000000e4900000| Untracked 
|  74|0x00000000e4a00000, 0x00000000e4a00000, 0x00000000e4b00000|  0%| F|  |TAMS 0x00000000e4a00000| PB 0x00000000e4a00000| Untracked 
|  75|0x00000000e4b00000, 0x00000000e4b00000, 0x00000000e4c00000|  0%| F|  |TAMS 0x00000000e4b00000| PB 0x00000000e4b00000| Untracked 
|  76|0x00000000e4c00000, 0x00000000e4c00000, 0x00000000e4d00000|  0%| F|  |TAMS 0x00000000e4c00000| PB 0x00000000e4c00000| Untracked 
|  77|0x00000000e4d00000, 0x00000000e4d00000, 0x00000000e4e00000|  0%| F|  |TAMS 0x00000000e4d00000| PB 0x00000000e4d00000| Untracked 
|  78|0x00000000e4e00000, 0x00000000e4e00000, 0x00000000e4f00000|  0%| F|  |TAMS 0x00000000e4e00000| PB 0x00000000e4e00000| Untracked 
|  79|0x00000000e4f00000, 0x00000000e4f00000, 0x00000000e5000000|  0%| F|  |TAMS 0x00000000e4f00000| PB 0x00000000e4f00000| Untracked 
|  80|0x00000000e5000000, 0x00000000e5000000, 0x00000000e5100000|  0%| F|  |TAMS 0x00000000e5000000| PB 0x00000000e5000000| Untracked 
|  81|0x00000000e5100000, 0x00000000e5100000, 0x00000000e5200000|  0%| F|  |TAMS 0x00000000e5100000| PB 0x00000000e5100000| Untracked 
|  82|0x00000000e5200000, 0x00000000e5200000, 0x00000000e5300000|  0%| F|  |TAMS 0x00000000e5200000| PB 0x00000000e5200000| Untracked 
|  83|0x00000000e5300000, 0x00000000e5300000, 0x00000000e5400000|  0%| F|  |TAMS 0x00000000e5300000| PB 0x00000000e5300000| Untracked 
|  84|0x00000000e5400000, 0x00000000e5400000, 0x00000000e5500000|  0%| F|  |TAMS 0x00000000e5400000| PB 0x00000000e5400000| Untracked 
|  85|0x00000000e5500000, 0x00000000e5500000, 0x00000000e5600000|  0%| F|  |TAMS 0x00000000e5500000| PB 0x00000000e5500000| Untracked 
|  86|0x00000000e5600000, 0x00000000e5600000, 0x00000000e5700000|  0%| F|  |TAMS 0x00000000e5600000| PB 0x00000000e5600000| Untracked 
|  87|0x00000000e5700000, 0x00000000e5700000, 0x00000000e5800000|  0%| F|  |TAMS 0x00000000e5700000| PB 0x00000000e5700000| Untracked 
|  88|0x00000000e5800000, 0x00000000e5800000, 0x00000000e5900000|  0%| F|  |TAMS 0x00000000e5800000| PB 0x00000000e5800000| Untracked 
|  89|0x00000000e5900000, 0x00000000e5900000, 0x00000000e5a00000|  0%| F|  |TAMS 0x00000000e5900000| PB 0x00000000e5900000| Untracked 
|  90|0x00000000e5a00000, 0x00000000e5a00000, 0x00000000e5b00000|  0%| F|  |TAMS 0x00000000e5a00000| PB 0x00000000e5a00000| Untracked 
|  91|0x00000000e5b00000, 0x00000000e5b00000, 0x00000000e5c00000|  0%| F|  |TAMS 0x00000000e5b00000| PB 0x00000000e5b00000| Untracked 
|  92|0x00000000e5c00000, 0x00000000e5c00000, 0x00000000e5d00000|  0%| F|  |TAMS 0x00000000e5c00000| PB 0x00000000e5c00000| Untracked 
|  93|0x00000000e5d00000, 0x00000000e5d00000, 0x00000000e5e00000|  0%| F|  |TAMS 0x00000000e5d00000| PB 0x00000000e5d00000| Untracked 
|  94|0x00000000e5e00000, 0x00000000e5e00000, 0x00000000e5f00000|  0%| F|  |TAMS 0x00000000e5e00000| PB 0x00000000e5e00000| Untracked 
|  95|0x00000000e5f00000, 0x00000000e5f00000, 0x00000000e6000000|  0%| F|  |TAMS 0x00000000e5f00000| PB 0x00000000e5f00000| Untracked 
|  96|0x00000000e6000000, 0x00000000e6000000, 0x00000000e6100000|  0%| F|  |TAMS 0x00000000e6000000| PB 0x00000000e6000000| Untracked 
|  97|0x00000000e6100000, 0x00000000e6100000, 0x00000000e6200000|  0%| F|  |TAMS 0x00000000e6100000| PB 0x00000000e6100000| Untracked 
|  98|0x00000000e6200000, 0x00000000e6200000, 0x00000000e6300000|  0%| F|  |TAMS 0x00000000e6200000| PB 0x00000000e6200000| Untracked 
|  99|0x00000000e6300000, 0x00000000e6300000, 0x00000000e6400000|  0%| F|  |TAMS 0x00000000e6300000| PB 0x00000000e6300000| Untracked 
| 100|0x00000000e6400000, 0x00000000e6400000, 0x00000000e6500000|  0%| F|  |TAMS 0x00000000e6400000| PB 0x00000000e6400000| Untracked 
| 101|0x00000000e6500000, 0x00000000e6500000, 0x00000000e6600000|  0%| F|  |TAMS 0x00000000e6500000| PB 0x00000000e6500000| Untracked 
| 102|0x00000000e6600000, 0x00000000e6600000, 0x00000000e6700000|  0%| F|  |TAMS 0x00000000e6600000| PB 0x00000000e6600000| Untracked 
| 103|0x00000000e6700000, 0x00000000e6700000, 0x00000000e6800000|  0%| F|  |TAMS 0x00000000e6700000| PB 0x00000000e6700000| Untracked 
| 104|0x00000000e6800000, 0x00000000e6800000, 0x00000000e6900000|  0%| F|  |TAMS 0x00000000e6800000| PB 0x00000000e6800000| Untracked 
| 105|0x00000000e6900000, 0x00000000e6900000, 0x00000000e6a00000|  0%| F|  |TAMS 0x00000000e6900000| PB 0x00000000e6900000| Untracked 
| 106|0x00000000e6a00000, 0x00000000e6a00000, 0x00000000e6b00000|  0%| F|  |TAMS 0x00000000e6a00000| PB 0x00000000e6a00000| Untracked 
| 107|0x00000000e6b00000, 0x00000000e6b00000, 0x00000000e6c00000|  0%| F|  |TAMS 0x00000000e6b00000| PB 0x00000000e6b00000| Untracked 
| 108|0x00000000e6c00000, 0x00000000e6c00000, 0x00000000e6d00000|  0%| F|  |TAMS 0x00000000e6c00000| PB 0x00000000e6c00000| Untracked 
| 109|0x00000000e6d00000, 0x00000000e6d00000, 0x00000000e6e00000|  0%| F|  |TAMS 0x00000000e6d00000| PB 0x00000000e6d00000| Untracked 
| 110|0x00000000e6e00000, 0x00000000e6e00000, 0x00000000e6f00000|  0%| F|  |TAMS 0x00000000e6e00000| PB 0x00000000e6e00000| Untracked 
| 111|0x00000000e6f00000, 0x00000000e6f00000, 0x00000000e7000000|  0%| F|  |TAMS 0x00000000e6f00000| PB 0x00000000e6f00000| Untracked 
| 112|0x00000000e7000000, 0x00000000e7000000, 0x00000000e7100000|  0%| F|  |TAMS 0x00000000e7000000| PB 0x00000000e7000000| Untracked 
| 113|0x00000000e7100000, 0x00000000e7100000, 0x00000000e7200000|  0%| F|  |TAMS 0x00000000e7100000| PB 0x00000000e7100000| Untracked 
| 114|0x00000000e7200000, 0x00000000e7200000, 0x00000000e7300000|  0%| F|  |TAMS 0x00000000e7200000| PB 0x00000000e7200000| Untracked 
| 115|0x00000000e7300000, 0x00000000e7300000, 0x00000000e7400000|  0%| F|  |TAMS 0x00000000e7300000| PB 0x00000000e7300000| Untracked 
| 116|0x00000000e7400000, 0x00000000e7400000, 0x00000000e7500000|  0%| F|  |TAMS 0x00000000e7400000| PB 0x00000000e7400000| Untracked 
| 117|0x00000000e7500000, 0x00000000e7500000, 0x00000000e7600000|  0%| F|  |TAMS 0x00000000e7500000| PB 0x00000000e7500000| Untracked 
| 118|0x00000000e7600000, 0x00000000e7600000, 0x00000000e7700000|  0%| F|  |TAMS 0x00000000e7600000| PB 0x00000000e7600000| Untracked 
| 119|0x00000000e7700000, 0x00000000e7700000, 0x00000000e7800000|  0%| F|  |TAMS 0x00000000e7700000| PB 0x00000000e7700000| Untracked 
| 120|0x00000000e7800000, 0x00000000e7800000, 0x00000000e7900000|  0%| F|  |TAMS 0x00000000e7800000| PB 0x00000000e7800000| Untracked 
| 121|0x00000000e7900000, 0x00000000e7900000, 0x00000000e7a00000|  0%| F|  |TAMS 0x00000000e7900000| PB 0x00000000e7900000| Untracked 
| 122|0x00000000e7a00000, 0x00000000e7a00000, 0x00000000e7b00000|  0%| F|  |TAMS 0x00000000e7a00000| PB 0x00000000e7a00000| Untracked 
| 123|0x00000000e7b00000, 0x00000000e7b00000, 0x00000000e7c00000|  0%| F|  |TAMS 0x00000000e7b00000| PB 0x00000000e7b00000| Untracked 
| 124|0x00000000e7c00000, 0x00000000e7c00000, 0x00000000e7d00000|  0%| F|  |TAMS 0x00000000e7c00000| PB 0x00000000e7c00000| Untracked 
| 125|0x00000000e7d00000, 0x00000000e7d00000, 0x00000000e7e00000|  0%| F|  |TAMS 0x00000000e7d00000| PB 0x00000000e7d00000| Untracked 
| 126|0x00000000e7e00000, 0x00000000e7e00000, 0x00000000e7f00000|  0%| F|  |TAMS 0x00000000e7e00000| PB 0x00000000e7e00000| Untracked 
| 127|0x00000000e7f00000, 0x00000000e7f00000, 0x00000000e8000000|  0%| F|  |TAMS 0x00000000e7f00000| PB 0x00000000e7f00000| Untracked 
| 128|0x00000000e8000000, 0x00000000e8000000, 0x00000000e8100000|  0%| F|  |TAMS 0x00000000e8000000| PB 0x00000000e8000000| Untracked 
| 129|0x00000000e8100000, 0x00000000e8100000, 0x00000000e8200000|  0%| F|  |TAMS 0x00000000e8100000| PB 0x00000000e8100000| Untracked 
| 130|0x00000000e8200000, 0x00000000e8200000, 0x00000000e8300000|  0%| F|  |TAMS 0x00000000e8200000| PB 0x00000000e8200000| Untracked 
| 131|0x00000000e8300000, 0x00000000e8300000, 0x00000000e8400000|  0%| F|  |TAMS 0x00000000e8300000| PB 0x00000000e8300000| Untracked 
| 132|0x00000000e8400000, 0x00000000e8400000, 0x00000000e8500000|  0%| F|  |TAMS 0x00000000e8400000| PB 0x00000000e8400000| Untracked 
| 133|0x00000000e8500000, 0x00000000e8500000, 0x00000000e8600000|  0%| F|  |TAMS 0x00000000e8500000| PB 0x00000000e8500000| Untracked 
| 134|0x00000000e8600000, 0x00000000e8600000, 0x00000000e8700000|  0%| F|  |TAMS 0x00000000e8600000| PB 0x00000000e8600000| Untracked 
| 135|0x00000000e8700000, 0x00000000e8700000, 0x00000000e8800000|  0%| F|  |TAMS 0x00000000e8700000| PB 0x00000000e8700000| Untracked 
| 136|0x00000000e8800000, 0x00000000e8800000, 0x00000000e8900000|  0%| F|  |TAMS 0x00000000e8800000| PB 0x00000000e8800000| Untracked 
| 137|0x00000000e8900000, 0x00000000e8900000, 0x00000000e8a00000|  0%| F|  |TAMS 0x00000000e8900000| PB 0x00000000e8900000| Untracked 
| 138|0x00000000e8a00000, 0x00000000e8a00000, 0x00000000e8b00000|  0%| F|  |TAMS 0x00000000e8a00000| PB 0x00000000e8a00000| Untracked 
| 139|0x00000000e8b00000, 0x00000000e8b00000, 0x00000000e8c00000|  0%| F|  |TAMS 0x00000000e8b00000| PB 0x00000000e8b00000| Untracked 
| 140|0x00000000e8c00000, 0x00000000e8c00000, 0x00000000e8d00000|  0%| F|  |TAMS 0x00000000e8c00000| PB 0x00000000e8c00000| Untracked 
| 141|0x00000000e8d00000, 0x00000000e8d00000, 0x00000000e8e00000|  0%| F|  |TAMS 0x00000000e8d00000| PB 0x00000000e8d00000| Untracked 
| 142|0x00000000e8e00000, 0x00000000e8e00000, 0x00000000e8f00000|  0%| F|  |TAMS 0x00000000e8e00000| PB 0x00000000e8e00000| Untracked 
| 143|0x00000000e8f00000, 0x00000000e8f00000, 0x00000000e9000000|  0%| F|  |TAMS 0x00000000e8f00000| PB 0x00000000e8f00000| Untracked 
| 144|0x00000000e9000000, 0x00000000e9000000, 0x00000000e9100000|  0%| F|  |TAMS 0x00000000e9000000| PB 0x00000000e9000000| Untracked 
| 145|0x00000000e9100000, 0x00000000e9100000, 0x00000000e9200000|  0%| F|  |TAMS 0x00000000e9100000| PB 0x00000000e9100000| Untracked 
| 146|0x00000000e9200000, 0x00000000e9200000, 0x00000000e9300000|  0%| F|  |TAMS 0x00000000e9200000| PB 0x00000000e9200000| Untracked 
| 147|0x00000000e9300000, 0x00000000e9300000, 0x00000000e9400000|  0%| F|  |TAMS 0x00000000e9300000| PB 0x00000000e9300000| Untracked 
| 148|0x00000000e9400000, 0x00000000e9400000, 0x00000000e9500000|  0%| F|  |TAMS 0x00000000e9400000| PB 0x00000000e9400000| Untracked 
| 149|0x00000000e9500000, 0x00000000e9500000, 0x00000000e9600000|  0%| F|  |TAMS 0x00000000e9500000| PB 0x00000000e9500000| Untracked 
| 150|0x00000000e9600000, 0x00000000e9600000, 0x00000000e9700000|  0%| F|  |TAMS 0x00000000e9600000| PB 0x00000000e9600000| Untracked 
| 151|0x00000000e9700000, 0x00000000e9700000, 0x00000000e9800000|  0%| F|  |TAMS 0x00000000e9700000| PB 0x00000000e9700000| Untracked 
| 152|0x00000000e9800000, 0x00000000e9800000, 0x00000000e9900000|  0%| F|  |TAMS 0x00000000e9800000| PB 0x00000000e9800000| Untracked 
| 153|0x00000000e9900000, 0x00000000e9900000, 0x00000000e9a00000|  0%| F|  |TAMS 0x00000000e9900000| PB 0x00000000e9900000| Untracked 
| 154|0x00000000e9a00000, 0x00000000e9a00000, 0x00000000e9b00000|  0%| F|  |TAMS 0x00000000e9a00000| PB 0x00000000e9a00000| Untracked 
| 155|0x00000000e9b00000, 0x00000000e9b00000, 0x00000000e9c00000|  0%| F|  |TAMS 0x00000000e9b00000| PB 0x00000000e9b00000| Untracked 
| 156|0x00000000e9c00000, 0x00000000e9c00000, 0x00000000e9d00000|  0%| F|  |TAMS 0x00000000e9c00000| PB 0x00000000e9c00000| Untracked 
| 157|0x00000000e9d00000, 0x00000000e9d00000, 0x00000000e9e00000|  0%| F|  |TAMS 0x00000000e9d00000| PB 0x00000000e9d00000| Untracked 
| 158|0x00000000e9e00000, 0x00000000e9e00000, 0x00000000e9f00000|  0%| F|  |TAMS 0x00000000e9e00000| PB 0x00000000e9e00000| Untracked 
| 159|0x00000000e9f00000, 0x00000000e9f00000, 0x00000000ea000000|  0%| F|  |TAMS 0x00000000e9f00000| PB 0x00000000e9f00000| Untracked 
| 160|0x00000000ea000000, 0x00000000ea000000, 0x00000000ea100000|  0%| F|  |TAMS 0x00000000ea000000| PB 0x00000000ea000000| Untracked 
| 161|0x00000000ea100000, 0x00000000ea100000, 0x00000000ea200000|  0%| F|  |TAMS 0x00000000ea100000| PB 0x00000000ea100000| Untracked 
| 162|0x00000000ea200000, 0x00000000ea200000, 0x00000000ea300000|  0%| F|  |TAMS 0x00000000ea200000| PB 0x00000000ea200000| Untracked 
| 163|0x00000000ea300000, 0x00000000ea300000, 0x00000000ea400000|  0%| F|  |TAMS 0x00000000ea300000| PB 0x00000000ea300000| Untracked 
| 164|0x00000000ea400000, 0x00000000ea400000, 0x00000000ea500000|  0%| F|  |TAMS 0x00000000ea400000| PB 0x00000000ea400000| Untracked 
| 165|0x00000000ea500000, 0x00000000ea500000, 0x00000000ea600000|  0%| F|  |TAMS 0x00000000ea500000| PB 0x00000000ea500000| Untracked 
| 166|0x00000000ea600000, 0x00000000ea600000, 0x00000000ea700000|  0%| F|  |TAMS 0x00000000ea600000| PB 0x00000000ea600000| Untracked 
| 167|0x00000000ea700000, 0x00000000ea700000, 0x00000000ea800000|  0%| F|  |TAMS 0x00000000ea700000| PB 0x00000000ea700000| Untracked 
| 168|0x00000000ea800000, 0x00000000ea800000, 0x00000000ea900000|  0%| F|  |TAMS 0x00000000ea800000| PB 0x00000000ea800000| Untracked 
| 169|0x00000000ea900000, 0x00000000ea900000, 0x00000000eaa00000|  0%| F|  |TAMS 0x00000000ea900000| PB 0x00000000ea900000| Untracked 
| 170|0x00000000eaa00000, 0x00000000eaa00000, 0x00000000eab00000|  0%| F|  |TAMS 0x00000000eaa00000| PB 0x00000000eaa00000| Untracked 
| 171|0x00000000eab00000, 0x00000000eab00000, 0x00000000eac00000|  0%| F|  |TAMS 0x00000000eab00000| PB 0x00000000eab00000| Untracked 
| 172|0x00000000eac00000, 0x00000000eac00000, 0x00000000ead00000|  0%| F|  |TAMS 0x00000000eac00000| PB 0x00000000eac00000| Untracked 
| 173|0x00000000ead00000, 0x00000000ead00000, 0x00000000eae00000|  0%| F|  |TAMS 0x00000000ead00000| PB 0x00000000ead00000| Untracked 
| 174|0x00000000eae00000, 0x00000000eae00000, 0x00000000eaf00000|  0%| F|  |TAMS 0x00000000eae00000| PB 0x00000000eae00000| Untracked 
| 175|0x00000000eaf00000, 0x00000000eaf00000, 0x00000000eb000000|  0%| F|  |TAMS 0x00000000eaf00000| PB 0x00000000eaf00000| Untracked 
| 176|0x00000000eb000000, 0x00000000eb000000, 0x00000000eb100000|  0%| F|  |TAMS 0x00000000eb000000| PB 0x00000000eb000000| Untracked 
| 177|0x00000000eb100000, 0x00000000eb100000, 0x00000000eb200000|  0%| F|  |TAMS 0x00000000eb100000| PB 0x00000000eb100000| Untracked 
| 178|0x00000000eb200000, 0x00000000eb200000, 0x00000000eb300000|  0%| F|  |TAMS 0x00000000eb200000| PB 0x00000000eb200000| Untracked 
| 179|0x00000000eb300000, 0x00000000eb300000, 0x00000000eb400000|  0%| F|  |TAMS 0x00000000eb300000| PB 0x00000000eb300000| Untracked 
| 180|0x00000000eb400000, 0x00000000eb400000, 0x00000000eb500000|  0%| F|  |TAMS 0x00000000eb400000| PB 0x00000000eb400000| Untracked 
| 181|0x00000000eb500000, 0x00000000eb500000, 0x00000000eb600000|  0%| F|  |TAMS 0x00000000eb500000| PB 0x00000000eb500000| Untracked 
| 182|0x00000000eb600000, 0x00000000eb680000, 0x00000000eb700000| 50%| E|  |TAMS 0x00000000eb600000| PB 0x00000000eb600000| Complete 
| 183|0x00000000eb700000, 0x00000000eb800000, 0x00000000eb800000|100%| E|CS|TAMS 0x00000000eb700000| PB 0x00000000eb700000| Complete 
| 184|0x00000000eb800000, 0x00000000eb900000, 0x00000000eb900000|100%| E|CS|TAMS 0x00000000eb800000| PB 0x00000000eb800000| Complete 
| 185|0x00000000eb900000, 0x00000000eba00000, 0x00000000eba00000|100%| E|CS|TAMS 0x00000000eb900000| PB 0x00000000eb900000| Complete 
| 186|0x00000000eba00000, 0x00000000ebb00000, 0x00000000ebb00000|100%| E|CS|TAMS 0x00000000eba00000| PB 0x00000000eba00000| Complete 
| 187|0x00000000ebb00000, 0x00000000ebc00000, 0x00000000ebc00000|100%| E|CS|TAMS 0x00000000ebb00000| PB 0x00000000ebb00000| Complete 
| 188|0x00000000ebc00000, 0x00000000ebd00000, 0x00000000ebd00000|100%| E|CS|TAMS 0x00000000ebc00000| PB 0x00000000ebc00000| Complete 
| 189|0x00000000ebd00000, 0x00000000ebe00000, 0x00000000ebe00000|100%| E|CS|TAMS 0x00000000ebd00000| PB 0x00000000ebd00000| Complete 
| 190|0x00000000ebe00000, 0x00000000ebf00000, 0x00000000ebf00000|100%| E|CS|TAMS 0x00000000ebe00000| PB 0x00000000ebe00000| Complete 
| 191|0x00000000ebf00000, 0x00000000ec000000, 0x00000000ec000000|100%| E|CS|TAMS 0x00000000ebf00000| PB 0x00000000ebf00000| Complete 
| 192|0x00000000ec000000, 0x00000000ec100000, 0x00000000ec100000|100%| E|CS|TAMS 0x00000000ec000000| PB 0x00000000ec000000| Complete 
| 193|0x00000000ec100000, 0x00000000ec200000, 0x00000000ec200000|100%| E|CS|TAMS 0x00000000ec100000| PB 0x00000000ec100000| Complete 
| 194|0x00000000ec200000, 0x00000000ec300000, 0x00000000ec300000|100%| E|CS|TAMS 0x00000000ec200000| PB 0x00000000ec200000| Complete 
| 195|0x00000000ec300000, 0x00000000ec400000, 0x00000000ec400000|100%| E|CS|TAMS 0x00000000ec300000| PB 0x00000000ec300000| Complete 
| 196|0x00000000ec400000, 0x00000000ec500000, 0x00000000ec500000|100%| E|CS|TAMS 0x00000000ec400000| PB 0x00000000ec400000| Complete 
| 197|0x00000000ec500000, 0x00000000ec600000, 0x00000000ec600000|100%| E|CS|TAMS 0x00000000ec500000| PB 0x00000000ec500000| Complete 
| 198|0x00000000ec600000, 0x00000000ec700000, 0x00000000ec700000|100%| E|CS|TAMS 0x00000000ec600000| PB 0x00000000ec600000| Complete 
| 199|0x00000000ec700000, 0x00000000ec800000, 0x00000000ec800000|100%| E|CS|TAMS 0x00000000ec700000| PB 0x00000000ec700000| Complete 
| 200|0x00000000ec800000, 0x00000000ec900000, 0x00000000ec900000|100%| E|CS|TAMS 0x00000000ec800000| PB 0x00000000ec800000| Complete 
| 201|0x00000000ec900000, 0x00000000eca00000, 0x00000000eca00000|100%| E|CS|TAMS 0x00000000ec900000| PB 0x00000000ec900000| Complete 
| 202|0x00000000eca00000, 0x00000000ecb00000, 0x00000000ecb00000|100%| E|CS|TAMS 0x00000000eca00000| PB 0x00000000eca00000| Complete 
| 203|0x00000000ecb00000, 0x00000000ecc00000, 0x00000000ecc00000|100%| E|CS|TAMS 0x00000000ecb00000| PB 0x00000000ecb00000| Complete 
| 204|0x00000000ecc00000, 0x00000000ecd00000, 0x00000000ecd00000|100%| E|CS|TAMS 0x00000000ecc00000| PB 0x00000000ecc00000| Complete 
| 205|0x00000000ecd00000, 0x00000000ece00000, 0x00000000ece00000|100%| E|CS|TAMS 0x00000000ecd00000| PB 0x00000000ecd00000| Complete 
| 206|0x00000000ece00000, 0x00000000ecf00000, 0x00000000ecf00000|100%| E|CS|TAMS 0x00000000ece00000| PB 0x00000000ece00000| Complete 
| 207|0x00000000ecf00000, 0x00000000ed000000, 0x00000000ed000000|100%| E|CS|TAMS 0x00000000ecf00000| PB 0x00000000ecf00000| Complete 
| 208|0x00000000ed000000, 0x00000000ed100000, 0x00000000ed100000|100%| E|CS|TAMS 0x00000000ed000000| PB 0x00000000ed000000| Complete 
| 209|0x00000000ed100000, 0x00000000ed200000, 0x00000000ed200000|100%| E|CS|TAMS 0x00000000ed100000| PB 0x00000000ed100000| Complete 
| 210|0x00000000ed200000, 0x00000000ed300000, 0x00000000ed300000|100%| E|CS|TAMS 0x00000000ed200000| PB 0x00000000ed200000| Complete 
| 211|0x00000000ed300000, 0x00000000ed400000, 0x00000000ed400000|100%| E|CS|TAMS 0x00000000ed300000| PB 0x00000000ed300000| Complete 
| 212|0x00000000ed400000, 0x00000000ed500000, 0x00000000ed500000|100%| E|CS|TAMS 0x00000000ed400000| PB 0x00000000ed400000| Complete 
| 213|0x00000000ed500000, 0x00000000ed600000, 0x00000000ed600000|100%| E|CS|TAMS 0x00000000ed500000| PB 0x00000000ed500000| Complete 
| 214|0x00000000ed600000, 0x00000000ed700000, 0x00000000ed700000|100%| E|CS|TAMS 0x00000000ed600000| PB 0x00000000ed600000| Complete 
| 215|0x00000000ed700000, 0x00000000ed800000, 0x00000000ed800000|100%| E|CS|TAMS 0x00000000ed700000| PB 0x00000000ed700000| Complete 
| 216|0x00000000ed800000, 0x00000000ed900000, 0x00000000ed900000|100%| E|CS|TAMS 0x00000000ed800000| PB 0x00000000ed800000| Complete 
| 217|0x00000000ed900000, 0x00000000eda00000, 0x00000000eda00000|100%| E|CS|TAMS 0x00000000ed900000| PB 0x00000000ed900000| Complete 
| 218|0x00000000eda00000, 0x00000000edb00000, 0x00000000edb00000|100%| E|CS|TAMS 0x00000000eda00000| PB 0x00000000eda00000| Complete 
| 219|0x00000000edb00000, 0x00000000edc00000, 0x00000000edc00000|100%| E|CS|TAMS 0x00000000edb00000| PB 0x00000000edb00000| Complete 
| 220|0x00000000edc00000, 0x00000000edd00000, 0x00000000edd00000|100%| E|CS|TAMS 0x00000000edc00000| PB 0x00000000edc00000| Complete 
| 221|0x00000000edd00000, 0x00000000ede00000, 0x00000000ede00000|100%| E|CS|TAMS 0x00000000edd00000| PB 0x00000000edd00000| Complete 
| 222|0x00000000ede00000, 0x00000000eded6420, 0x00000000edf00000| 83%| S|CS|TAMS 0x00000000ede00000| PB 0x00000000ede00000| Complete 
| 223|0x00000000edf00000, 0x00000000ee000000, 0x00000000ee000000|100%| S|CS|TAMS 0x00000000edf00000| PB 0x00000000edf00000| Complete 
| 224|0x00000000ee000000, 0x00000000ee100000, 0x00000000ee100000|100%| S|CS|TAMS 0x00000000ee000000| PB 0x00000000ee000000| Complete 
| 225|0x00000000ee100000, 0x00000000ee200000, 0x00000000ee200000|100%| E|CS|TAMS 0x00000000ee100000| PB 0x00000000ee100000| Complete 
| 226|0x00000000ee200000, 0x00000000ee300000, 0x00000000ee300000|100%| E|CS|TAMS 0x00000000ee200000| PB 0x00000000ee200000| Complete 
| 227|0x00000000ee300000, 0x00000000ee400000, 0x00000000ee400000|100%| E|CS|TAMS 0x00000000ee300000| PB 0x00000000ee300000| Complete 
| 228|0x00000000ee400000, 0x00000000ee500000, 0x00000000ee500000|100%| E|CS|TAMS 0x00000000ee400000| PB 0x00000000ee400000| Complete 
| 229|0x00000000ee500000, 0x00000000ee600000, 0x00000000ee600000|100%| E|CS|TAMS 0x00000000ee500000| PB 0x00000000ee500000| Complete 
| 230|0x00000000ee600000, 0x00000000ee700000, 0x00000000ee700000|100%| E|CS|TAMS 0x00000000ee600000| PB 0x00000000ee600000| Complete 
| 231|0x00000000ee700000, 0x00000000ee800000, 0x00000000ee800000|100%| E|CS|TAMS 0x00000000ee700000| PB 0x00000000ee700000| Complete 
| 232|0x00000000ee800000, 0x00000000ee900000, 0x00000000ee900000|100%| E|CS|TAMS 0x00000000ee800000| PB 0x00000000ee800000| Complete 
| 233|0x00000000ee900000, 0x00000000eea00000, 0x00000000eea00000|100%| E|CS|TAMS 0x00000000ee900000| PB 0x00000000ee900000| Complete 
| 234|0x00000000eea00000, 0x00000000eeb00000, 0x00000000eeb00000|100%| E|CS|TAMS 0x00000000eea00000| PB 0x00000000eea00000| Complete 
| 235|0x00000000eeb00000, 0x00000000eec00000, 0x00000000eec00000|100%| E|CS|TAMS 0x00000000eeb00000| PB 0x00000000eeb00000| Complete 
| 236|0x00000000eec00000, 0x00000000eed00000, 0x00000000eed00000|100%| E|CS|TAMS 0x00000000eec00000| PB 0x00000000eec00000| Complete 
| 237|0x00000000eed00000, 0x00000000eee00000, 0x00000000eee00000|100%| E|CS|TAMS 0x00000000eed00000| PB 0x00000000eed00000| Complete 
| 238|0x00000000eee00000, 0x00000000eef00000, 0x00000000eef00000|100%| E|CS|TAMS 0x00000000eee00000| PB 0x00000000eee00000| Complete 
| 239|0x00000000eef00000, 0x00000000ef000000, 0x00000000ef000000|100%| E|CS|TAMS 0x00000000eef00000| PB 0x00000000eef00000| Complete 
| 240|0x00000000ef000000, 0x00000000ef100000, 0x00000000ef100000|100%| E|CS|TAMS 0x00000000ef000000| PB 0x00000000ef000000| Complete 
| 241|0x00000000ef100000, 0x00000000ef200000, 0x00000000ef200000|100%| E|CS|TAMS 0x00000000ef100000| PB 0x00000000ef100000| Complete 
| 242|0x00000000ef200000, 0x00000000ef300000, 0x00000000ef300000|100%| E|CS|TAMS 0x00000000ef200000| PB 0x00000000ef200000| Complete 
| 243|0x00000000ef300000, 0x00000000ef400000, 0x00000000ef400000|100%| E|CS|TAMS 0x00000000ef300000| PB 0x00000000ef300000| Complete 
| 244|0x00000000ef400000, 0x00000000ef500000, 0x00000000ef500000|100%| E|CS|TAMS 0x00000000ef400000| PB 0x00000000ef400000| Complete 
| 245|0x00000000ef500000, 0x00000000ef600000, 0x00000000ef600000|100%| E|CS|TAMS 0x00000000ef500000| PB 0x00000000ef500000| Complete 
| 246|0x00000000ef600000, 0x00000000ef700000, 0x00000000ef700000|100%| E|CS|TAMS 0x00000000ef600000| PB 0x00000000ef600000| Complete 
| 247|0x00000000ef700000, 0x00000000ef800000, 0x00000000ef800000|100%| E|CS|TAMS 0x00000000ef700000| PB 0x00000000ef700000| Complete 
| 248|0x00000000ef800000, 0x00000000ef900000, 0x00000000ef900000|100%| E|CS|TAMS 0x00000000ef800000| PB 0x00000000ef800000| Complete 
| 249|0x00000000ef900000, 0x00000000efa00000, 0x00000000efa00000|100%| E|CS|TAMS 0x00000000ef900000| PB 0x00000000ef900000| Complete 
| 250|0x00000000efa00000, 0x00000000efb00000, 0x00000000efb00000|100%| E|CS|TAMS 0x00000000efa00000| PB 0x00000000efa00000| Complete 
| 251|0x00000000efb00000, 0x00000000efc00000, 0x00000000efc00000|100%| E|CS|TAMS 0x00000000efb00000| PB 0x00000000efb00000| Complete 
| 252|0x00000000efc00000, 0x00000000efd00000, 0x00000000efd00000|100%| E|CS|TAMS 0x00000000efc00000| PB 0x00000000efc00000| Complete 
| 253|0x00000000efd00000, 0x00000000efe00000, 0x00000000efe00000|100%| E|CS|TAMS 0x00000000efd00000| PB 0x00000000efd00000| Complete 
| 254|0x00000000efe00000, 0x00000000eff00000, 0x00000000eff00000|100%| E|CS|TAMS 0x00000000efe00000| PB 0x00000000efe00000| Complete 
| 255|0x00000000eff00000, 0x00000000f0000000, 0x00000000f0000000|100%| E|CS|TAMS 0x00000000eff00000| PB 0x00000000eff00000| Complete 

Card table byte_map: [0x000001a0385d0000,0x000001a0386d0000] _byte_map_base: 0x000001a037ed0000

Marking Bits: (CMBitMap*) 0x000001a025dae210
 Bits: [0x000001a0386d0000, 0x000001a038ed0000)

Polling page: 0x000001a0240e0000

Metaspace:

Usage:
  Non-class:     12.92 MB used.
      Class:      2.07 MB used.
       Both:     14.99 MB used.

Virtual space:
  Non-class space:       64.00 MB reserved,      13.19 MB ( 21%) committed,  1 nodes.
      Class space:      320.00 MB reserved,       2.25 MB ( <1%) committed,  1 nodes.
             Both:      384.00 MB reserved,      15.44 MB (  4%) committed. 

Chunk freelists:
   Non-Class:  1.91 MB
       Class:  13.77 MB
        Both:  15.67 MB

MaxMetaspaceSize: 384.00 MB
CompressedClassSpaceSize: 320.00 MB
Initial GC threshold: 21.00 MB
Current GC threshold: 21.00 MB
CDS: on
 - commit_granule_bytes: 65536.
 - commit_granule_words: 8192.
 - virtual_space_node_default_size: 8388608.
 - enlarge_chunks_in_place: 1.
 - use_allocation_guard: 0.


Internal statistics:

num_allocs_failed_limit: 0.
num_arena_births: 468.
num_arena_deaths: 0.
num_vsnodes_births: 2.
num_vsnodes_deaths: 0.
num_space_committed: 247.
num_space_uncommitted: 0.
num_chunks_returned_to_freelist: 0.
num_chunks_taken_from_freelist: 966.
num_chunk_merges: 0.
num_chunk_splits: 644.
num_chunks_enlarged: 458.
num_inconsistent_stats: 0.

CodeHeap 'non-profiled nmethods': size=120000Kb used=1193Kb max_used=1193Kb free=118806Kb
 bounds [0x000001a030a50000, 0x000001a030cc0000, 0x000001a037f80000]
CodeHeap 'profiled nmethods': size=120000Kb used=5701Kb max_used=5701Kb free=114298Kb
 bounds [0x000001a028f80000, 0x000001a029520000, 0x000001a0304b0000]
CodeHeap 'non-nmethods': size=5760Kb used=1406Kb max_used=1418Kb free=4353Kb
 bounds [0x000001a0304b0000, 0x000001a030720000, 0x000001a030a50000]
CodeCache: size=245760Kb, used=8300Kb, max_used=8312Kb, free=237457Kb
 total_blobs=3424, nmethods=2860, adapters=468, full_count=0
Compilation: enabled, stopped_count=0, restarted_count=0

Compilation events (20 events):
Event: 64.312 Thread 0x000001a03bb38810 nmethod 2853 0x000001a029508710 code [0x000001a0295088c0, 0x000001a029508b78]
Event: 64.318 Thread 0x000001a03bb38810 2856       3       org.gradle.internal.collect.PersistentArray::of (4 bytes)
Event: 64.318 Thread 0x000001a03bb38810 nmethod 2856 0x000001a029508c90 code [0x000001a029508e20, 0x000001a029508f18]
Event: 64.318 Thread 0x000001a03bb38810 2857       3       org.gradle.internal.service.DefaultServiceRegistry$OwnServices::getProviders (28 bytes)
Event: 64.318 Thread 0x000001a03bb38810 nmethod 2857 0x000001a029508f90 code [0x000001a029509160, 0x000001a0295095c8]
Event: 64.318 Thread 0x000001a03bb38810 2858       3       org.gradle.internal.collect.PersistentMapTrie::getOrDefault (16 bytes)
Event: 64.319 Thread 0x000001a03bb38810 nmethod 2858 0x000001a029509710 code [0x000001a0295098e0, 0x000001a029509bb8]
Event: 64.319 Thread 0x000001a03bb38810 2859       3       org.gradle.internal.service.DefaultServiceRegistry$OwnServices::getService (317 bytes)
Event: 64.322 Thread 0x000001a03bb38810 nmethod 2859 0x000001a029509d10 code [0x000001a02950a280, 0x000001a02950d148]
Event: 64.322 Thread 0x000001a03bb38810 2860       3       org.gradle.internal.service.DefaultServiceRegistry$SingletonService::getAll (38 bytes)
Event: 64.322 Thread 0x000001a03bb38810 nmethod 2860 0x000001a02950df10 code [0x000001a02950e100, 0x000001a02950e530]
Event: 64.322 Thread 0x000001a03bb38810 2861       3       java.lang.invoke.VarHandleReferences$FieldInstanceReadWrite::compareAndSet (48 bytes)
Event: 64.323 Thread 0x000001a03bb38810 nmethod 2861 0x000001a02950e710 code [0x000001a02950e980, 0x000001a02950f358]
Event: 64.323 Thread 0x000001a03bb38810 2862       3       java.util.regex.Pattern$BmpCharPropertyGreedy::match (89 bytes)
Event: 64.323 Thread 0x000001a03bb38810 nmethod 2862 0x000001a02950f710 code [0x000001a02950f900, 0x000001a02950ff30]
Event: 64.327 Thread 0x000001a03bb38810 2863   !   3       java.lang.invoke.MethodHandles$Lookup$ClassDefiner::defineClass (213 bytes)
Event: 64.329 Thread 0x000001a03bb38810 nmethod 2863 0x000001a029510110 code [0x000001a0295103a0, 0x000001a029510e80]
Event: 64.332 Thread 0x000001a03bb38810 2864       3       java.lang.System$2::defineClass (21 bytes)
Event: 64.332 Thread 0x000001a03bb38810 nmethod 2864 0x000001a029511390 code [0x000001a029511540, 0x000001a0295116b8]
Event: 64.451 Thread 0x000001a03bb38810 2867       3       java.util.ComparableTimSort::reverseRange (32 bytes)

GC Heap History (4 events):
Event: 21.766 GC heap before
{Heap before GC invocations=0 (full 0):
 garbage-first heap   total 262144K, used 26624K [0x00000000e0000000, 0x0000000100000000)
  region size 1024K, 23 young (23552K), 0 survivors (0K)
 Metaspace       used 3028K, committed 3200K, reserved 393216K
  class space    used 366K, committed 448K, reserved 327680K
}
Event: 21.866 GC heap after
{Heap after GC invocations=1 (full 0):
 garbage-first heap   total 262144K, used 11450K [0x00000000e0000000, 0x0000000100000000)
  region size 1024K, 3 young (3072K), 3 survivors (3072K)
 Metaspace       used 3028K, committed 3200K, reserved 393216K
  class space    used 366K, committed 448K, reserved 327680K
}
Event: 32.424 GC heap before
{Heap before GC invocations=1 (full 0):
 garbage-first heap   total 262144K, used 41146K [0x00000000e0000000, 0x0000000100000000)
  region size 1024K, 31 young (31744K), 3 survivors (3072K)
 Metaspace       used 4683K, committed 4864K, reserved 393216K
  class space    used 595K, committed 704K, reserved 327680K
}
Event: 32.429 GC heap after
{Heap after GC invocations=2 (full 0):
 garbage-first heap   total 262144K, used 15179K [0x00000000e0000000, 0x0000000100000000)
  region size 1024K, 3 young (3072K), 3 survivors (3072K)
 Metaspace       used 4683K, committed 4864K, reserved 393216K
  class space    used 595K, committed 704K, reserved 327680K
}

Dll operation events (20 events):
Event: 2.763 Attempting to load shared library C:\Users\user\.vscode\extensions\redhat.java-1.56.0-win32-x64\jre\21.0.12.1-win32-x86_64\bin\nio.dll
Event: 2.824 Loaded shared library C:\Users\user\.vscode\extensions\redhat.java-1.56.0-win32-x64\jre\21.0.12.1-win32-x86_64\bin\nio.dll
Event: 2.997 Attempting to load shared library C:\Users\user\.vscode\extensions\redhat.java-1.56.0-win32-x64\jre\21.0.12.1-win32-x86_64\bin\zip.dll
Event: 2.997 Loaded shared library C:\Users\user\.vscode\extensions\redhat.java-1.56.0-win32-x64\jre\21.0.12.1-win32-x86_64\bin\zip.dll
Event: 12.188 Attempting to load shared library C:\Users\user\.vscode\extensions\redhat.java-1.56.0-win32-x64\jre\21.0.12.1-win32-x86_64\bin\jimage.dll
Event: 12.188 Loaded shared library C:\Users\user\.vscode\extensions\redhat.java-1.56.0-win32-x64\jre\21.0.12.1-win32-x86_64\bin\jimage.dll
Event: 21.478 Attempting to load shared library C:\Users\user\.vscode\extensions\redhat.java-1.56.0-win32-x64\jre\21.0.12.1-win32-x86_64\bin\verify.dll
Event: 21.482 Loaded shared library C:\Users\user\.vscode\extensions\redhat.java-1.56.0-win32-x64\jre\21.0.12.1-win32-x86_64\bin\verify.dll
Event: 21.575 Attempting to load shared library C:\Users\user\.gradle\native\660c5614fbf4a5f2a75b1949f50a0caf5cd603558e7d8a26e50b933a0cfb79d1\windows-amd64\native-platform.dll
Event: 21.576 Loaded shared library C:\Users\user\.gradle\native\660c5614fbf4a5f2a75b1949f50a0caf5cd603558e7d8a26e50b933a0cfb79d1\windows-amd64\native-platform.dll
Event: 21.594 Attempting to load shared library C:\Users\user\.gradle\native\0.2.8\x86_64-windows-gnu\gradle-fileevents.dll
Event: 21.594 Loaded shared library C:\Users\user\.gradle\native\0.2.8\x86_64-windows-gnu\gradle-fileevents.dll
Event: 34.704 Attempting to load shared library C:\Users\user\.vscode\extensions\redhat.java-1.56.0-win32-x64\jre\21.0.12.1-win32-x86_64\bin\management.dll
Event: 34.705 Loaded shared library C:\Users\user\.vscode\extensions\redhat.java-1.56.0-win32-x64\jre\21.0.12.1-win32-x86_64\bin\management.dll
Event: 35.256 Attempting to load shared library C:\Users\user\.vscode\extensions\redhat.java-1.56.0-win32-x64\jre\21.0.12.1-win32-x86_64\bin\management_ext.dll
Event: 35.314 Loaded shared library C:\Users\user\.vscode\extensions\redhat.java-1.56.0-win32-x64\jre\21.0.12.1-win32-x86_64\bin\management_ext.dll
Event: 37.753 Attempting to load shared library C:\Users\user\.vscode\extensions\redhat.java-1.56.0-win32-x64\jre\21.0.12.1-win32-x86_64\bin\extnet.dll
Event: 37.755 Loaded shared library C:\Users\user\.vscode\extensions\redhat.java-1.56.0-win32-x64\jre\21.0.12.1-win32-x86_64\bin\extnet.dll
Event: 42.865 Attempting to load shared library C:\Users\user\.vscode\extensions\redhat.java-1.56.0-win32-x64\jre\21.0.12.1-win32-x86_64\bin\sunmscapi.dll
Event: 45.380 Loaded shared library C:\Users\user\.vscode\extensions\redhat.java-1.56.0-win32-x64\jre\21.0.12.1-win32-x86_64\bin\sunmscapi.dll

Deoptimization events (20 events):
Event: 58.188 Thread 0x000001a055ca8770 Uncommon trap: trap_request=0xffffff45 fr.pc=0x000001a030b5868c relative=0x000000000000032c
Event: 58.188 Thread 0x000001a055ca8770 Uncommon trap: reason=unstable_if action=reinterpret pc=0x000001a030b5868c method=java.util.HashMap.getNode(Ljava/lang/Object;)Ljava/util/HashMap$Node; @ 66 c2
Event: 58.188 Thread 0x000001a055ca8770 DEOPT PACKING pc=0x000001a030b5868c sp=0x00000096e50fbfb0
Event: 58.188 Thread 0x000001a055ca8770 DEOPT UNPACKING pc=0x000001a030504422 sp=0x00000096e50fbec0 mode 2
Event: 58.188 Thread 0x000001a055ca8770 Uncommon trap: trap_request=0xffffff45 fr.pc=0x000001a030ac35c4 relative=0x00000000000001e4
Event: 58.188 Thread 0x000001a055ca8770 Uncommon trap: reason=unstable_if action=reinterpret pc=0x000001a030ac35c4 method=java.util.HashMap.getNode(Ljava/lang/Object;)Ljava/util/HashMap$Node; @ 66 c2
Event: 58.188 Thread 0x000001a055ca8770 DEOPT PACKING pc=0x000001a030ac35c4 sp=0x00000096e50fbf40
Event: 58.188 Thread 0x000001a055ca8770 DEOPT UNPACKING pc=0x000001a030504422 sp=0x00000096e50fbec0 mode 2
Event: 58.240 Thread 0x000001a055ca8770 Uncommon trap: trap_request=0xffffff45 fr.pc=0x000001a030ac5480 relative=0x00000000000002c0
Event: 58.240 Thread 0x000001a055ca8770 Uncommon trap: reason=unstable_if action=reinterpret pc=0x000001a030ac5480 method=java.util.concurrent.ConcurrentHashMap.get(Ljava/lang/Object;)Ljava/lang/Object; @ 152 c2
Event: 58.240 Thread 0x000001a055ca8770 DEOPT PACKING pc=0x000001a030ac5480 sp=0x00000096e50fb540
Event: 58.240 Thread 0x000001a055ca8770 DEOPT UNPACKING pc=0x000001a030504422 sp=0x00000096e50fb4a8 mode 2
Event: 58.806 Thread 0x000001a055ca8770 Uncommon trap: trap_request=0xffffff45 fr.pc=0x000001a030b5f310 relative=0x0000000000000e50
Event: 58.806 Thread 0x000001a055ca8770 Uncommon trap: reason=unstable_if action=reinterpret pc=0x000001a030b5f310 method=java.lang.invoke.LambdaForm$Name.replaceNames([Ljava/lang/invoke/LambdaForm$Name;[Ljava/lang/invoke/LambdaForm$Name;II)Ljava/lang/invoke/LambdaForm$Name; @ 3 c2
Event: 58.806 Thread 0x000001a055ca8770 DEOPT PACKING pc=0x000001a030b5f310 sp=0x00000096e50fcfe0
Event: 58.806 Thread 0x000001a055ca8770 DEOPT UNPACKING pc=0x000001a030504422 sp=0x00000096e50fcfa8 mode 2
Event: 64.321 Thread 0x000001a055ca8770 Uncommon trap: trap_request=0xffffff76 fr.pc=0x000001a030b04860 relative=0x00000000000001a0
Event: 64.321 Thread 0x000001a055ca8770 Uncommon trap: reason=predicate action=maybe_recompile pc=0x000001a030b04860 method=java.util.regex.Pattern$BmpCharPropertyGreedy.match(Ljava/util/regex/Matcher;ILjava/lang/CharSequence;)Z @ 12 c2
Event: 64.321 Thread 0x000001a055ca8770 DEOPT PACKING pc=0x000001a030b04860 sp=0x00000096e50fbf50
Event: 64.321 Thread 0x000001a055ca8770 DEOPT UNPACKING pc=0x000001a030504422 sp=0x00000096e50fbee8 mode 2

Classes loaded (20 events):
Event: 58.323 Loading class java/lang/TypeNotPresentException
Event: 58.323 Loading class java/lang/TypeNotPresentException done
Event: 58.537 Loading class java/util/ConcurrentModificationException
Event: 58.537 Loading class java/util/ConcurrentModificationException done
Event: 58.588 Loading class jdk/internal/org/objectweb/asm/ClassReader
Event: 58.589 Loading class jdk/internal/org/objectweb/asm/ClassReader done
Event: 58.623 Loading class sun/reflect/generics/scope/ConstructorScope
Event: 58.623 Loading class sun/reflect/generics/scope/ConstructorScope done
Event: 64.284 Loading class java/nio/file/attribute/PosixFilePermission
Event: 64.285 Loading class java/nio/file/attribute/PosixFilePermission done
Event: 64.285 Loading class java/nio/file/NoSuchFileException
Event: 64.285 Loading class java/nio/file/FileSystemException
Event: 64.285 Loading class java/nio/file/FileSystemException done
Event: 64.285 Loading class java/nio/file/NoSuchFileException done
Event: 64.287 Loading class java/nio/file/attribute/PosixFilePermissions
Event: 64.287 Loading class java/nio/file/attribute/PosixFilePermissions done
Event: 64.287 Loading class java/util/RegularEnumSet$EnumSetIterator
Event: 64.287 Loading class java/util/RegularEnumSet$EnumSetIterator done
Event: 64.287 Loading class java/nio/file/attribute/PosixFilePermissions$1
Event: 64.287 Loading class java/nio/file/attribute/PosixFilePermissions$1 done

Classes unloaded (0 events):
No events

Classes redefined (0 events):
No events

Internal exceptions (20 events):
Event: 38.219 Thread 0x000001a025d81dc0 Exception <a 'java/lang/NoSuchMethodError'{0x00000000ed850910}: 'java.lang.Object java.lang.invoke.DirectMethodHandle$Holder.invokeStaticInit(java.lang.Object, int, int, int, int)'> (0x00000000ed850910) 
thrown [s\src\hotspot\share\interpreter\linkResolver.cpp, line 773]
Event: 39.261 Thread 0x000001a025d81dc0 Exception <a 'java/lang/NoSuchMethodError'{0x00000000ed8f7ba8}: 'java.lang.Object java.lang.invoke.DirectMethodHandle$Holder.invokeStaticInit(java.lang.Object, java.lang.Object, int, int, int, int)'> (0x00000000ed8f7ba8) 
thrown [s\src\hotspot\share\interpreter\linkResolver.cpp, line 773]
Event: 39.698 Thread 0x000001a025d81dc0 Exception <a 'java/io/IOException'{0x00000000ed57ac58}> (0x00000000ed57ac58) 
thrown [s\src\hotspot\share\prims\jni.cpp, line 520]
Event: 39.706 Thread 0x000001a025d81dc0 Implicit null exception at 0x000001a030a9ef24 to 0x000001a030a9f574
Event: 39.748 Thread 0x000001a025d81dc0 Exception <a 'java/lang/NoSuchMethodError'{0x00000000ed467f40}: 'java.lang.Object java.lang.invoke.DirectMethodHandle$Holder.newInvokeSpecial(java.lang.Object, java.lang.Object, java.lang.Object, java.lang.Object, java.lang.Object)'> (0x00000000ed467f40) 
thrown [s\src\hotspot\share\interpreter\linkResolver.cpp, line 773]
Event: 39.754 Thread 0x000001a025d81dc0 Exception <a 'java/lang/NoSuchMethodError'{0x00000000ed48abd8}: 'void java.lang.invoke.DirectMethodHandle$Holder.invokeSpecial(java.lang.Object, java.lang.Object, java.lang.Object)'> (0x00000000ed48abd8) 
thrown [s\src\hotspot\share\interpreter\linkResolver.cpp, line 773]
Event: 55.554 Thread 0x000001a055ca8770 Exception <a 'java/lang/NoSuchMethodError'{0x00000000ecb9bf38}: 'java.lang.Object java.lang.invoke.DirectMethodHandle$Holder.invokeVirtual(java.lang.Object, java.lang.Object, java.lang.Object, java.lang.Object, java.lang.Object, java.lang.Object, java.lang.Object)'> (0x00000000ecb9bf38) 
thrown [s\src\hotspot\share\interpreter\linkResolver.cpp, line 773]
Event: 55.599 Thread 0x000001a055ca8770 Exception <a 'java/lang/NoSuchMethodError'{0x00000000eca38f88}: 'long java.lang.invoke.DirectMethodHandle$Holder.invokeInterface(java.lang.Object, java.lang.Object)'> (0x00000000eca38f88) 
thrown [s\src\hotspot\share\interpreter\linkResolver.cpp, line 773]
Event: 57.396 Thread 0x000001a055ca8770 Exception <a 'java/lang/NoSuchMethodError'{0x00000000ec6f5b78}: 'void java.lang.invoke.DirectMethodHandle$Holder.invokeStatic(java.lang.Object, java.lang.Object)'> (0x00000000ec6f5b78) 
thrown [s\src\hotspot\share\interpreter\linkResolver.cpp, line 773]
Event: 57.423 Thread 0x000001a055ca8770 Exception <a 'java/lang/NoSuchMethodError'{0x00000000ec54a868}: 'java.lang.Object java.lang.invoke.DirectMethodHandle$Holder.invokeVirtual(java.lang.Object, java.lang.Object, java.lang.Object, java.lang.Object, java.lang.Object, java.lang.Object, java.lang.Object, java.lang.Object, java.lang.Object, java.lang.Object, java.lang.Object, java.lang.Object)'> (0x00000000ec54a868) 
thrown [s\src\hotspot\share\interpreter\linkResolver.cpp, line 773]
Event: 57.423 Thread 0x000001a055ca8770 Exception <a 'java/lang/NoSuchMethodError'{0x00000000ec54f890}: 'java.lang.Object java.lang.invoke.DirectMethodHandle$Holder.invokeSpecial(java.lang.Object, java.lang.Object, java.lang.Object, java.lang.Object, java.lang.Object, java.lang.Object, java.lang.Object, java.lang.Object, java.lang.Object, java.lang.Object, java.lang.Object, java.lang.Object, java.lang.Object)'> (0x00000000ec54f890) 
thrown [s\src\hotspot\share\interpreter\linkResolver.cpp, line 773]
Event: 57.512 Thread 0x000001a056f8c8e0 Implicit null exception at 0x000001a030a9fc20 to 0x000001a030aa026c
Event: 58.149 Thread 0x000001a055ca8770 Exception <a 'java/lang/NoSuchMethodError'{0x00000000ec4e0840}: 'void java.lang.invoke.DirectMethodHandle$Holder.invokeStatic(java.lang.Object, java.lang.Object, java.lang.Object, java.lang.Object)'> (0x00000000ec4e0840) 
thrown [s\src\hotspot\share\interpreter\linkResolver.cpp, line 773]
Event: 58.248 Thread 0x000001a055ca8770 Exception <a 'java/lang/NoSuchMethodError'{0x00000000ec399868}: 'int java.lang.invoke.DirectMethodHandle$Holder.invokeVirtual(java.lang.Object, java.lang.Object, java.lang.Object)'> (0x00000000ec399868) 
thrown [s\src\hotspot\share\interpreter\linkResolver.cpp, line 773]
Event: 58.444 Thread 0x000001a055ca8770 Exception <a 'java/lang/NoSuchMethodError'{0x00000000ec1ff308}: 'java.lang.Object java.lang.invoke.DirectMethodHandle$Holder.newInvokeSpecial(java.lang.Object, java.lang.Object, java.lang.Object, java.lang.Object, java.lang.Object, java.lang.Object)'> (0x00000000ec1ff308) 
thrown [s\src\hotspot\share\interpreter\linkResolver.cpp, line 773]
Event: 58.780 Thread 0x000001a055ca8770 Exception <a 'java/lang/NoSuchMethodError'{0x00000000ebe70038}: 'void java.lang.invoke.DelegatingMethodHandle$Holder.reinvoke_L(java.lang.Object, java.lang.Object, java.lang.Object, java.lang.Object, java.lang.Object, java.lang.Object, java.lang.Object, java.lang.Object, java.lang.Object, java.lang.Object)'> (0x00000000ebe70038) 
thrown [s\src\hotspot\share\interpreter\linkResolver.cpp, line 773]
Event: 58.785 Thread 0x000001a055ca8770 Exception <a 'java/lang/NoSuchMethodError'{0x00000000ebe77b18}: 'java.lang.Object java.lang.invoke.Invokers$Holder.invoker(java.lang.Object, java.lang.Object, java.lang.Object, java.lang.Object, java.lang.Object, java.lang.Object, java.lang.Object, java.lang.Object, java.lang.Object, java.lang.Object)'> (0x00000000ebe77b18) 
thrown [s\src\hotspot\share\interpreter\linkResolver.cpp, line 773]
Event: 64.312 Thread 0x000001a055ca8770 Exception <a 'java/lang/NoSuchMethodError'{0x00000000eb78d170}: 'void java.lang.invoke.DirectMethodHandle$Holder.invokeInterface(java.lang.Object, java.lang.Object)'> (0x00000000eb78d170) 
thrown [s\src\hotspot\share\interpreter\linkResolver.cpp, line 773]
Event: 64.312 Thread 0x000001a055ca8770 Exception <a 'java/lang/IncompatibleClassChangeError'{0x00000000eb7906f0}: Found class java.lang.Object, but interface was expected> (0x00000000eb7906f0) 
thrown [s\src\hotspot\share\interpreter\linkResolver.cpp, line 840]
Event: 64.328 Thread 0x000001a055ca8770 Exception <a 'java/lang/NoSuchMethodError'{0x00000000eb7b5878}: 'java.lang.Object java.lang.invoke.DirectMethodHandle$Holder.newInvokeSpecial(java.lang.Object, java.lang.Object, java.lang.Object, java.lang.Object, java.lang.Object, java.lang.Object, java.lang.Object, java.lang.Object)'> (0x00000000eb7b5878) 
thrown [s\src\hotspot\share\interpreter\linkResolver.cpp, line 773]

ZGC Phase Switch (0 events):
No events

VM Operations (20 events):
Event: 54.796 Executing safepoint VM operation: Cleanup done
Event: 55.858 Executing safepoint VM operation: Cleanup
Event: 57.195 Executing safepoint VM operation: Cleanup done
Event: 58.205 Executing safepoint VM operation: Cleanup
Event: 58.205 Executing safepoint VM operation: Cleanup done
Event: 59.216 Executing safepoint VM operation: Cleanup
Event: 59.216 Executing safepoint VM operation: Cleanup done
Event: 60.228 Executing safepoint VM operation: Cleanup
Event: 61.245 Executing safepoint VM operation: Cleanup done
Event: 61.246 Executing non-safepoint VM operation: HandshakeAllThreads (HandshakeForDeflation)
Event: 61.259 Executing non-safepoint VM operation: HandshakeAllThreads (HandshakeForDeflation) done
Event: 61.260 Executing non-safepoint VM operation: RendezvousGCThreads
Event: 61.260 Executing non-safepoint VM operation: RendezvousGCThreads done
Event: 62.263 Executing safepoint VM operation: Cleanup
Event: 62.277 Executing safepoint VM operation: Cleanup done
Event: 63.290 Executing safepoint VM operation: Cleanup
Event: 63.290 Executing safepoint VM operation: Cleanup done
Event: 64.301 Executing safepoint VM operation: Cleanup
Event: 64.311 Executing safepoint VM operation: Cleanup done
Event: 65.314 Executing safepoint VM operation: Cleanup

Memory protections (0 events):
No events

Nmethod flushes (0 events):
No events

Events (20 events):
Event: 1.736 Thread 0x000001a025d81dc0 Thread added: 0x000001a03bb34550
Event: 1.736 Thread 0x000001a025d81dc0 Thread added: 0x000001a03bb34fb0
Event: 1.737 Thread 0x000001a025d81dc0 Thread added: 0x000001a03bb35a10
Event: 1.737 Thread 0x000001a025d81dc0 Thread added: 0x000001a03bb36470
Event: 1.737 Thread 0x000001a025d81dc0 Thread added: 0x000001a03bb37200
Event: 1.738 Thread 0x000001a025d81dc0 Thread added: 0x000001a03bb38810
Event: 2.491 Thread 0x000001a025d81dc0 Thread added: 0x000001a03be041a0
Event: 3.324 Thread 0x000001a025d81dc0 Thread added: 0x000001a03be97c90
Event: 29.154 Thread 0x000001a03bb38810 Thread added: 0x000001a03bdaf390
Event: 29.311 Thread 0x000001a03bdaf390 Thread exited: 0x000001a03bdaf390
Event: 35.456 Thread 0x000001a025d81dc0 Thread added: 0x000001a0560019f0
Event: 39.374 Thread 0x000001a025d81dc0 Thread added: 0x000001a05501e090
Event: 39.755 Thread 0x000001a025d81dc0 Thread added: 0x000001a056f8c8e0
Event: 45.875 Thread 0x000001a05501e090 Thread added: 0x000001a055171710
Event: 45.879 Thread 0x000001a055171710 Thread added: 0x000001a055dadaf0
Event: 46.188 Thread 0x000001a055171710 Thread added: 0x000001a05569f2d0
Event: 55.251 Thread 0x000001a055171710 Thread added: 0x000001a055ca8770
Event: 55.387 Thread 0x000001a055ca8770 Thread added: 0x000001a056c299d0
Event: 55.394 Thread 0x000001a055ca8770 Thread added: 0x000001a056c2a060
Event: 55.411 Thread 0x000001a055ca8770 Thread added: 0x000001a056c28cb0


Dynamic libraries:
0x00007ff771d30000 - 0x00007ff771d3e000 	C:\Users\user\.vscode\extensions\redhat.java-1.56.0-win32-x64\jre\21.0.12.1-win32-x86_64\bin\java.exe
0x00007ffe59920000 - 0x00007ffe59b86000 	C:\WINDOWS\SYSTEM32\ntdll.dll
0x00007ffe58340000 - 0x00007ffe58409000 	C:\WINDOWS\System32\KERNEL32.DLL
0x00007ffe57240000 - 0x00007ffe5763f000 	C:\WINDOWS\System32\KERNELBASE.dll
0x00007ffe57020000 - 0x00007ffe5716c000 	C:\WINDOWS\System32\ucrtbase.dll
0x00007ffde8b80000 - 0x00007ffde8b9e000 	C:\Users\user\.vscode\extensions\redhat.java-1.56.0-win32-x64\jre\21.0.12.1-win32-x86_64\bin\VCRUNTIME140.dll
0x00007ffde8ba0000 - 0x00007ffde8bb8000 	C:\Users\user\.vscode\extensions\redhat.java-1.56.0-win32-x64\jre\21.0.12.1-win32-x86_64\bin\jli.dll
0x00007ffe41130000 - 0x00007ffe413c1000 	C:\WINDOWS\WinSxS\amd64_microsoft.windows.common-controls_6595b64144ccf1df_6.0.26100.8972_none_3e0da176e32f9d4b\COMCTL32.dll
0x00007ffe59660000 - 0x00007ffe59826000 	C:\WINDOWS\System32\USER32.dll
0x00007ffe56ca0000 - 0x00007ffe56cc7000 	C:\WINDOWS\System32\win32u.dll
0x00007ffe57f80000 - 0x00007ffe57fab000 	C:\WINDOWS\System32\GDI32.dll
0x00007ffe56d60000 - 0x00007ffe56e89000 	C:\WINDOWS\System32\gdi32full.dll
0x00007ffe58660000 - 0x00007ffe58709000 	C:\WINDOWS\System32\msvcrt.dll
0x00007ffe56bf0000 - 0x00007ffe56c93000 	C:\WINDOWS\System32\msvcp_win.dll
0x00007ffe57c10000 - 0x00007ffe57c42000 	C:\WINDOWS\System32\IMM32.DLL
0x00007ffe4bce0000 - 0x00007ffe4bcec000 	C:\Users\user\.vscode\extensions\redhat.java-1.56.0-win32-x64\jre\21.0.12.1-win32-x86_64\bin\vcruntime140_1.dll
0x00007ffde6c80000 - 0x00007ffde6d0d000 	C:\Users\user\.vscode\extensions\redhat.java-1.56.0-win32-x64\jre\21.0.12.1-win32-x86_64\bin\msvcp140.dll
0x00007ffdbb3a0000 - 0x00007ffdbc142000 	C:\Users\user\.vscode\extensions\redhat.java-1.56.0-win32-x64\jre\21.0.12.1-win32-x86_64\bin\server\jvm.dll
0x00007ffe58a70000 - 0x00007ffe58b2c000 	C:\WINDOWS\System32\ADVAPI32.dll
0x00007ffe587a0000 - 0x00007ffe5884a000 	C:\WINDOWS\System32\sechost.dll
0x00007ffe58850000 - 0x00007ffe58968000 	C:\WINDOWS\System32\RPCRT4.dll
0x00007ffe58710000 - 0x00007ffe58792000 	C:\WINDOWS\System32\WS2_32.dll
0x00007ffe4df90000 - 0x00007ffe4dfc6000 	C:\WINDOWS\SYSTEM32\WINMM.dll
0x00007ffe4dfd0000 - 0x00007ffe4dfdb000 	C:\WINDOWS\SYSTEM32\VERSION.dll
0x00007ffe567d0000 - 0x00007ffe5682e000 	C:\WINDOWS\SYSTEM32\POWRPROF.dll
0x00007ffe567b0000 - 0x00007ffe567c5000 	C:\WINDOWS\SYSTEM32\UMPDC.dll
0x00007ffe55820000 - 0x00007ffe5583b000 	C:\WINDOWS\SYSTEM32\kernel.appcore.dll
0x00007ffe4b360000 - 0x00007ffe4b36a000 	C:\Users\user\.vscode\extensions\redhat.java-1.56.0-win32-x64\jre\21.0.12.1-win32-x86_64\bin\jimage.dll
0x00007ffe49000000 - 0x00007ffe49242000 	C:\WINDOWS\SYSTEM32\DBGHELP.DLL
0x00007ffe58b40000 - 0x00007ffe58ec5000 	C:\WINDOWS\System32\combase.dll
0x00007ffe57ce0000 - 0x00007ffe57db9000 	C:\WINDOWS\System32\OLEAUT32.dll
0x00007ffe3ed70000 - 0x00007ffe3edab000 	C:\WINDOWS\SYSTEM32\dbgcore.DLL
0x00007ffe56b30000 - 0x00007ffe56bdc000 	C:\WINDOWS\System32\bcryptPrimitives.dll
0x00007ffe43a60000 - 0x00007ffe43a6f000 	C:\Users\user\.vscode\extensions\redhat.java-1.56.0-win32-x64\jre\21.0.12.1-win32-x86_64\bin\instrument.dll
0x00007ffde8820000 - 0x00007ffde8840000 	C:\Users\user\.vscode\extensions\redhat.java-1.56.0-win32-x64\jre\21.0.12.1-win32-x86_64\bin\java.dll
0x00007ffe58ed0000 - 0x00007ffe59658000 	C:\WINDOWS\System32\SHELL32.dll
0x00007ffe54600000 - 0x00007ffe54e9b000 	C:\WINDOWS\SYSTEM32\windows.storage.dll
0x00007ffe57e80000 - 0x00007ffe57f79000 	C:\WINDOWS\System32\SHCORE.dll
0x00007ffe57dc0000 - 0x00007ffe57e26000 	C:\WINDOWS\System32\shlwapi.dll
0x00007ffe56a50000 - 0x00007ffe56a79000 	C:\WINDOWS\SYSTEM32\profapi.dll
0x00007ffde6c60000 - 0x00007ffde6c78000 	C:\Users\user\.vscode\extensions\redhat.java-1.56.0-win32-x64\jre\21.0.12.1-win32-x86_64\bin\zip.dll
0x00007ffe47cb0000 - 0x00007ffe47cc0000 	C:\Users\user\.vscode\extensions\redhat.java-1.56.0-win32-x64\jre\21.0.12.1-win32-x86_64\bin\net.dll
0x00007ffe4f5d0000 - 0x00007ffe4f6f8000 	C:\WINDOWS\SYSTEM32\WINHTTP.dll
0x00007ffe55dd0000 - 0x00007ffe55e3c000 	C:\WINDOWS\system32\mswsock.dll
0x00007ffde6c40000 - 0x00007ffde6c56000 	C:\Users\user\.vscode\extensions\redhat.java-1.56.0-win32-x64\jre\21.0.12.1-win32-x86_64\bin\nio.dll
0x00007ffe430e0000 - 0x00007ffe430f0000 	C:\Users\user\.vscode\extensions\redhat.java-1.56.0-win32-x64\jre\21.0.12.1-win32-x86_64\bin\verify.dll
0x00007ffde6c10000 - 0x00007ffde6c37000 	C:\Users\user\.gradle\native\660c5614fbf4a5f2a75b1949f50a0caf5cd603558e7d8a26e50b933a0cfb79d1\windows-amd64\native-platform.dll
0x00007ffde6b00000 - 0x00007ffde6b77000 	C:\Users\user\.gradle\native\0.2.8\x86_64-windows-gnu\gradle-fileevents.dll
0x00007ffe36150000 - 0x00007ffe3615a000 	C:\Users\user\.vscode\extensions\redhat.java-1.56.0-win32-x64\jre\21.0.12.1-win32-x86_64\bin\management.dll
0x00007ffe31f10000 - 0x00007ffe31f1c000 	C:\Users\user\.vscode\extensions\redhat.java-1.56.0-win32-x64\jre\21.0.12.1-win32-x86_64\bin\management_ext.dll
0x00007ffe57e30000 - 0x00007ffe57e38000 	C:\WINDOWS\System32\PSAPI.DLL
0x00007ffe55240000 - 0x00007ffe55273000 	C:\WINDOWS\SYSTEM32\IPHLPAPI.DLL
0x00007ffe57fb0000 - 0x00007ffe57fba000 	C:\WINDOWS\System32\NSI.dll
0x00007ffe2baf0000 - 0x00007ffe2baf9000 	C:\Users\user\.vscode\extensions\redhat.java-1.56.0-win32-x64\jre\21.0.12.1-win32-x86_64\bin\extnet.dll
0x00007ffe560c0000 - 0x00007ffe560db000 	C:\WINDOWS\SYSTEM32\CRYPTSP.dll
0x00007ffe55780000 - 0x00007ffe557b9000 	C:\WINDOWS\system32\rsaenh.dll
0x00007ffe55e80000 - 0x00007ffe55eb2000 	C:\WINDOWS\SYSTEM32\USERENV.dll
0x00007ffe56a20000 - 0x00007ffe56a4a000 	C:\WINDOWS\SYSTEM32\bcrypt.dll
0x00007ffe560e0000 - 0x00007ffe560ec000 	C:\WINDOWS\SYSTEM32\CRYPTBASE.dll
0x00007ffe2b790000 - 0x00007ffe2b79e000 	C:\Users\user\.vscode\extensions\redhat.java-1.56.0-win32-x64\jre\21.0.12.1-win32-x86_64\bin\sunmscapi.dll
0x00007ffe56e90000 - 0x00007ffe5700e000 	C:\WINDOWS\System32\CRYPT32.dll
0x00007ffe56300000 - 0x00007ffe56330000 	C:\WINDOWS\SYSTEM32\ncrypt.dll
0x00007ffe562b0000 - 0x00007ffe562ef000 	C:\WINDOWS\SYSTEM32\NTASN1.dll
0x00007ffe1de50000 - 0x00007ffe1de58000 	C:\WINDOWS\system32\wshunix.dll

JVMTI agents:
C:\Users\user\.gradle\wrapper\dists\gradle-9.5.1-bin\iq79hdu3mqx29lgffhp8bfmx\gradle-9.5.1\lib\agents\gradle-instrumentation-agent-9.5.1.jar path:C:\Users\user\.vscode\extensions\redhat.java-1.56.0-win32-x64\jre\21.0.12.1-win32-x86_64\bin\instrument.dll, loaded, initialized, instrumentlib options:none

dbghelp: loaded successfully - version: 4.0.5 - missing functions: none
symbol engine: initialized successfully - sym options: 0x614 - pdb path: .;C:\Users\user\.vscode\extensions\redhat.java-1.56.0-win32-x64\jre\21.0.12.1-win32-x86_64\bin;C:\WINDOWS\SYSTEM32;C:\WINDOWS\WinSxS\amd64_microsoft.windows.common-controls_6595b64144ccf1df_6.0.26100.8972_none_3e0da176e32f9d4b;C:\Users\user\.vscode\extensions\redhat.java-1.56.0-win32-x64\jre\21.0.12.1-win32-x86_64\bin\server;C:\Users\user\.gradle\native\660c5614fbf4a5f2a75b1949f50a0caf5cd603558e7d8a26e50b933a0cfb79d1\windows-amd64;C:\Users\user\.gradle\native\0.2.8\x86_64-windows-gnu

VM Arguments:
jvm_args: --add-opens=java.base/java.lang=ALL-UNNAMED --add-opens=java.base/java.lang.invoke=ALL-UNNAMED --add-opens=java.base/java.util=ALL-UNNAMED --add-opens=java.prefs/java.util.prefs=ALL-UNNAMED --add-exports=jdk.compiler/com.sun.tools.javac.api=ALL-UNNAMED --add-exports=jdk.compiler/com.sun.tools.javac.util=ALL-UNNAMED --add-opens=java.base/java.nio.charset=ALL-UNNAMED --add-opens=java.base/java.net=ALL-UNNAMED --add-opens=java.base/java.util.concurrent=ALL-UNNAMED --add-opens=java.base/java.util.concurrent.atomic=ALL-UNNAMED --add-opens=java.xml/javax.xml.namespace=ALL-UNNAMED --add-opens=java.base/java.time=ALL-UNNAMED -XX:MaxMetaspaceSize=384m -XX:+HeapDumpOnOutOfMemoryError -Xms256m -Xmx512m -Dfile.encoding=UTF-8 -Duser.country=KR -Duser.language=ko -Duser.variant -javaagent:C:\Users\user\.gradle\wrapper\dists\gradle-9.5.1-bin\iq79hdu3mqx29lgffhp8bfmx\gradle-9.5.1\lib\agents\gradle-instrumentation-agent-9.5.1.jar 
java_command: org.gradle.launcher.daemon.bootstrap.GradleDaemon 9.5.1
java_class_path (initial): C:\Users\user\.gradle\wrapper\dists\gradle-9.5.1-bin\iq79hdu3mqx29lgffhp8bfmx\gradle-9.5.1\lib\gradle-daemon-main-9.5.1.jar
Launcher Type: SUN_STANDARD

[Global flags]
     intx CICompilerCount                          = 4                                         {product} {ergonomic}
   size_t CompressedClassSpaceSize                 = 335544320                                 {product} {ergonomic}
     uint ConcGCThreads                            = 3                                         {product} {ergonomic}
     uint G1ConcRefinementThreads                  = 10                                        {product} {ergonomic}
   size_t G1HeapRegionSize                         = 1048576                                   {product} {ergonomic}
    uintx GCDrainStackTargetSize                   = 64                                        {product} {ergonomic}
     bool HeapDumpOnOutOfMemoryError               = true                                   {manageable} {command line}
   size_t InitialHeapSize                          = 268435456                                 {product} {command line}
   size_t MarkStackSize                            = 4194304                                   {product} {ergonomic}
   size_t MaxHeapSize                              = 536870912                                 {product} {command line}
   size_t MaxMetaspaceSize                         = 402653184                                 {product} {command line}
   size_t MaxNewSize                               = 321912832                                 {product} {ergonomic}
   size_t MinHeapDeltaBytes                        = 1048576                                   {product} {ergonomic}
   size_t MinHeapSize                              = 268435456                                 {product} {command line}
    uintx NonNMethodCodeHeapSize                   = 5839372                                {pd product} {ergonomic}
    uintx NonProfiledCodeHeapSize                  = 122909434                              {pd product} {ergonomic}
    uintx ProfiledCodeHeapSize                     = 122909434                              {pd product} {ergonomic}
    uintx ReservedCodeCacheSize                    = 251658240                              {pd product} {ergonomic}
     bool SegmentedCodeCache                       = true                                      {product} {ergonomic}
   size_t SoftMaxHeapSize                          = 536870912                              {manageable} {ergonomic}
     bool UseCompressedOops                        = true                           {product lp64_product} {ergonomic}
     bool UseG1GC                                  = true                                      {product} {ergonomic}
     bool UseLargePagesIndividualAllocation        = false                                  {pd product} {ergonomic}

Logging:
Log output configuration:
 #0: stdout all=warning uptime,level,tags foldmultilines=false
 #1: stderr all=off uptime,level,tags foldmultilines=false

Release file:
JAVA_VERSION="21.0.12.1" 
MODULES="java.base java.compiler java.datatransfer java.xml java.prefs java.desktop java.instrument java.logging java.management java.security.sasl java.naming java.rmi java.management.rmi java.net.http java.scripting java.security.jgss java.transaction.xa java.sql java.sql.rowset java.xml.crypto java.se java.smartcardio jdk.accessibility jdk.internal.jvmstat jdk.attach jdk.charsets jdk.internal.opt jdk.zipfs jdk.compiler jdk.crypto.ec jdk.crypto.cryptoki jdk.crypto.mscapi jdk.dynalink jdk.internal.ed jdk.editpad jdk.hotspot.agent jdk.httpserver jdk.internal.le jdk.internal.vm.ci jdk.internal.vm.compiler jdk.internal.vm.compiler.management jdk.jartool jdk.javadoc jdk.jcmd jdk.management jdk.management.agent jdk.jconsole jdk.jdeps jdk.jdwp.agent jdk.jdi jdk.jfr jdk.jshell jdk.jsobject jdk.jstatd jdk.localedata jdk.management.jfr jdk.naming.dns jdk.naming.rmi jdk.net jdk.nio.mapmode jdk.random jdk.sctp jdk.security.auth jdk.security.jgss jdk.unsupported jdk.unsupported.desktop jdk.xml.dom" 

Environment Variables:
JAVA_HOME=C:/Program Files/Java/jdk-17
PATH=C:\Program Files\Common Files\Oracle\Java\javapath;C:/Program Files/Java/jdk-17\bin;C:\WINDOWS\system32;C:\WINDOWS;C:\WINDOWS\System32\Wbem;C:\WINDOWS\System32\WindowsPowerShell\v1.0\;C:\WINDOWS\System32\OpenSSH\;C:\Program Files (x86)\Windows Kits\10\Windows Performance Toolkit\;C:\Program Files\dotnet\;C:\Program Files\Git\cmd;C:\Program Files\PuTTY\;C:\Program Files\nodejs\;C:\Program Files (x86)\cloudflared\;C:\Users\user\AppData\Local\Programs\Python\Python314\Scripts\;C:\Users\user\AppData\Local\Programs\Python\Python314\;C:\Users\user\AppData\Local\Programs\Eclipse Adoptium\jdk-17.0.17.10-hotspot\bin;C:\Program Files\MySQL\MySQL Shell 8.0\bin\;C:\Users\user\AppData\Local\Microsoft\WindowsApps;;C:\Users\user\AppData\Local\Programs\Microsoft VS Code\bin;C:\Program Files\JetBrains\IntelliJ IDEA 2025.3.1.1\bin;C:\Users\user\AppData\Roaming\npm
USERNAME=user
OS=Windows_NT
PROCESSOR_IDENTIFIER=AMD64 Family 25 Model 80 Stepping 0, AuthenticAMD
TMP=C:\Users\user\AppData\Local\Temp
TEMP=C:\Users\user\AppData\Local\Temp




Periodic native trim disabled

---------------  S Y S T E M  ---------------

OS:
 Windows 11 , 64 bit Build 26100 (10.0.26100.9168)
OS uptime: 13 days 0:11 hours

CPU: total 12 (initial active 12) (12 cores per cpu, 2 threads per core) family 25 model 80 stepping 0 microcode 0xa50000d, cx8, cmov, fxsr, ht, mmx, 3dnowpref, sse, sse2, sse3, ssse3, sse4a, sse4.1, sse4.2, popcnt, lzcnt, tsc, tscinvbit, avx, avx2, aes, erms, clmul, bmi1, bmi2, adx, sha, fma, vzeroupper, clflush, clflushopt, rdtscp, rdpid, fsrm, f16c, pku, cet_ss
Processor Information for the first 12 processors :
  Max Mhz: 2000, Current Mhz: 2000, Mhz Limit: 2000

Memory: 4k page, system-wide physical 14173M (415M free)
TotalPageFile size 44575M (AvailPageFile size 0M)
current process WorkingSet (physical memory assigned to process): 155M, peak: 155M
current process commit charge ("private bytes"): 396M, peak: 398M

vm_info: OpenJDK 64-Bit Server VM (21.0.12.1+1-LTS) for windows-amd64 JRE (21.0.12.1+1-LTS), built on 2026-08-18T00:00:00Z by "admin" with MS VC++ 17.12 (VS2022)

END.
