#
# There is insufficient memory for the Java Runtime Environment to continue.
# Native memory allocation (mmap) failed to map 65536 bytes. Error detail: Failed to commit metaspace.
# Possible reasons:
#   The system is out of physical RAM or swap space
#   This process is running with CompressedOops enabled, and the Java Heap may be blocking the growth of the native heap
# Possible solutions:
#   Reduce memory load on the system
#   Increase physical memory or swap space
#   Check if swap backing store is full
#   Decrease Java heap size (-Xmx/-Xms)
#   Decrease number of Java threads
#   Decrease Java thread stack sizes (-Xss)
#   Set larger code cache with -XX:ReservedCodeCacheSize=
#   JVM is running with Unscaled Compressed Oops mode in which the Java heap is
#     placed in the first 4GB address space. The Java Heap base address is the
#     maximum limit for the native heap growth. Please use -XX:HeapBaseMinAddress
#     to set the Java Heap base and to place the Java Heap above 4GB virtual address.
# This output file may be truncated or incomplete.
#
#  Out of Memory Error (virtualSpaceNode.cpp:113), pid=39584, tid=2128
#
# JRE version: OpenJDK Runtime Environment Temurin-21.0.12.1+1 (21.0.12.1+1) (build 21.0.12.1+1-LTS)
# Java VM: OpenJDK 64-Bit Server VM Temurin-21.0.12.1+1 (21.0.12.1+1-LTS, mixed mode, sharing, tiered, compressed oops, compressed class ptrs, g1 gc, windows-amd64)
# No core dump will be written. Minidumps are not enabled by default on client versions of Windows
#

---------------  S U M M A R Y ------------

Command Line: --add-opens=java.base/java.lang=ALL-UNNAMED --add-opens=java.base/java.lang.invoke=ALL-UNNAMED --add-opens=java.base/java.util=ALL-UNNAMED --add-opens=java.prefs/java.util.prefs=ALL-UNNAMED --add-exports=jdk.compiler/com.sun.tools.javac.api=ALL-UNNAMED --add-exports=jdk.compiler/com.sun.tools.javac.util=ALL-UNNAMED --add-opens=java.base/java.nio.charset=ALL-UNNAMED --add-opens=java.base/java.net=ALL-UNNAMED --add-opens=java.base/java.util.concurrent=ALL-UNNAMED --add-opens=java.base/java.util.concurrent.atomic=ALL-UNNAMED --add-opens=java.xml/javax.xml.namespace=ALL-UNNAMED --add-opens=java.base/java.time=ALL-UNNAMED -XX:MaxMetaspaceSize=384m -XX:+HeapDumpOnOutOfMemoryError -Xms256m -Xmx512m -Dfile.encoding=UTF-8 -Duser.country=KR -Duser.language=ko -Duser.variant -javaagent:C:\Users\user\.gradle\wrapper\dists\gradle-9.5.1-bin\iq79hdu3mqx29lgffhp8bfmx\gradle-9.5.1\lib\agents\gradle-instrumentation-agent-9.5.1.jar org.gradle.launcher.daemon.bootstrap.GradleDaemon 9.5.1

Host: AMD Ryzen 5 7530U with Radeon Graphics         , 12 cores, 13G,  Windows 11 , 64 bit Build 26100 (10.0.26100.9168)
Time: Tue Sep  8 09:37:38 2026 elapsed time: 75.872258 seconds (0d 0h 1m 15s)

---------------  T H R E A D  ---------------

Current thread (0x00000234c59c63c0):  JavaThread "Daemon worker"        [_thread_in_vm, id=2128, stack(0x00000037f2600000,0x00000037f2700000) (1024K)]

Stack: [0x00000037f2600000,0x00000037f2700000]
Native frames: (J=compiled Java code, j=interpreted, Vv=VM code, C=native code)
V  [jvm.dll+0x6d83e9]
V  [jvm.dll+0x8b5736]
V  [jvm.dll+0x8b7cee]
V  [jvm.dll+0x8b83d3]
V  [jvm.dll+0x284596]
V  [jvm.dll+0x8b147e]
V  [jvm.dll+0x679ad4]
V  [jvm.dll+0x1e849b]
V  [jvm.dll+0x1e825e]
V  [jvm.dll+0x67c3d2]
V  [jvm.dll+0x67c202]
V  [jvm.dll+0x67a4ae]
V  [jvm.dll+0x26e440]
V  [jvm.dll+0x684715]
V  [jvm.dll+0x21973e]
V  [jvm.dll+0x219be5]
V  [jvm.dll+0x21a5d8]
V  [jvm.dll+0x20f80e]
V  [jvm.dll+0x5b6a7f]
V  [jvm.dll+0x82f606]
V  [jvm.dll+0x4792f8]
V  [jvm.dll+0x47f128]
C  [java.dll+0x17ec]

Java frames: (J=compiled Java code, j=interpreted, Vv=VM code)
J 740  java.lang.ClassLoader.defineClass1(Ljava/lang/ClassLoader;Ljava/lang/String;[BIILjava/security/ProtectionDomain;Ljava/lang/String;)Ljava/lang/Class; java.base@21.0.12.1 (0 bytes) @ 0x00000234a0528711 [0x00000234a0528640+0x00000000000000d1]
J 1173 c1 java.lang.ClassLoader.defineClass(Ljava/lang/String;[BIILjava/security/ProtectionDomain;)Ljava/lang/Class; java.base@21.0.12.1 (43 bytes) @ 0x0000023498c0e974 [0x0000023498c0e620+0x0000000000000354]
J 1019 c1 java.security.SecureClassLoader.defineClass(Ljava/lang/String;[BIILjava/security/CodeSource;)Ljava/lang/Class; java.base@21.0.12.1 (16 bytes) @ 0x0000023498bccf1c [0x0000023498bcce40+0x00000000000000dc]
J 982 c1 java.net.URLClassLoader.defineClass(Ljava/lang/String;Ljdk/internal/loader/Resource;)Ljava/lang/Class; java.base@21.0.12.1 (224 bytes) @ 0x0000023498bb2a54 [0x0000023498bb1300+0x0000000000001754]
J 845 c1 java.net.URLClassLoader$1.run()Ljava/lang/Class; java.base@21.0.12.1 (81 bytes) @ 0x0000023498b6bcfc [0x0000023498b6b0c0+0x0000000000000c3c]
J 844 c1 java.net.URLClassLoader$1.run()Ljava/lang/Object; java.base@21.0.12.1 (5 bytes) @ 0x0000023498b6ab54 [0x0000023498b6aac0+0x0000000000000094]
J 2730 c2 java.security.AccessController.doPrivileged(Ljava/security/PrivilegedExceptionAction;Ljava/security/AccessControlContext;)Ljava/lang/Object; java.base@21.0.12.1 (26 bytes) @ 0x00000234a05fcb20 [0x00000234a05fcac0+0x0000000000000060]
J 796 c1 java.net.URLClassLoader.findClass(Ljava/lang/String;)Ljava/lang/Class; java.base@21.0.12.1 (47 bytes) @ 0x0000023498b57ecc [0x0000023498b57d20+0x00000000000001ac]
J 2752 c2 java.lang.ClassLoader.loadClass(Ljava/lang/String;Z)Ljava/lang/Class; java.base@21.0.12.1 (121 bytes) @ 0x00000234a0602b1c [0x00000234a05ff920+0x00000000000031fc]
J 755 c1 java.lang.ClassLoader.loadClass(Ljava/lang/String;)Ljava/lang/Class; java.base@21.0.12.1 (7 bytes) @ 0x0000023498b4b254 [0x0000023498b4b140+0x0000000000000114]
v  ~StubRoutines::call_stub 0x000002349ff4100d
j  com.google.common.io.Files.asByteSource(Ljava/io/File;)Lcom/google/common/io/ByteSource;+0
j  com.google.common.io.Files.asCharSource(Ljava/io/File;Ljava/nio/charset/Charset;)Lcom/google/common/io/CharSource;+1
j  org.gradle.internal.nativeintegration.filesystem.services.GenericFileSystem.hasContent(Ljava/io/File;Ljava/lang/String;)Z+11
j  org.gradle.internal.nativeintegration.filesystem.services.GenericFileSystem.probeCaseSensitive(Ljava/io/File;Ljava/lang/String;)Z+21
j  org.gradle.internal.nativeintegration.filesystem.services.GenericFileSystem.initializeCaseSensitive()V+28
j  org.gradle.internal.nativeintegration.filesystem.services.GenericFileSystem.isCaseSensitive()Z+1
j  org.gradle.internal.service.scopes.VirtualFileSystemServices$GradleUserHomeServices.createVirtualFileSystem(Lorg/gradle/internal/watch/vfs/impl/FileWatchingFilter;Lorg/gradle/api/internal/DocumentationRegistry;Lorg/gradle/internal/nativeintegration/NativeCapabilities;Lorg/gradle/internal/event/ListenerManager;Lorg/gradle/internal/watch/vfs/FileChangeListeners;Lorg/gradle/internal/nativeintegration/services/NativeServices$FileEventFunctionsProvider;Lorg/gradle/internal/nativeintegration/filesystem/FileSystem;Lorg/gradle/internal/watch/vfs/WatchableFileSystemDetector;)Lorg/gradle/internal/watch/vfs/BuildLifecycleAwareVirtualFileSystem;+2
j  java.lang.invoke.LambdaForm$DMH+0x00000234ad250000.invokeVirtual(Ljava/lang/Object;Ljava/lang/Object;Ljava/lang/Object;Ljava/lang/Object;Ljava/lang/Object;Ljava/lang/Object;Ljava/lang/Object;Ljava/lang/Object;Ljava/lang/Object;Ljava/lang/Object;)Ljava/lang/Object;+26 java.base@21.0.12.1
j  java.lang.invoke.LambdaForm$MH+0x00000234ad252400.invoke(Ljava/lang/Object;Ljava/lang/Object;Ljava/lang/Object;)Ljava/lang/Object;+228 java.base@21.0.12.1
j  java.lang.invoke.LambdaForm$MH+0x00000234ad03ac00.invoke(Ljava/lang/Object;Ljava/lang/Object;Ljava/lang/Object;)Ljava/lang/Object;+34 java.base@21.0.12.1
J 2304 c1 jdk.internal.reflect.DirectMethodHandleAccessor.invoke(Ljava/lang/Object;[Ljava/lang/Object;)Ljava/lang/Object; java.base@21.0.12.1 (92 bytes) @ 0x0000023498e6a124 [0x0000023498e698c0+0x0000000000000864]
J 2303 c1 java.lang.reflect.Method.invoke(Ljava/lang/Object;[Ljava/lang/Object;)Ljava/lang/Object; java.base@21.0.12.1 (108 bytes) @ 0x0000023498e69054 [0x0000023498e68b40+0x0000000000000514]
j  org.gradle.internal.reflect.JavaMethod.invoke(Ljava/lang/Object;[Ljava/lang/Object;)Ljava/lang/Object;+6
j  org.gradle.internal.service.ReflectionBasedServiceMethod.invoke(Ljava/lang/Object;[Ljava/lang/Object;)Ljava/lang/Object;+6
j  org.gradle.internal.service.DefaultServiceRegistry$FactoryMethodService.invokeMethod([Ljava/lang/Object;)Ljava/lang/Object;+28
j  org.gradle.internal.service.DefaultServiceRegistry$FactoryService.createServiceInstance()Ljava/lang/Object;+7
j  org.gradle.internal.service.DefaultServiceRegistry$FactoryMethodService.createServiceInstance()Ljava/lang/Object;+1
j  org.gradle.internal.service.DefaultServiceRegistry$ManagedObjectServiceProvider.getInstance()Ljava/lang/Object;+24
J 2664 c1 org.gradle.internal.service.DefaultServiceRegistry$SingletonService.get()Ljava/lang/Object; (5 bytes) @ 0x0000023498f36c3c [0x0000023498f36bc0+0x000000000000007c]
j  org.gradle.internal.service.DefaultServiceRegistry$FactoryService.assembleParameters()[Ljava/lang/Object;+75
j  org.gradle.internal.service.DefaultServiceRegistry$FactoryService.createServiceInstance()Ljava/lang/Object;+1
j  org.gradle.internal.service.DefaultServiceRegistry$FactoryMethodService.createServiceInstance()Ljava/lang/Object;+1
j  org.gradle.internal.service.DefaultServiceRegistry$ManagedObjectServiceProvider.getInstance()Ljava/lang/Object;+24
J 2664 c1 org.gradle.internal.service.DefaultServiceRegistry$SingletonService.get()Ljava/lang/Object; (5 bytes) @ 0x0000023498f36c3c [0x0000023498f36bc0+0x000000000000007c]
j  org.gradle.internal.service.DefaultServiceRegistry$FactoryService.assembleParameters()[Ljava/lang/Object;+75
j  org.gradle.internal.service.DefaultServiceRegistry$FactoryService.createServiceInstance()Ljava/lang/Object;+1
j  org.gradle.internal.service.DefaultServiceRegistry$FactoryMethodService.createServiceInstance()Ljava/lang/Object;+1
j  org.gradle.internal.service.DefaultServiceRegistry$ManagedObjectServiceProvider.getInstance()Ljava/lang/Object;+24
J 2664 c1 org.gradle.internal.service.DefaultServiceRegistry$SingletonService.get()Ljava/lang/Object; (5 bytes) @ 0x0000023498f36c3c [0x0000023498f36bc0+0x000000000000007c]
j  org.gradle.internal.service.DefaultServiceRegistry$FactoryService.assembleParameters()[Ljava/lang/Object;+75
j  org.gradle.internal.service.DefaultServiceRegistry$FactoryService.createServiceInstance()Ljava/lang/Object;+1
j  org.gradle.internal.service.DefaultServiceRegistry$FactoryMethodService.createServiceInstance()Ljava/lang/Object;+1
j  org.gradle.internal.service.DefaultServiceRegistry$ManagedObjectServiceProvider.getInstance()Ljava/lang/Object;+24
J 2664 c1 org.gradle.internal.service.DefaultServiceRegistry$SingletonService.get()Ljava/lang/Object; (5 bytes) @ 0x0000023498f36c3c [0x0000023498f36bc0+0x000000000000007c]
j  org.gradle.internal.service.DefaultServiceRegistry$FactoryService.assembleParameters()[Ljava/lang/Object;+75
j  org.gradle.internal.service.DefaultServiceRegistry$FactoryService.createServiceInstance()Ljava/lang/Object;+1
j  org.gradle.internal.service.DefaultServiceRegistry$FactoryMethodService.createServiceInstance()Ljava/lang/Object;+1
j  org.gradle.internal.service.DefaultServiceRegistry$ManagedObjectServiceProvider.getInstance()Ljava/lang/Object;+24
J 2664 c1 org.gradle.internal.service.DefaultServiceRegistry$SingletonService.get()Ljava/lang/Object; (5 bytes) @ 0x0000023498f36c3c [0x0000023498f36bc0+0x000000000000007c]
j  org.gradle.internal.service.DefaultServiceRegistry$FactoryService.assembleParameters()[Ljava/lang/Object;+75
j  org.gradle.internal.service.DefaultServiceRegistry$FactoryService.createServiceInstance()Ljava/lang/Object;+1
j  org.gradle.internal.service.DefaultServiceRegistry$FactoryMethodService.createServiceInstance()Ljava/lang/Object;+1
j  org.gradle.internal.service.DefaultServiceRegistry$ManagedObjectServiceProvider.getInstance()Ljava/lang/Object;+24
J 2664 c1 org.gradle.internal.service.DefaultServiceRegistry$SingletonService.get()Ljava/lang/Object; (5 bytes) @ 0x0000023498f36c3c [0x0000023498f36bc0+0x000000000000007c]
j  org.gradle.internal.service.DefaultServiceRegistry$FactoryService.assembleParameters()[Ljava/lang/Object;+75
j  org.gradle.internal.service.DefaultServiceRegistry$FactoryService.createServiceInstance()Ljava/lang/Object;+1
j  org.gradle.internal.service.DefaultServiceRegistry$FactoryMethodService.createServiceInstance()Ljava/lang/Object;+1
j  org.gradle.internal.service.DefaultServiceRegistry$ManagedObjectServiceProvider.getInstance()Ljava/lang/Object;+24
J 2664 c1 org.gradle.internal.service.DefaultServiceRegistry$SingletonService.get()Ljava/lang/Object; (5 bytes) @ 0x0000023498f36c3c [0x0000023498f36bc0+0x000000000000007c]
j  org.gradle.internal.service.DefaultServiceRegistry$FactoryService.assembleParameters()[Ljava/lang/Object;+75
j  org.gradle.internal.service.DefaultServiceRegistry$FactoryService.createServiceInstance()Ljava/lang/Object;+1
j  org.gradle.internal.service.DefaultServiceRegistry$ConstructorService.createServiceInstance()Ljava/lang/Object;+1
j  org.gradle.internal.service.DefaultServiceRegistry$ManagedObjectServiceProvider.getInstance()Ljava/lang/Object;+24
J 2664 c1 org.gradle.internal.service.DefaultServiceRegistry$SingletonService.get()Ljava/lang/Object; (5 bytes) @ 0x0000023498f36c3c [0x0000023498f36bc0+0x000000000000007c]
j  org.gradle.internal.service.DefaultServiceRegistry$FactoryService.assembleParameters()[Ljava/lang/Object;+75
j  org.gradle.internal.service.DefaultServiceRegistry$FactoryService.createServiceInstance()Ljava/lang/Object;+1
j  org.gradle.internal.service.DefaultServiceRegistry$ConstructorService.createServiceInstance()Ljava/lang/Object;+1
j  org.gradle.internal.service.DefaultServiceRegistry$ManagedObjectServiceProvider.getInstance()Ljava/lang/Object;+24
J 2664 c1 org.gradle.internal.service.DefaultServiceRegistry$SingletonService.get()Ljava/lang/Object; (5 bytes) @ 0x0000023498f36c3c [0x0000023498f36bc0+0x000000000000007c]
j  org.gradle.internal.service.DefaultServiceRegistry$FactoryService.assembleParameters()[Ljava/lang/Object;+75
j  org.gradle.internal.service.DefaultServiceRegistry$FactoryService.createServiceInstance()Ljava/lang/Object;+1
j  org.gradle.internal.service.DefaultServiceRegistry$FactoryMethodService.createServiceInstance()Ljava/lang/Object;+1
j  org.gradle.internal.service.DefaultServiceRegistry$ManagedObjectServiceProvider.getInstance()Ljava/lang/Object;+24
J 2664 c1 org.gradle.internal.service.DefaultServiceRegistry$SingletonService.get()Ljava/lang/Object; (5 bytes) @ 0x0000023498f36c3c [0x0000023498f36bc0+0x000000000000007c]
j  org.gradle.internal.service.DefaultServiceRegistry.getCollectionService(Ljava/lang/Class;Lorg/gradle/internal/service/ServiceAccessToken;Lorg/gradle/internal/service/ServiceProvider;)Lorg/gradle/internal/service/Service;+79
j  org.gradle.internal.service.DefaultServiceRegistry.getCollectionService(Ljava/lang/reflect/Type;Lorg/gradle/internal/service/ServiceAccessToken;Lorg/gradle/internal/service/ServiceProvider;)Lorg/gradle/internal/service/Service;+15
j  org.gradle.internal.service.DefaultServiceRegistry.find(Ljava/lang/reflect/Type;Lorg/gradle/internal/service/ServiceAccessToken;Lorg/gradle/internal/service/ServiceProvider;)Lorg/gradle/internal/service/Service;+55
j  org.gradle.internal.service.DefaultServiceRegistry.access$2300(Ljava/lang/reflect/Type;Lorg/gradle/internal/service/ServiceAccessToken;Lorg/gradle/internal/service/ServiceProvider;)Lorg/gradle/internal/service/Service;+3
j  org.gradle.internal.service.DefaultServiceRegistry$FactoryService.bind()V+214
J 2663 c1 org.gradle.internal.service.DefaultServiceRegistry$SingletonService.prepare()Lorg/gradle/internal/service/Service; (111 bytes) @ 0x0000023498f35b84 [0x0000023498f35940+0x0000000000000244]
j  org.gradle.internal.service.DefaultServiceRegistry$SingletonService.getService(Ljava/lang/reflect/Type;Lorg/gradle/internal/service/ServiceAccessToken;)Lorg/gradle/internal/service/Service;+29
j  org.gradle.internal.service.DefaultServiceRegistry$OwnServices.getService(Ljava/lang/reflect/Type;Lorg/gradle/internal/service/ServiceAccessToken;)Lorg/gradle/internal/service/Service;+42
J 2749 c1 org.gradle.internal.service.DefaultServiceRegistry$CompositeServiceProvider.getService(Ljava/lang/reflect/Type;Lorg/gradle/internal/service/ServiceAccessToken;)Lorg/gradle/internal/service/Service; (52 bytes) @ 0x0000023498f6b024 [0x0000023498f6aee0+0x0000000000000144]
j  org.gradle.internal.service.DefaultServiceRegistry.find(Ljava/lang/reflect/Type;Lorg/gradle/internal/service/ServiceAccessToken;Lorg/gradle/internal/service/ServiceProvider;)Lorg/gradle/internal/service/Service;+93
j  org.gradle.internal.service.DefaultServiceRegistry.access$2300(Ljava/lang/reflect/Type;Lorg/gradle/internal/service/ServiceAccessToken;Lorg/gradle/internal/service/ServiceProvider;)Lorg/gradle/internal/service/Service;+3
j  org.gradle.internal.service.DefaultServiceRegistry$FactoryService.bind()V+214
J 2663 c1 org.gradle.internal.service.DefaultServiceRegistry$SingletonService.prepare()Lorg/gradle/internal/service/Service; (111 bytes) @ 0x0000023498f35b84 [0x0000023498f35940+0x0000000000000244]
j  org.gradle.internal.service.DefaultServiceRegistry$SingletonService.getService(Ljava/lang/reflect/Type;Lorg/gradle/internal/service/ServiceAccessToken;)Lorg/gradle/internal/service/Service;+29
j  org.gradle.internal.service.DefaultServiceRegistry$OwnServices.getService(Ljava/lang/reflect/Type;Lorg/gradle/internal/service/ServiceAccessToken;)Lorg/gradle/internal/service/Service;+42
j  org.gradle.internal.service.DefaultServiceRegistry$CompositeServiceProvider.getService(Ljava/lang/reflect/Type;Lorg/gradle/internal/service/ServiceAccessToken;)Lorg/gradle/internal/service/Service;+29
j  org.gradle.internal.service.DefaultServiceRegistry.find(Ljava/lang/reflect/Type;Lorg/gradle/internal/service/ServiceAccessToken;Lorg/gradle/internal/service/ServiceProvider;)Lorg/gradle/internal/service/Service;+93
j  org.gradle.internal.service.DefaultServiceRegistry.getService(Ljava/lang/reflect/Type;)Lorg/gradle/internal/service/Service;+10
j  org.gradle.internal.service.DefaultServiceRegistry.find(Ljava/lang/reflect/Type;)Ljava/lang/Object;+9
j  org.gradle.internal.service.DefaultServiceRegistry.get(Ljava/lang/reflect/Type;)Ljava/lang/Object;+2
j  org.gradle.internal.service.DefaultServiceRegistry.get(Ljava/lang/Class;)Ljava/lang/Object;+3
j  org.gradle.internal.session.DefaultBuildSessionContext.execute(Lorg/gradle/internal/invocation/BuildAction;)Lorg/gradle/internal/buildtree/BuildActionRunner$Result;+54
j  org.gradle.internal.buildprocess.execution.BuildSessionLifecycleBuildActionExecutor$ActionImpl.apply(Lorg/gradle/internal/session/BuildSessionContext;)Lorg/gradle/launcher/exec/BuildActionResult;+6
j  org.gradle.internal.buildprocess.execution.BuildSessionLifecycleBuildActionExecutor$ActionImpl.apply(Ljava/lang/Object;)Ljava/lang/Object;+5
j  org.gradle.internal.session.BuildSessionState.run(Ljava/util/function/Function;)Ljava/lang/Object;+5
j  org.gradle.internal.buildprocess.execution.BuildSessionLifecycleBuildActionExecutor.execute(Lorg/gradle/internal/invocation/BuildAction;Lorg/gradle/launcher/exec/BuildActionParameters;Lorg/gradle/initialization/BuildRequestContext;)Lorg/gradle/launcher/exec/BuildActionResult;+105
j  org.gradle.internal.buildprocess.execution.BuildSessionLifecycleBuildActionExecutor.execute(Lorg/gradle/internal/invocation/BuildAction;Ljava/lang/Object;Ljava/lang/Object;)Lorg/gradle/launcher/exec/BuildActionResult;+10
j  org.gradle.internal.buildprocess.execution.StartParamsValidatingActionExecutor.execute(Lorg/gradle/internal/invocation/BuildAction;Lorg/gradle/launcher/exec/BuildActionParameters;Lorg/gradle/initialization/BuildRequestContext;)Lorg/gradle/launcher/exec/BuildActionResult;+142
j  org.gradle.internal.buildprocess.execution.StartParamsValidatingActionExecutor.execute(Lorg/gradle/internal/invocation/BuildAction;Ljava/lang/Object;Ljava/lang/Object;)Lorg/gradle/launcher/exec/BuildActionResult;+10
j  org.gradle.internal.buildprocess.execution.SessionFailureReportingActionExecutor.execute(Lorg/gradle/internal/invocation/BuildAction;Lorg/gradle/launcher/exec/BuildActionParameters;Lorg/gradle/initialization/BuildRequestContext;)Lorg/gradle/launcher/exec/BuildActionResult;+7
j  org.gradle.internal.buildprocess.execution.SessionFailureReportingActionExecutor.execute(Lorg/gradle/internal/invocation/BuildAction;Ljava/lang/Object;Ljava/lang/Object;)Lorg/gradle/launcher/exec/BuildActionResult;+10
j  org.gradle.internal.buildprocess.execution.SetupLoggingActionExecutor.execute(Lorg/gradle/internal/invocation/BuildAction;Lorg/gradle/launcher/exec/BuildActionParameters;Lorg/gradle/initialization/BuildRequestContext;)Lorg/gradle/launcher/exec/BuildActionResult;+50
j  org.gradle.internal.buildprocess.execution.SetupLoggingActionExecutor.execute(Lorg/gradle/internal/invocation/BuildAction;Ljava/lang/Object;Ljava/lang/Object;)Lorg/gradle/launcher/exec/BuildActionResult;+10
j  org.gradle.launcher.daemon.server.exec.ExecuteBuild.doBuild(Lorg/gradle/launcher/daemon/server/api/DaemonCommandExecution;Lorg/gradle/launcher/daemon/protocol/Build;)V+147
j  org.gradle.launcher.daemon.server.exec.BuildCommandOnly.execute(Lorg/gradle/launcher/daemon/server/api/DaemonCommandExecution;)V+49
j  org.gradle.launcher.daemon.server.api.DaemonCommandExecution.proceed()Z+23
j  org.gradle.launcher.daemon.server.exec.WatchForDisconnection.execute(Lorg/gradle/launcher/daemon/server/api/DaemonCommandExecution;)V+19
j  org.gradle.launcher.daemon.server.api.DaemonCommandExecution.proceed()Z+23
j  org.gradle.launcher.daemon.server.exec.ResetDeprecationLogger.execute(Lorg/gradle/launcher/daemon/server/api/DaemonCommandExecution;)V+7
j  org.gradle.launcher.daemon.server.api.DaemonCommandExecution.proceed()Z+23
j  org.gradle.launcher.daemon.server.exec.RequestStopIfSingleUsedDaemon.execute(Lorg/gradle/launcher/daemon/server/api/DaemonCommandExecution;)V+33
j  org.gradle.launcher.daemon.server.api.DaemonCommandExecution.proceed()Z+23
j  org.gradle.launcher.daemon.server.exec.ForwardClientInput.lambda$execute$0(Lorg/gradle/launcher/daemon/server/api/DaemonCommandExecution;Lorg/gradle/internal/daemon/clientinput/StdinHandler;)Ljava/lang/Object;+11
j  org.gradle.launcher.daemon.server.exec.ForwardClientInput$$Lambda+0x00000234ad1964e0.apply(Ljava/lang/Object;)Ljava/lang/Object;+8
j  org.gradle.internal.daemon.clientinput.ClientInputForwarder.forwardInput(Ljava/util/function/Function;)Ljava/lang/Object;+46
j  org.gradle.launcher.daemon.server.exec.ForwardClientInput.execute(Lorg/gradle/launcher/daemon/server/api/DaemonCommandExecution;)V+10
j  org.gradle.launcher.daemon.server.api.DaemonCommandExecution.proceed()Z+23
j  org.gradle.launcher.daemon.server.exec.LogAndCheckHealth.execute(Lorg/gradle/launcher/daemon/server/api/DaemonCommandExecution;)V+51
j  org.gradle.launcher.daemon.server.api.DaemonCommandExecution.proceed()Z+23
j  org.gradle.launcher.daemon.server.exec.LogToClient.doBuild(Lorg/gradle/launcher/daemon/server/api/DaemonCommandExecution;Lorg/gradle/launcher/daemon/protocol/Build;)V+87
j  org.gradle.launcher.daemon.server.exec.BuildCommandOnly.execute(Lorg/gradle/launcher/daemon/server/api/DaemonCommandExecution;)V+49
j  org.gradle.launcher.daemon.server.api.DaemonCommandExecution.proceed()Z+23
j  org.gradle.launcher.daemon.server.exec.EstablishBuildEnvironment.doBuild(Lorg/gradle/launcher/daemon/server/api/DaemonCommandExecution;Lorg/gradle/launcher/daemon/protocol/Build;)V+356
j  org.gradle.launcher.daemon.server.exec.BuildCommandOnly.execute(Lorg/gradle/launcher/daemon/server/api/DaemonCommandExecution;)V+49
j  org.gradle.launcher.daemon.server.api.DaemonCommandExecution.proceed()Z+23
j  org.gradle.launcher.daemon.server.exec.StartBuildOrRespondWithBusy$1.run()V+44
j  org.gradle.launcher.daemon.server.DaemonStateCoordinator.lambda$runCommand$0(Ljava/lang/Runnable;)V+1
j  org.gradle.launcher.daemon.server.DaemonStateCoordinator$$Lambda+0x00000234ad195070.run()V+8
j  org.gradle.internal.concurrent.ExecutorPolicy$CatchAndRecordFailures.onExecute(Ljava/lang/Runnable;)V+1
j  org.gradle.internal.concurrent.AbstractManagedExecutor$1.run()V+25
j  java.util.concurrent.ThreadPoolExecutor.runWorker(Ljava/util/concurrent/ThreadPoolExecutor$Worker;)V+92 java.base@21.0.12.1
j  java.util.concurrent.ThreadPoolExecutor$Worker.run()V+5 java.base@21.0.12.1
j  java.lang.Thread.runWith(Ljava/lang/Object;Ljava/lang/Runnable;)V+5 java.base@21.0.12.1
j  java.lang.Thread.run()V+19 java.base@21.0.12.1
v  ~StubRoutines::call_stub 0x000002349ff4100d

Compiled method (n/a) 75958  740     n 0       java.lang.ClassLoader::defineClass1 (native)
 total in heap  [0x00000234a0528490,0x00000234a0528a28] = 1432
 relocation     [0x00000234a05285f0,0x00000234a0528628] = 56
 main code      [0x00000234a0528640,0x00000234a0528a21] = 993
 stub code      [0x00000234a0528a21,0x00000234a0528a28] = 7

[Constant Pool (empty)]

[MachCode]
[Entry Point]
  # {method} {0x00000234ac434c38} 'defineClass1' '(Ljava/lang/ClassLoader;Ljava/lang/String;[BIILjava/security/ProtectionDomain;Ljava/lang/String;)Ljava/lang/Class;' in 'java/lang/ClassLoader'
  # parm0:    rdx:rdx   = 'java/lang/ClassLoader'
  # parm1:    r8:r8     = 'java/lang/String'
  # parm2:    r9:r9     = '[B'
  # parm3:    rdi       = int
  # parm4:    rsi       = int
  # parm5:    rcx:rcx   = 'java/security/ProtectionDomain'
  # parm6:    [sp+0xa0]   = 'java/lang/String'  (sp of caller)
  0x00000234a0528640: 448b 5208 | 49bb 0000 | 00ac 3402 | 0000 4d03 | d349 3bc2 | 0f84 0600 

  0x00000234a0528658: ;   {runtime_call ic_miss_stub}
  0x00000234a0528658: 0000 e921 | 61a6 ff90 
[Verified Entry Point]
  0x00000234a0528660: 8984 2400 | 80ff ff55 | 488b ec48 | 81ec 9000 | 0000 6690 | 4181 7f20 | 0100 0000 

  0x00000234a052867c: ;   {runtime_call StubRoutines (final stubs)}
  0x00000234a052867c: 7405 e81d | dea4 ff48 | 837d 1000 | 488d 4510 | 480f 4445 | 1048 8944 | 2440 4889 | 4c24 7048 
  0x00000234a052869c: 83f9 0048 | 8d44 2470 | 480f 4444 | 2470 4889 | 4424 3848 | 8974 2430 | 4889 7c24 | 284c 894c 
  0x00000234a05286bc: 2458 4983 | f900 488d | 4424 5848 | 0f44 4424 | 5848 8944 | 2420 4c89 | 4424 5049 | 83f8 004c 
  0x00000234a05286dc: 8d4c 2450 | 4c0f 444c | 2450 4889 | 5424 4848 | 83fa 004c | 8d44 2448 | 4c0f 4444 

  0x00000234a05286f8: ;   {oop(a 'java/lang/Class'{0x00000000e07f8550} = 'java/lang/ClassLoader')}
  0x00000234a05286f8: 2448 49be | 5085 7fe0 | 0000 0000 | 4c89 7424 | 784c 8d74 | 2478 498b | d6c5 f877 

  0x00000234a0528714: ;   {internal_word}
  0x00000234a0528714: 49ba 1187 | 52a0 3402 | 0000 4d89 | 97a8 0300 | 0049 89a7 | a003 0000 

  0x00000234a052872c: ;   {external_word}
  0x00000234a052872c: 49ba 066d | 04bc fd7f | 0000 4180 | 3a00 0f84 | 4e00 0000 | 5241 5041 

  0x00000234a0528744: ;   {metadata({method} {0x00000234ac434c38} 'defineClass1' '(Ljava/lang/ClassLoader;Ljava/lang/String;[BIILjava/security/ProtectionDomain;Ljava/lang/String;)Ljava/lang/Class;' in 'java/lang/ClassLoader')}
  0x00000234a0528744: 5148 ba30 | 4c43 ac34 | 0200 0049 | 8bcf 4883 | ec20 40f6 | c40f 0f84 | 1900 0000 | 4883 ec08 
  0x00000234a0528764: ;   {runtime_call}
  0x00000234a0528764: 48b8 e0ea | adbb fd7f | 0000 ffd0 | 4883 c408 | e90c 0000 

  0x00000234a0528778: ;   {runtime_call}
  0x00000234a0528778: 0048 b8e0 | eaad bbfd | 7f00 00ff | d048 83c4 | 2041 5941 | 585a 498d | 8fc0 0300 | 0041 c787 
  0x00000234a0528798: 4c04 0000 | 0400 0000 

  0x00000234a05287a0: ;   {runtime_call}
  0x00000234a05287a0: 48b8 ac16 | 82e8 fd7f | 0000 ffd0 | c5f8 7741 | c787 4c04 | 0000 0500 | 0000 f083 | 4424 c000 
  0x00000234a05287c0: 493b af50 | 0400 000f | 870e 0000 | 0041 83bf | 4804 0000 | 000f 842b | 0000 00c5 | f877 4889 
  0x00000234a05287e0: 45f8 498b | cf4c 8be4 | 4883 ec20 | 4883 e4f0 

  0x00000234a05287f0: ;   {runtime_call}
  0x00000234a05287f0: 48b8 0058 | 79bb fd7f | 0000 ffd0 | 498b e44d | 33e4 488b | 45f8 41c7 | 874c 0400 | 0008 0000 
  0x00000234a0528810: 0041 83bf | c804 0000 | 020f 84d5 

  0x00000234a052881c: ;   {external_word}
  0x00000234a052881c: 0100 0049 | ba06 6d04 | bcfd 7f00 | 0041 803a | 000f 844c | 0000 0048 

  0x00000234a0528834: ;   {metadata({method} {0x00000234ac434c38} 'defineClass1' '(Ljava/lang/ClassLoader;Ljava/lang/String;[BIILjava/security/ProtectionDomain;Ljava/lang/String;)Ljava/lang/Class;' in 'java/lang/ClassLoader')}
  0x00000234a0528834: 8945 f848 | ba30 4c43 | ac34 0200 | 0049 8bcf | 4883 ec20 | 40f6 c40f | 0f84 1900 | 0000 4883 
  0x00000234a0528854: ;   {runtime_call}
  0x00000234a0528854: ec08 48b8 | e0ea adbb | fd7f 0000 | ffd0 4883 | c408 e90c 

  0x00000234a0528868: ;   {runtime_call}
  0x00000234a0528868: 0000 0048 | b8e0 eaad | bbfd 7f00 | 00ff d048 | 83c4 2048 | 8b45 f849 | c787 a003 | 0000 0000 
  0x00000234a0528888: 0000 49c7 | 87a8 0300 | 0000 0000 | 00c5 f877 | 4885 c00f | 8430 0100 | 00a8 030f | 8508 0000 
  0x00000234a05288a8: 0048 8b00 | e920 0100 | 00a8 010f | 8509 0000 | 0048 8b40 | fee9 0f01 | 0000 488b | 40ff 4180 
  0x00000234a05288c8: 7f40 000f | 8400 0100 | 0048 83f8 | 000f 84f6 | 0000 0049 | 8b4f 2848 | 83f9 000f | 8414 0000 
  0x00000234a05288e8: 0048 83e9 | 0849 894f | 2849 034f | 3848 8901 | e9d4 0000 | 0048 83ec | 7048 8904 | 2448 894c 
  0x00000234a0528908: 2408 4889 | 5424 104c | 8944 2418 | 4c89 4c24 | 204c 8954 | 2428 4c89 | 5c24 30c5 | fb11 4424 
  0x00000234a0528928: 40c5 fb11 | 4c24 48c5 | fb11 5424 | 50c5 fb11 | 5c24 58c5 | fb11 6424 | 60c5 fb11 | 6c24 6849 
  0x00000234a0528948: 8bd7 488b | c848 83ec | 2040 f6c4 | 0f0f 8419 | 0000 0048 

  0x00000234a052895c: ;   {runtime_call}
  0x00000234a052895c: 83ec 0848 | b820 a46c | bbfd 7f00 | 00ff d048 | 83c4 08e9 | 0c00 0000 

  0x00000234a0528974: ;   {runtime_call}
  0x00000234a0528974: 48b8 20a4 | 6cbb fd7f | 0000 ffd0 | 4883 c420 | c5fb 106c | 2468 c5fb | 1064 2460 | c5fb 105c 
  0x00000234a0528994: 2458 c5fb | 1054 2450 | c5fb 104c | 2448 c5fb | 1044 2440 | 4c8b 5c24 | 304c 8b54 | 2428 4c8b 
  0x00000234a05289b4: 4c24 204c | 8b44 2418 | 488b 5424 | 1048 8b4c | 2408 488b | 0424 4883 | c470 c5f8 | 7749 8b8f 
  0x00000234a05289d4: 3004 0000 | c781 0001 | 0000 0000 | 0000 c949 | 837f 0800 | 0f85 0100 

  0x00000234a05289ec: ;   {runtime_call StubRoutines (initial stubs)}
  0x00000234a05289ec: 0000 c3e9 | 0c85 a1ff | c5f8 7748 | 8945 f84c | 8be4 4883 | ec20 4883 

  0x00000234a0528a04: ;   {runtime_call}
  0x00000234a0528a04: e4f0 48b8 | 3022 aebb | fd7f 0000 | ffd0 498b | e44d 33e4 | 488b 45f8 | e9fe fdff | fff4 f4f4 
  0x00000234a0528a24: f4f4 f4f4 
[/MachCode]


Compiled method (c1) 75973 1173       3       java.lang.ClassLoader::defineClass (43 bytes)
 total in heap  [0x0000023498c0e410,0x0000023498c0ed60] = 2384
 relocation     [0x0000023498c0e570,0x0000023498c0e610] = 160
 main code      [0x0000023498c0e620,0x0000023498c0eab8] = 1176
 stub code      [0x0000023498c0eab8,0x0000023498c0eb30] = 120
 metadata       [0x0000023498c0eb30,0x0000023498c0eb60] = 48
 scopes data    [0x0000023498c0eb60,0x0000023498c0ec50] = 240
 scopes pcs     [0x0000023498c0ec50,0x0000023498c0ed30] = 224
 dependencies   [0x0000023498c0ed30,0x0000023498c0ed38] = 8
 nul chk table  [0x0000023498c0ed38,0x0000023498c0ed60] = 40

[Constant Pool (empty)]

[MachCode]
[Entry Point]
  # {method} {0x00000234ac434fb8} 'defineClass' '(Ljava/lang/String;[BIILjava/security/ProtectionDomain;)Ljava/lang/Class;' in 'java/lang/ClassLoader'
  # this:     rdx:rdx   = 'java/lang/ClassLoader'
  # parm0:    r8:r8     = 'java/lang/String'
  # parm1:    r9:r9     = '[B'
  # parm2:    rdi       = int
  # parm3:    rsi       = int
  # parm4:    rcx:rcx   = 'java/security/ProtectionDomain'
  #           [sp+0xc0]  (sp of caller)
  0x0000023498c0e620: 448b 5208 | 49bb 0000 | 00ac 3402 | 0000 4d03 | d34c 3bd0 

  0x0000023498c0e634: ;   {runtime_call ic_miss_stub}
  0x0000023498c0e634: 0f85 4601 | 3807 660f | 1f44 0000 
[Verified Entry Point]
  0x0000023498c0e640: 8984 2400 | 80ff ff55 | 4881 ecb0 | 0000 0090 | 4181 7f20 | 0100 0000 

  0x0000023498c0e658: ;   {runtime_call StubRoutines (final stubs)}
  0x0000023498c0e658: 7405 e841 | 7e36 0748 | 8954 2478 

  0x0000023498c0e664: ;   {metadata(method data for {method} {0x00000234ac434fb8} 'defineClass' '(Ljava/lang/String;[BIILjava/security/ProtectionDomain;)Ljava/lang/Class;' in 'java/lang/ClassLoader')}
  0x0000023498c0e664: 48bb 7030 | 19c1 3402 | 0000 8b83 | cc00 0000 | 83c0 0289 | 83cc 0000 | 0025 fe07 | 0000 85c0 
  0x0000023498c0e684: 0f84 5003 | 0000 89b4 | 2494 0000 | 0089 bc24 | 9000 0000 | 4c89 8c24 | 8800 0000 

  0x0000023498c0e6a0: ;   {metadata(method data for {method} {0x00000234ac434fb8} 'defineClass' '(Ljava/lang/String;[BIILjava/security/ProtectionDomain;)Ljava/lang/Class;' in 'java/lang/ClassLoader')}
  0x0000023498c0e6a0: 488b da48 | b870 3019 | c134 0200 | 0048 8380 | 1001 0000 | 0149 8bd8 | 4c8b c34c | 8bc9 488b 
  0x0000023498c0e6c0: ca48 8bd1 | 4889 9c24 | 8000 0000 

  0x0000023498c0e6cc: ;   {optimized virtual_call}
  0x0000023498c0e6cc: 6666 90e8 

  0x0000023498c0e6d0: ; ImmutableOopMap {[120]=Oop [128]=Oop [136]=Oop }
                      ;*invokevirtual preDefineClass {reexecute=0 rethrow=0 return_oop=0}
                      ; - java.lang.ClassLoader::defineClass@4
  0x0000023498c0e6d0: cc43 fcff 

  0x0000023498c0e6d4: ;   {other}
  0x0000023498c0e6d4: 0f1f 8400 | c402 0000 | 4889 8424 | 9800 0000 | 488b 5424 

  0x0000023498c0e6e8: ;   {metadata(method data for {method} {0x00000234ac434fb8} 'defineClass' '(Ljava/lang/String;[BIILjava/security/ProtectionDomain;)Ljava/lang/Class;' in 'java/lang/ClassLoader')}
  0x0000023498c0e6e8: 7849 b870 | 3019 c134 | 0200 0049 | 8380 4801 

  0x0000023498c0e6f8: ;   {metadata(method data for {method} {0x00000234ac434ca0} 'defineClassSourceLocation' '(Ljava/security/ProtectionDomain;)Ljava/lang/String;' in 'java/lang/ClassLoader')}
  0x0000023498c0e6f8: 0000 0149 | b890 5e19 | c134 0200 | 0041 8b90 | cc00 0000 | 83c2 0241 | 8990 cc00 | 0000 81e2 
  0x0000023498c0e718: feff 1f00 | 85d2 0f84 | d702 0000 

  0x0000023498c0e724: ; implicit exception: dispatches to 0x0000023498c0ea1c
  0x0000023498c0e724: 483b 004c 

  0x0000023498c0e728: ;   {metadata(method data for {method} {0x00000234ac434ca0} 'defineClassSourceLocation' '(Ljava/security/ProtectionDomain;)Ljava/lang/String;' in 'java/lang/ClassLoader')}
  0x0000023498c0e728: 8bc0 48ba | 905e 19c1 | 3402 0000 | 4883 8210 | 0100 0001 | 448b 4010 

  0x0000023498c0e740: ;   {metadata(method data for {method} {0x00000234ac434ca0} 'defineClassSourceLocation' '(Ljava/security/ProtectionDomain;)Ljava/lang/String;' in 'java/lang/ClassLoader')}
  0x0000023498c0e740: 4d85 c048 | ba90 5e19 | c134 0200 | 0048 c7c6 | 5801 0000 | 7507 48c7 | c648 0100 | 0048 8b3c 
  0x0000023498c0e760: 3248 8d7f | 0148 893c | 320f 850f 

  0x0000023498c0e76c: ;   {oop(nullptr)}
  0x0000023498c0e76c: 0000 0048 | bb00 0000 | 0000 0000 | 00e9 a101 | 0000 493b | 0049 8bd0 

  0x0000023498c0e784: ;   {metadata(method data for {method} {0x00000234ac434ca0} 'defineClassSourceLocation' '(Ljava/security/ProtectionDomain;)Ljava/lang/String;' in 'java/lang/ClassLoader')}
  0x0000023498c0e784: 48be 905e | 19c1 3402 | 0000 4883 | 8668 0100 | 0001 418b | 500c 4885 

  0x0000023498c0e79c: ;   {metadata(method data for {method} {0x00000234ac434ca0} 'defineClassSourceLocation' '(Ljava/security/ProtectionDomain;)Ljava/lang/String;' in 'java/lang/ClassLoader')}
  0x0000023498c0e79c: d248 be90 | 5e19 c134 | 0200 0048 | c7c7 b001 | 0000 7507 | 48c7 c7a0 | 0100 0048 | 8b1c 3e48 
  0x0000023498c0e7bc: 8d5b 0148 | 891c 3e0f | 850f 0000 

  0x0000023498c0e7c8: ;   {oop(nullptr)}
  0x0000023498c0e7c8: 0048 bb00 | 0000 0000 | 0000 00e9 | 4701 0000 

  0x0000023498c0e7d8: ;   {metadata(method data for {method} {0x00000234ac434ca0} 'defineClassSourceLocation' '(Ljava/security/ProtectionDomain;)Ljava/lang/String;' in 'java/lang/ClassLoader')}
  0x0000023498c0e7d8: 48be 905e | 19c1 3402 | 0000 4883 | 86c0 0100 | 0001 483b | 024c 8bc2 

  0x0000023498c0e7f0: ;   {metadata(method data for {method} {0x00000234ac434ca0} 'defineClassSourceLocation' '(Ljava/security/ProtectionDomain;)Ljava/lang/String;' in 'java/lang/ClassLoader')}
  0x0000023498c0e7f0: 48be 905e | 19c1 3402 | 0000 4883 | 86f8 0100 

  0x0000023498c0e800: ;   {metadata(method data for {method} {0x00000234ac01abf0} 'toString' '()Ljava/lang/String;' in 'java/net/URL')}
  0x0000023498c0e800: 0001 49b8 | 9091 0ec1 | 3402 0000 | 418b b0cc | 0000 0083 | c602 4189 | b0cc 0000 | 0081 e6fe 
  0x0000023498c0e820: ff1f 0085 | f60f 8400 | 0200 004c 

  0x0000023498c0e82c: ;   {metadata(method data for {method} {0x00000234ac01abf0} 'toString' '()Ljava/lang/String;' in 'java/net/URL')}
  0x0000023498c0e82c: 8bc2 48be | 9091 0ec1 | 3402 0000 | 4883 8610 | 0100 0001 

  0x0000023498c0e840: ;   {metadata(method data for {method} {0x00000234ac428840} 'toExternalForm' '()Ljava/lang/String;' in 'java/net/URL')}
  0x0000023498c0e840: 49b8 1893 | 0ec1 3402 | 0000 418b | b0cc 0000 | 0083 c602 | 4189 b0cc | 0000 0081 | e6fe ff1f 
  0x0000023498c0e860: 0085 f60f | 84e3 0100 | 008b 7238 

  0x0000023498c0e86c: ; implicit exception: dispatches to 0x0000023498c0ea6d
  0x0000023498c0e86c: 483b 064c 

  0x0000023498c0e870: ;   {metadata(method data for {method} {0x00000234ac428840} 'toExternalForm' '()Ljava/lang/String;' in 'java/net/URL')}
  0x0000023498c0e870: 8bc6 48bf | 1893 0ec1 | 3402 0000 | 458b 4008 | 49ba 0000 | 00ac 3402 | 0000 4d03 | c24c 3b87 
  0x0000023498c0e890: 2001 0000 | 750d 4883 | 8728 0100 | 0001 e960 | 0000 004c | 3b87 3001 | 0000 750d | 4883 8738 
  0x0000023498c0e8b0: 0100 0001 | e94a 0000 | 0048 83bf | 2001 0000 | 0075 174c | 8987 2001 | 0000 48c7 | 8728 0100 
  0x0000023498c0e8d0: 0001 0000 | 00e9 2900 | 0000 4883 | bf30 0100 | 0000 7517 | 4c89 8730 | 0100 0048 | c787 3801 
  0x0000023498c0e8f0: 0000 0100 | 0000 e908 | 0000 0048 | 8387 1001 | 0000 014c | 8bc2 488b | d666 0f1f 

  0x0000023498c0e90c: ;   {optimized virtual_call}
  0x0000023498c0e90c: 4400 00e8 

  0x0000023498c0e910: ; ImmutableOopMap {[120]=Oop [128]=Oop [136]=Oop [152]=Oop }
                      ;*invokevirtual toExternalForm {reexecute=0 rethrow=0 return_oop=0}
                      ; - java.net.URL::toExternalForm@5
                      ; - java.net.URL::toString@1
                      ; - java.lang.ClassLoader::defineClassSourceLocation@22
                      ; - java.lang.ClassLoader::defineClass@12
  0x0000023498c0e910: 8cb8 f4ff 

  0x0000023498c0e914: ;   {other}
  0x0000023498c0e914: 0f1f 8400 | 0405 0001 | 488b d848 | 8b84 2498 | 0000 008b | b424 9400 | 0000 8bbc | 2490 0000 
  0x0000023498c0e934: 004c 8b8c | 2488 0000 | 004c 8b84 | 2480 0000 | 0048 8b54 

  0x0000023498c0e948: ;   {metadata(method data for {method} {0x00000234ac434fb8} 'defineClass' '(Ljava/lang/String;[BIILjava/security/ProtectionDomain;)Ljava/lang/Class;' in 'java/lang/ClassLoader')}
  0x0000023498c0e948: 2478 48b9 | 7030 19c1 | 3402 0000 | 4883 8180 | 0100 0001 | 4c8b da49 | 8bd3 488b | c848 891c 
  0x0000023498c0e968: 2466 0f1f 

  0x0000023498c0e96c: ;   {static_call}
  0x0000023498c0e96c: 4400 00e8 

  0x0000023498c0e970: ; ImmutableOopMap {[120]=Oop [152]=Oop }
                      ;*invokestatic defineClass1 {reexecute=0 rethrow=0 return_oop=0}
                      ; - java.lang.ClassLoader::defineClass@27
  0x0000023498c0e970: ec9c 9107 

  0x0000023498c0e974: ;   {other}
  0x0000023498c0e974: 0f1f 8400 | 6405 0002 | 488b 5424 

  0x0000023498c0e980: ;   {metadata(method data for {method} {0x00000234ac434fb8} 'defineClass' '(Ljava/lang/String;[BIILjava/security/ProtectionDomain;)Ljava/lang/Class;' in 'java/lang/ClassLoader')}
  0x0000023498c0e980: 7849 b870 | 3019 c134 | 0200 0049 | 8380 9001 | 0000 014c | 8bc0 4c8b | 8c24 9800 | 0000 488b 
  0x0000023498c0e9a0: 5424 7848 | 8984 24a0 | 0000 000f 

  0x0000023498c0e9ac: ;   {optimized virtual_call}
  0x0000023498c0e9ac: 1f40 00e8 

  0x0000023498c0e9b0: ; ImmutableOopMap {[160]=Oop }
                      ;*invokevirtual postDefineClass {reexecute=0 rethrow=0 return_oop=0}
                      ; - java.lang.ClassLoader::defineClass@37
  0x0000023498c0e9b0: ec84 f6ff 

  0x0000023498c0e9b4: ;   {other}
  0x0000023498c0e9b4: 0f1f 8400 | a405 0003 | 488b 8424 | a000 0000 | 4881 c4b0 | 0000 005d 

  0x0000023498c0e9cc: ;   {poll_return}
  0x0000023498c0e9cc: 493b a750 | 0400 000f | 8799 0000 

  0x0000023498c0e9d8: ;   {metadata({method} {0x00000234ac434fb8} 'defineClass' '(Ljava/lang/String;[BIILjava/security/ProtectionDomain;)Ljava/lang/Class;' in 'java/lang/ClassLoader')}
  0x0000023498c0e9d8: 00c3 49ba | b04f 43ac | 3402 0000 | 4c89 5424 | 0848 c704 | 24ff ffff 

  0x0000023498c0e9f0: ;   {runtime_call counter_overflow Runtime1 stub}
  0x0000023498c0e9f0: ffe8 0a49 

  0x0000023498c0e9f4: ; ImmutableOopMap {rdx=Oop r8=Oop r9=Oop rcx=Oop [120]=Oop }
                      ;*synchronization entry
                      ; - java.lang.ClassLoader::defineClass@-1
  0x0000023498c0e9f4: 4407 e98f 

  0x0000023498c0e9f8: ;   {metadata({method} {0x00000234ac434ca0} 'defineClassSourceLocation' '(Ljava/security/ProtectionDomain;)Ljava/lang/String;' in 'java/lang/ClassLoader')}
  0x0000023498c0e9f8: fcff ff49 | ba98 4c43 | ac34 0200 | 004c 8954 | 2408 48c7 | 0424 ffff 

  0x0000023498c0ea10: ;   {runtime_call counter_overflow Runtime1 stub}
  0x0000023498c0ea10: ffff e8e9 

  0x0000023498c0ea14: ; ImmutableOopMap {rax=Oop [120]=Oop [128]=Oop [136]=Oop [152]=Oop }
                      ;*synchronization entry
                      ; - java.lang.ClassLoader::defineClassSourceLocation@-1
                      ; - java.lang.ClassLoader::defineClass@12
  0x0000023498c0ea14: 4844 07e9 | 08fd ffff 

  0x0000023498c0ea1c: ;   {runtime_call throw_null_pointer_exception Runtime1 stub}
  0x0000023498c0ea1c: e8df ea43 

  0x0000023498c0ea20: ; ImmutableOopMap {rax=Oop [120]=Oop [128]=Oop [136]=Oop [152]=Oop }
                      ;*invokevirtual getCodeSource {reexecute=0 rethrow=0 return_oop=0}
                      ; - java.lang.ClassLoader::defineClassSourceLocation@1
                      ; - java.lang.ClassLoader::defineClass@12
                      ;   {runtime_call throw_null_pointer_exception Runtime1 stub}
  0x0000023498c0ea20: 07e8 daea 

  0x0000023498c0ea24: ; ImmutableOopMap {rax=Oop r8=Oop [120]=Oop [128]=Oop [136]=Oop [152]=Oop }
                      ;*invokevirtual getLocation {reexecute=0 rethrow=0 return_oop=0}
                      ; - java.lang.ClassLoader::defineClassSourceLocation@12
                      ; - java.lang.ClassLoader::defineClass@12
                      ;   {runtime_call throw_null_pointer_exception Runtime1 stub}
  0x0000023498c0ea24: 4307 e8d5 

  0x0000023498c0ea28: ; ImmutableOopMap {rdx=Oop [120]=Oop [128]=Oop [136]=Oop [152]=Oop }
                      ;*invokevirtual toString {reexecute=0 rethrow=0 return_oop=0}
                      ; - java.lang.ClassLoader::defineClassSourceLocation@22
                      ; - java.lang.ClassLoader::defineClass@12
                      ;   {metadata({method} {0x00000234ac01abf0} 'toString' '()Ljava/lang/String;' in 'java/net/URL')}
  0x0000023498c0ea28: ea43 0749 | bae8 ab01 | ac34 0200 | 004c 8954 | 2408 48c7 | 0424 ffff 

  0x0000023498c0ea40: ;   {runtime_call counter_overflow Runtime1 stub}
  0x0000023498c0ea40: ffff e8b9 

  0x0000023498c0ea44: ; ImmutableOopMap {rdx=Oop [120]=Oop [128]=Oop [136]=Oop [152]=Oop }
                      ;*synchronization entry
                      ; - java.net.URL::toString@-1
                      ; - java.lang.ClassLoader::defineClassSourceLocation@22
                      ; - java.lang.ClassLoader::defineClass@12
  0x0000023498c0ea44: 4844 07e9 | dffd ffff 

  0x0000023498c0ea4c: ;   {metadata({method} {0x00000234ac428840} 'toExternalForm' '()Ljava/lang/String;' in 'java/net/URL')}
  0x0000023498c0ea4c: 49ba 3888 | 42ac 3402 | 0000 4c89 | 5424 0848 | c704 24ff 

  0x0000023498c0ea60: ;   {runtime_call counter_overflow Runtime1 stub}
  0x0000023498c0ea60: ffff ffe8 

  0x0000023498c0ea64: ; ImmutableOopMap {rdx=Oop [120]=Oop [128]=Oop [136]=Oop [152]=Oop }
                      ;*synchronization entry
                      ; - java.net.URL::toExternalForm@-1
                      ; - java.net.URL::toString@1
                      ; - java.lang.ClassLoader::defineClassSourceLocation@22
                      ; - java.lang.ClassLoader::defineClass@12
  0x0000023498c0ea64: 9848 4407 | e9fc fdff 

  0x0000023498c0ea6c: ;   {runtime_call throw_null_pointer_exception Runtime1 stub}
  0x0000023498c0ea6c: ffe8 8eea 

  0x0000023498c0ea70: ; ImmutableOopMap {rdx=Oop rsi=Oop [120]=Oop [128]=Oop [136]=Oop [152]=Oop }
                      ;*invokevirtual toExternalForm {reexecute=0 rethrow=0 return_oop=0}
                      ; - java.net.URL::toExternalForm@5
                      ; - java.net.URL::toString@1
                      ; - java.lang.ClassLoader::defineClassSourceLocation@22
                      ; - java.lang.ClassLoader::defineClass@12
                      ;   {internal_word}
  0x0000023498c0ea70: 4307 49ba | cce9 c098 | 3402 0000 | 4d89 9768 

  0x0000023498c0ea80: ;   {runtime_call SafepointBlob}
  0x0000023498c0ea80: 0400 00e9 | f869 3807 | 498b 8700 | 0500 0049 | c787 0005 | 0000 0000 | 0000 49c7 | 8708 0500 
  0x0000023498c0eaa0: 0000 0000 | 0048 81c4 | b000 0000 

  0x0000023498c0eaac: ;   {runtime_call unwind_exception Runtime1 stub}
  0x0000023498c0eaac: 5de9 4edb | 4307 f4f4 | f4f4 f4f4 
[Stub Code]
  0x0000023498c0eab8: ;   {no_reloc}
  0x0000023498c0eab8: 0f1f 4400 

  0x0000023498c0eabc: ;   {static_stub}
  0x0000023498c0eabc: 0048 bb00 | 0000 0000 

  0x0000023498c0eac4: ;   {runtime_call nmethod}
  0x0000023498c0eac4: 0000 00e9 | fbff ffff 

  0x0000023498c0eacc: ;   {static_stub}
  0x0000023498c0eacc: 48bb 0000 | 0000 0000 

  0x0000023498c0ead4: ;   {runtime_call nmethod}
  0x0000023498c0ead4: 0000 e9fb 

  0x0000023498c0ead8: ;   {static_stub}
  0x0000023498c0ead8: ffff ff48 | bb00 0000 | 0000 0000 

  0x0000023498c0eae4: ;   {runtime_call nmethod}
  0x0000023498c0eae4: 00e9 fbff 

  0x0000023498c0eae8: ;   {static_stub}
  0x0000023498c0eae8: ffff 48bb | 0000 0000 | 0000 0000 

  0x0000023498c0eaf4: ;   {runtime_call nmethod}
  0x0000023498c0eaf4: e9fb ffff 

  0x0000023498c0eaf8: ;   {runtime_call handle_exception_from_callee Runtime1 stub}
  0x0000023498c0eaf8: ffe8 0208 

  0x0000023498c0eafc: ;   {external_word}
  0x0000023498c0eafc: 4407 48b9 | 5063 dabb | fd7f 0000 | 4883 e4f0 

  0x0000023498c0eb0c: ;   {runtime_call}
  0x0000023498c0eb0c: 48b8 c0c9 | 9cbb fd7f | 0000 ffd0 

  0x0000023498c0eb18: ;   {section_word}
  0x0000023498c0eb18: f449 ba19 | ebc0 9834 | 0200 0041 

  0x0000023498c0eb24: ;   {runtime_call DeoptimizationBlob}
  0x0000023498c0eb24: 52e9 f65b | 3807 f4f4 | f4f4 f4f4 
[/MachCode]


Compiled method (c1) 76028 1019       3       java.security.SecureClassLoader::defineClass (16 bytes)
 total in heap  [0x0000023498bccc90,0x0000023498bcd090] = 1024
 relocation     [0x0000023498bccdf0,0x0000023498bcce40] = 80
 main code      [0x0000023498bcce40,0x0000023498bccf98] = 344
 stub code      [0x0000023498bccf98,0x0000023498bccfe8] = 80
 metadata       [0x0000023498bccfe8,0x0000023498bccff0] = 8
 scopes data    [0x0000023498bccff0,0x0000023498bcd038] = 72
 scopes pcs     [0x0000023498bcd038,0x0000023498bcd088] = 80
 dependencies   [0x0000023498bcd088,0x0000023498bcd090] = 8

[Constant Pool (empty)]

[MachCode]
[Entry Point]
  # {method} {0x00000234ac04e0e8} 'defineClass' '(Ljava/lang/String;[BIILjava/security/CodeSource;)Ljava/lang/Class;' in 'java/security/SecureClassLoader'
  # this:     rdx:rdx   = 'java/security/SecureClassLoader'
  # parm0:    r8:r8     = 'java/lang/String'
  # parm1:    r9:r9     = '[B'
  # parm2:    rdi       = int
  # parm3:    rsi       = int
  # parm4:    rcx:rcx   = 'java/security/CodeSource'
  #           [sp+0x80]  (sp of caller)
  0x0000023498bcce40: 448b 5208 | 49bb 0000 | 00ac 3402 | 0000 4d03 | d34c 3bd0 

  0x0000023498bcce54: ;   {runtime_call ic_miss_stub}
  0x0000023498bcce54: 0f85 2619 | 3c07 660f | 1f44 0000 
[Verified Entry Point]
  0x0000023498bcce60: 8984 2400 | 80ff ff55 | 4883 ec70 | 4181 7f20 | 0100 0000 

  0x0000023498bcce74: ;   {runtime_call StubRoutines (final stubs)}
  0x0000023498bcce74: 7405 e825 

  0x0000023498bcce78: ;   {metadata(method data for {method} {0x00000234ac04e0e8} 'defineClass' '(Ljava/lang/String;[BIILjava/security/CodeSource;)Ljava/lang/Class;' in 'java/security/SecureClassLoader')}
  0x0000023498bcce78: 963a 0748 | bbc8 0b18 | c134 0200 | 008b 83cc | 0000 0083 | c002 8983 | cc00 0000 | 25fe 0700 
  0x0000023498bcce98: 0085 c00f | 8496 0000 | 0089 7424 | 5c89 7c24 | 584c 894c | 2450 4c89 | 4424 4848 

  0x0000023498bcceb4: ;   {metadata(method data for {method} {0x00000234ac04e0e8} 'defineClass' '(Ljava/lang/String;[BIILjava/security/CodeSource;)Ljava/lang/Class;' in 'java/security/SecureClassLoader')}
  0x0000023498bcceb4: 8bda 48b8 | c80b 18c1 | 3402 0000 | 4883 8010 | 0100 0001 | 4c8b c148 | 8bc2 488b | d048 8944 
  0x0000023498bcced4: ;   {optimized virtual_call}
  0x0000023498bcced4: 2440 90e8 

  0x0000023498bcced8: ; ImmutableOopMap {[64]=Oop [72]=Oop [80]=Oop }
                      ;*invokevirtual getProtectionDomain {reexecute=0 rethrow=0 return_oop=0}
                      ; - java.security.SecureClassLoader::defineClass@9
  0x0000023498bcced8: c40c 0400 

  0x0000023498bccedc: ;   {other}
  0x0000023498bccedc: 0f1f 8400 | 4c02 0000 | 488b 5424 

  0x0000023498bccee8: ;   {metadata(method data for {method} {0x00000234ac04e0e8} 'defineClass' '(Ljava/lang/String;[BIILjava/security/CodeSource;)Ljava/lang/Class;' in 'java/security/SecureClassLoader')}
  0x0000023498bccee8: 4049 b8c8 | 0b18 c134 | 0200 0049 | 8380 4801 | 0000 014c | 8b44 2448 | 4c8b 4c24 | 508b 7c24 
  0x0000023498bccf08: 588b 7424 | 5c48 8bc8 | 488b 5424 

  0x0000023498bccf14: ;   {optimized virtual_call}
  0x0000023498bccf14: 4066 90e8 

  0x0000023498bccf18: ; ImmutableOopMap {}
                      ;*invokevirtual defineClass {reexecute=0 rethrow=0 return_oop=0}
                      ; - java.security.SecureClassLoader::defineClass@12
  0x0000023498bccf18: 2417 0400 

  0x0000023498bccf1c: ;   {other}
  0x0000023498bccf1c: 0f1f 8400 | 8c02 0001 | 4883 c470 

  0x0000023498bccf28: ;   {poll_return}
  0x0000023498bccf28: 5d49 3ba7 | 5004 0000 | 0f87 2200 

  0x0000023498bccf34: ;   {metadata({method} {0x00000234ac04e0e8} 'defineClass' '(Ljava/lang/String;[BIILjava/security/CodeSource;)Ljava/lang/Class;' in 'java/security/SecureClassLoader')}
  0x0000023498bccf34: 0000 c349 | bae0 e004 | ac34 0200 | 004c 8954 | 2408 48c7 | 0424 ffff 

  0x0000023498bccf4c: ;   {runtime_call counter_overflow Runtime1 stub}
  0x0000023498bccf4c: ffff e8ad 

  0x0000023498bccf50: ; ImmutableOopMap {rdx=Oop r8=Oop r9=Oop rcx=Oop }
                      ;*synchronization entry
                      ; - java.security.SecureClassLoader::defineClass@-1
  0x0000023498bccf50: 6348 07e9 | 49ff ffff 

  0x0000023498bccf58: ;   {internal_word}
  0x0000023498bccf58: 49ba 29cf | bc98 3402 | 0000 4d89 | 9768 0400 

  0x0000023498bccf68: ;   {runtime_call SafepointBlob}
  0x0000023498bccf68: 00e9 1285 | 3c07 498b | 8700 0500 | 0049 c787 | 0005 0000 | 0000 0000 | 49c7 8708 | 0500 0000 
  0x0000023498bccf88: 0000 0048 | 83c4 705d 

  0x0000023498bccf90: ;   {runtime_call unwind_exception Runtime1 stub}
  0x0000023498bccf90: e96b f647 | 07f4 f4f4 
[Stub Code]
  0x0000023498bccf98: ;   {no_reloc}
  0x0000023498bccf98: 48bb 30e0 | 04ac 3402 

  0x0000023498bccfa0: ;   {runtime_call I2C/C2I adapters}
  0x0000023498bccfa0: 0000 e940 

  0x0000023498bccfa4: ;   {static_stub}
  0x0000023498bccfa4: 703c 0748 | bbb0 4f43 | ac34 0200 

  0x0000023498bccfb0: ;   {runtime_call I2C/C2I adapters}
  0x0000023498bccfb0: 00e9 3f56 

  0x0000023498bccfb4: ;   {runtime_call handle_exception_from_callee Runtime1 stub}
  0x0000023498bccfb4: 3b07 e845 

  0x0000023498bccfb8: ;   {external_word}
  0x0000023498bccfb8: 2348 0748 | b950 63da | bbfd 7f00 | 0048 83e4 

  0x0000023498bccfc8: ;   {runtime_call}
  0x0000023498bccfc8: f048 b8c0 | c99c bbfd | 7f00 00ff 

  0x0000023498bccfd4: ;   {section_word}
  0x0000023498bccfd4: d0f4 49ba | d6cf bc98 | 3402 0000 

  0x0000023498bccfe0: ;   {runtime_call DeoptimizationBlob}
  0x0000023498bccfe0: 4152 e939 | 773c 07f4 
[/MachCode]


---------------  P R O C E S S  ---------------

Threads class SMR info:
_java_thread_list=0x00000234c7795ae0, length=25, elements={
0x0000023495812720, 0x00000234ab614090, 0x00000234ab617890, 0x00000234ab618e60,
0x00000234ab6198c0, 0x00000234ab61ad20, 0x00000234ab61f2a0, 0x00000234ab627570,
0x00000234ab62a700, 0x00000234ab8b98c0, 0x00000234ab87c410, 0x00000234c5d0aec0,
0x00000234c5cd44f0, 0x00000234c5c45280, 0x00000234c6b9eb50, 0x00000234c6bf8e90,
0x00000234c597c6e0, 0x00000234c59c63c0, 0x00000234c6cfc050, 0x00000234c6cfc6e0,
0x00000234c6cfd400, 0x00000234c6cfe7b0, 0x00000234c6cfee40, 0x00000234c6cfda90,
0x00000234c6cfcd70
}

Java Threads: ( => current thread )
  0x0000023495812720 JavaThread "main"                              [_thread_blocked, id=1768, stack(0x00000037f0900000,0x00000037f0a00000) (1024K)]
  0x00000234ab614090 JavaThread "Reference Handler"          daemon [_thread_blocked, id=14012, stack(0x00000037f1100000,0x00000037f1200000) (1024K)]
  0x00000234ab617890 JavaThread "Finalizer"                  daemon [_thread_blocked, id=40500, stack(0x00000037f1200000,0x00000037f1300000) (1024K)]
  0x00000234ab618e60 JavaThread "Signal Dispatcher"          daemon [_thread_blocked, id=39944, stack(0x00000037f1300000,0x00000037f1400000) (1024K)]
  0x00000234ab6198c0 JavaThread "Attach Listener"            daemon [_thread_blocked, id=39948, stack(0x00000037f1400000,0x00000037f1500000) (1024K)]
  0x00000234ab61ad20 JavaThread "Service Thread"             daemon [_thread_blocked, id=40528, stack(0x00000037f1500000,0x00000037f1600000) (1024K)]
  0x00000234ab61f2a0 JavaThread "Monitor Deflation Thread"   daemon [_thread_blocked, id=40912, stack(0x00000037f1600000,0x00000037f1700000) (1024K)]
  0x00000234ab627570 JavaThread "C2 CompilerThread0"         daemon [_thread_blocked, id=29980, stack(0x00000037f1700000,0x00000037f1800000) (1024K)]
  0x00000234ab62a700 JavaThread "C1 CompilerThread0"         daemon [_thread_blocked, id=23468, stack(0x00000037f1800000,0x00000037f1900000) (1024K)]
  0x00000234ab8b98c0 JavaThread "Common-Cleaner"             daemon [_thread_blocked, id=37420, stack(0x00000037f1900000,0x00000037f1a00000) (1024K)]
  0x00000234ab87c410 JavaThread "Notification Thread"        daemon [_thread_blocked, id=40220, stack(0x00000037f1a00000,0x00000037f1b00000) (1024K)]
  0x00000234c5d0aec0 JavaThread "Daemon health stats"               [_thread_blocked, id=5688, stack(0x00000037f2000000,0x00000037f2100000) (1024K)]
  0x00000234c5cd44f0 JavaThread "Incoming local TCP Connector on port 61278"        [_thread_in_native, id=244, stack(0x00000037f2100000,0x00000037f2200000) (1024K)]
  0x00000234c5c45280 JavaThread "Daemon periodic checks"            [_thread_blocked, id=37452, stack(0x00000037f2300000,0x00000037f2400000) (1024K)]
  0x00000234c6b9eb50 JavaThread "Daemon"                            [_thread_blocked, id=41540, stack(0x00000037f2200000,0x00000037f2300000) (1024K)]
  0x00000234c6bf8e90 JavaThread "Handler for socket connection from /127.0.0.1:61278 to /127.0.0.1:61291"        [_thread_in_native, id=42372, stack(0x00000037f2400000,0x00000037f2500000) (1024K)]
  0x00000234c597c6e0 JavaThread "Cancel handler"                    [_thread_blocked, id=43100, stack(0x00000037f2500000,0x00000037f2600000) (1024K)]
=>0x00000234c59c63c0 JavaThread "Daemon worker"                     [_thread_in_vm, id=2128, stack(0x00000037f2600000,0x00000037f2700000) (1024K)]
  0x00000234c6cfc050 JavaThread "Asynchronous log dispatcher for DefaultDaemonConnection: socket connection from /127.0.0.1:61278 to /127.0.0.1:61291"        [_thread_blocked, id=29284, stack(0x00000037f2700000,0x00000037f2800000) (1024K)]
  0x00000234c6cfc6e0 JavaThread "Stdin handler"                     [_thread_blocked, id=45964, stack(0x00000037f2800000,0x00000037f2900000) (1024K)]
  0x00000234c6cfd400 JavaThread "Daemon client event forwarder"        [_thread_blocked, id=3020, stack(0x00000037f2900000,0x00000037f2a00000) (1024K)]
  0x00000234c6cfe7b0 JavaThread "Cache worker for journal cache (C:\Users\user\.gradle\caches\journal-1)"        [_thread_blocked, id=19904, stack(0x00000037f2a00000,0x00000037f2b00000) (1024K)]
  0x00000234c6cfee40 JavaThread "File lock request listener"        [_thread_in_native, id=41708, stack(0x00000037f2b00000,0x00000037f2c00000) (1024K)]
  0x00000234c6cfda90 JavaThread "File lock release action executor"        [_thread_blocked, id=40268, stack(0x00000037f0700000,0x00000037f0800000) (1024K)]
  0x00000234c6cfcd70 JavaThread "Cache worker for file hash cache (C:\Users\user\.gradle\caches\9.5.1\fileHashes)"        [_thread_blocked, id=47936, stack(0x00000037f2c00000,0x00000037f2d00000) (1024K)]
Total: 25

Other Threads:
  0x00000234ab5f30c0 VMThread "VM Thread"                           [id=40112, stack(0x00000037f1000000,0x00000037f1100000) (1024K)] _threads_hazard_ptr=0x00000234c7795ae0
  0x00000234ab5e3a10 WatcherThread "VM Periodic Task Thread"        [id=9212, stack(0x00000037f0f00000,0x00000037f1000000) (1024K)]
  0x000002349583c650 WorkerThread "GC Thread#0"                     [id=40520, stack(0x00000037f0a00000,0x00000037f0b00000) (1024K)]
  0x00000234ab955930 WorkerThread "GC Thread#1"                     [id=45568, stack(0x00000037f1b00000,0x00000037f1c00000) (1024K)]
  0x00000234ab9546c0 WorkerThread "GC Thread#2"                     [id=45572, stack(0x00000037f1c00000,0x00000037f1d00000) (1024K)]
  0x00000234ab954a70 WorkerThread "GC Thread#3"                     [id=45576, stack(0x00000037f1d00000,0x00000037f1e00000) (1024K)]
  0x00000234ab954e20 WorkerThread "GC Thread#4"                     [id=45580, stack(0x00000037f1e00000,0x00000037f1f00000) (1024K)]
  0x00000234ab955580 WorkerThread "GC Thread#5"                     [id=45584, stack(0x00000037f1f00000,0x00000037f2000000) (1024K)]
  0x0000023495842c10 ConcurrentGCThread "G1 Main Marker"            [id=38440, stack(0x00000037f0b00000,0x00000037f0c00000) (1024K)]
  0x00000234958434d0 WorkerThread "G1 Conc#0"                       [id=20060, stack(0x00000037f0c00000,0x00000037f0d00000) (1024K)]
  0x00000234ab4b3d70 ConcurrentGCThread "G1 Refine#0"               [id=28928, stack(0x00000037f0d00000,0x00000037f0e00000) (1024K)]
  0x00000234ab4b45a0 ConcurrentGCThread "G1 Service"                [id=40156, stack(0x00000037f0e00000,0x00000037f0f00000) (1024K)]
Total: 12

Threads with active compile tasks:
Total: 0

VM state: synchronizing (normal execution)

VM Mutex/Monitor currently owned by a thread:  ([mutex/lock_event])
[0x00007ffdbc05d530] Metaspace_lock - owner thread: 0x00000234c59c63c0
[0x00007ffdbc05f5b0] Threads_lock - owner thread: 0x00000234ab5f30c0

Heap address: 0x00000000e0000000, size: 512 MB, Compressed Oops mode: 32-bit

CDS archive(s) mapped at: [0x00000234ac000000-0x00000234acba0000-0x00000234acba0000), size 12189696, SharedBaseAddress: 0x00000234ac000000, ArchiveRelocationMode: 1.
Compressed class space mapped at: 0x00000234ad000000-0x00000234c1000000, reserved size: 335544320
Narrow klass base: 0x00000234ac000000, Narrow klass shift: 0, Narrow klass range: 0x100000000

GC Precious Log:
 CardTable entry size: 512
 Card Set container configuration: InlinePtr #cards 5 size 8 Array Of Cards #cards 12 size 40 Howl #buckets 4 coarsen threshold 1843 Howl Bitmap #cards 512 size 80 coarsen threshold 460 Card regions per heap region 1 cards per card region 2048
 CPUs: 12 total, 12 available
 Memory: 14173M
 Large Page Support: Disabled
 NUMA Support: Disabled
 Compressed Oops: Enabled (32-bit)
 Heap Region Size: 1M
 Heap Min Capacity: 256M
 Heap Initial Capacity: 256M
 Heap Max Capacity: 512M
 Pre-touch: Disabled
 Parallel Workers: 10
 Concurrent Workers: 3
 Concurrent Refinement Workers: 10
 Periodic GC: Disabled

Heap:
 garbage-first heap   total 262144K, used 92686K [0x00000000e0000000, 0x0000000100000000)
  region size 1024K, 80 young (81920K), 3 survivors (3072K)
 Metaspace       used 16284K, committed 16704K, reserved 393216K
  class space    used 2222K, committed 2432K, reserved 327680K

Heap Regions: E=young(eden), S=young(survivor), O=old, HS=humongous(starts), HC=humongous(continues), CS=collection set, F=free, TAMS=top-at-mark-start, PB=parsable bottom
|   0|0x00000000e0000000, 0x00000000e0100000, 0x00000000e0100000|100%|HS|  |TAMS 0x00000000e0000000| PB 0x00000000e0000000| Complete 
|   1|0x00000000e0100000, 0x00000000e0200000, 0x00000000e0200000|100%|HC|  |TAMS 0x00000000e0100000| PB 0x00000000e0100000| Complete 
|   2|0x00000000e0200000, 0x00000000e0300000, 0x00000000e0300000|100%|HC|  |TAMS 0x00000000e0200000| PB 0x00000000e0200000| Complete 
|   3|0x00000000e0300000, 0x00000000e0400000, 0x00000000e0400000|100%|HC|  |TAMS 0x00000000e0300000| PB 0x00000000e0300000| Complete 
|   4|0x00000000e0400000, 0x00000000e0500000, 0x00000000e0500000|100%| O|  |TAMS 0x00000000e0400000| PB 0x00000000e0400000| Untracked 
|   5|0x00000000e0500000, 0x00000000e0600000, 0x00000000e0600000|100%| O|  |TAMS 0x00000000e0500000| PB 0x00000000e0500000| Untracked 
|   6|0x00000000e0600000, 0x00000000e0700000, 0x00000000e0700000|100%| O|  |TAMS 0x00000000e0600000| PB 0x00000000e0600000| Untracked 
|   7|0x00000000e0700000, 0x00000000e0800000, 0x00000000e0800000|100%| O|  |TAMS 0x00000000e0700000| PB 0x00000000e0700000| Untracked 
|   8|0x00000000e0800000, 0x00000000e0900000, 0x00000000e0900000|100%|HS|  |TAMS 0x00000000e0800000| PB 0x00000000e0800000| Complete 
|   9|0x00000000e0900000, 0x00000000e0900000, 0x00000000e0a00000|  0%| F|  |TAMS 0x00000000e0900000| PB 0x00000000e0900000| Untracked 
|  10|0x00000000e0a00000, 0x00000000e0b00000, 0x00000000e0b00000|100%| O|  |TAMS 0x00000000e0a00000| PB 0x00000000e0a00000| Untracked 
|  11|0x00000000e0b00000, 0x00000000e0c00000, 0x00000000e0c00000|100%| O|  |TAMS 0x00000000e0b00000| PB 0x00000000e0b00000| Untracked 
|  12|0x00000000e0c00000, 0x00000000e0cca548, 0x00000000e0d00000| 79%| O|  |TAMS 0x00000000e0c00000| PB 0x00000000e0c00000| Untracked 
|  13|0x00000000e0d00000, 0x00000000e0d00000, 0x00000000e0e00000|  0%| F|  |TAMS 0x00000000e0d00000| PB 0x00000000e0d00000| Untracked 
|  14|0x00000000e0e00000, 0x00000000e0e00000, 0x00000000e0f00000|  0%| F|  |TAMS 0x00000000e0e00000| PB 0x00000000e0e00000| Untracked 
|  15|0x00000000e0f00000, 0x00000000e0f00000, 0x00000000e1000000|  0%| F|  |TAMS 0x00000000e0f00000| PB 0x00000000e0f00000| Untracked 
|  16|0x00000000e1000000, 0x00000000e1000000, 0x00000000e1100000|  0%| F|  |TAMS 0x00000000e1000000| PB 0x00000000e1000000| Untracked 
|  17|0x00000000e1100000, 0x00000000e1100000, 0x00000000e1200000|  0%| F|  |TAMS 0x00000000e1100000| PB 0x00000000e1100000| Untracked 
|  18|0x00000000e1200000, 0x00000000e1200000, 0x00000000e1300000|  0%| F|  |TAMS 0x00000000e1200000| PB 0x00000000e1200000| Untracked 
|  19|0x00000000e1300000, 0x00000000e1300000, 0x00000000e1400000|  0%| F|  |TAMS 0x00000000e1300000| PB 0x00000000e1300000| Untracked 
|  20|0x00000000e1400000, 0x00000000e1400000, 0x00000000e1500000|  0%| F|  |TAMS 0x00000000e1400000| PB 0x00000000e1400000| Untracked 
|  21|0x00000000e1500000, 0x00000000e1500000, 0x00000000e1600000|  0%| F|  |TAMS 0x00000000e1500000| PB 0x00000000e1500000| Untracked 
|  22|0x00000000e1600000, 0x00000000e1600000, 0x00000000e1700000|  0%| F|  |TAMS 0x00000000e1600000| PB 0x00000000e1600000| Untracked 
|  23|0x00000000e1700000, 0x00000000e1700000, 0x00000000e1800000|  0%| F|  |TAMS 0x00000000e1700000| PB 0x00000000e1700000| Untracked 
|  24|0x00000000e1800000, 0x00000000e1800000, 0x00000000e1900000|  0%| F|  |TAMS 0x00000000e1800000| PB 0x00000000e1800000| Untracked 
|  25|0x00000000e1900000, 0x00000000e1900000, 0x00000000e1a00000|  0%| F|  |TAMS 0x00000000e1900000| PB 0x00000000e1900000| Untracked 
|  26|0x00000000e1a00000, 0x00000000e1a00000, 0x00000000e1b00000|  0%| F|  |TAMS 0x00000000e1a00000| PB 0x00000000e1a00000| Untracked 
|  27|0x00000000e1b00000, 0x00000000e1b00000, 0x00000000e1c00000|  0%| F|  |TAMS 0x00000000e1b00000| PB 0x00000000e1b00000| Untracked 
|  28|0x00000000e1c00000, 0x00000000e1c00000, 0x00000000e1d00000|  0%| F|  |TAMS 0x00000000e1c00000| PB 0x00000000e1c00000| Untracked 
|  29|0x00000000e1d00000, 0x00000000e1d00000, 0x00000000e1e00000|  0%| F|  |TAMS 0x00000000e1d00000| PB 0x00000000e1d00000| Untracked 
|  30|0x00000000e1e00000, 0x00000000e1e00000, 0x00000000e1f00000|  0%| F|  |TAMS 0x00000000e1e00000| PB 0x00000000e1e00000| Untracked 
|  31|0x00000000e1f00000, 0x00000000e1f00000, 0x00000000e2000000|  0%| F|  |TAMS 0x00000000e1f00000| PB 0x00000000e1f00000| Untracked 
|  32|0x00000000e2000000, 0x00000000e2000000, 0x00000000e2100000|  0%| F|  |TAMS 0x00000000e2000000| PB 0x00000000e2000000| Untracked 
|  33|0x00000000e2100000, 0x00000000e2100000, 0x00000000e2200000|  0%| F|  |TAMS 0x00000000e2100000| PB 0x00000000e2100000| Untracked 
|  34|0x00000000e2200000, 0x00000000e2200000, 0x00000000e2300000|  0%| F|  |TAMS 0x00000000e2200000| PB 0x00000000e2200000| Untracked 
|  35|0x00000000e2300000, 0x00000000e2300000, 0x00000000e2400000|  0%| F|  |TAMS 0x00000000e2300000| PB 0x00000000e2300000| Untracked 
|  36|0x00000000e2400000, 0x00000000e2400000, 0x00000000e2500000|  0%| F|  |TAMS 0x00000000e2400000| PB 0x00000000e2400000| Untracked 
|  37|0x00000000e2500000, 0x00000000e2500000, 0x00000000e2600000|  0%| F|  |TAMS 0x00000000e2500000| PB 0x00000000e2500000| Untracked 
|  38|0x00000000e2600000, 0x00000000e2600000, 0x00000000e2700000|  0%| F|  |TAMS 0x00000000e2600000| PB 0x00000000e2600000| Untracked 
|  39|0x00000000e2700000, 0x00000000e2700000, 0x00000000e2800000|  0%| F|  |TAMS 0x00000000e2700000| PB 0x00000000e2700000| Untracked 
|  40|0x00000000e2800000, 0x00000000e2800000, 0x00000000e2900000|  0%| F|  |TAMS 0x00000000e2800000| PB 0x00000000e2800000| Untracked 
|  41|0x00000000e2900000, 0x00000000e2900000, 0x00000000e2a00000|  0%| F|  |TAMS 0x00000000e2900000| PB 0x00000000e2900000| Untracked 
|  42|0x00000000e2a00000, 0x00000000e2a00000, 0x00000000e2b00000|  0%| F|  |TAMS 0x00000000e2a00000| PB 0x00000000e2a00000| Untracked 
|  43|0x00000000e2b00000, 0x00000000e2b00000, 0x00000000e2c00000|  0%| F|  |TAMS 0x00000000e2b00000| PB 0x00000000e2b00000| Untracked 
|  44|0x00000000e2c00000, 0x00000000e2c00000, 0x00000000e2d00000|  0%| F|  |TAMS 0x00000000e2c00000| PB 0x00000000e2c00000| Untracked 
|  45|0x00000000e2d00000, 0x00000000e2d00000, 0x00000000e2e00000|  0%| F|  |TAMS 0x00000000e2d00000| PB 0x00000000e2d00000| Untracked 
|  46|0x00000000e2e00000, 0x00000000e2e00000, 0x00000000e2f00000|  0%| F|  |TAMS 0x00000000e2e00000| PB 0x00000000e2e00000| Untracked 
|  47|0x00000000e2f00000, 0x00000000e2f00000, 0x00000000e3000000|  0%| F|  |TAMS 0x00000000e2f00000| PB 0x00000000e2f00000| Untracked 
|  48|0x00000000e3000000, 0x00000000e3000000, 0x00000000e3100000|  0%| F|  |TAMS 0x00000000e3000000| PB 0x00000000e3000000| Untracked 
|  49|0x00000000e3100000, 0x00000000e3100000, 0x00000000e3200000|  0%| F|  |TAMS 0x00000000e3100000| PB 0x00000000e3100000| Untracked 
|  50|0x00000000e3200000, 0x00000000e3200000, 0x00000000e3300000|  0%| F|  |TAMS 0x00000000e3200000| PB 0x00000000e3200000| Untracked 
|  51|0x00000000e3300000, 0x00000000e3300000, 0x00000000e3400000|  0%| F|  |TAMS 0x00000000e3300000| PB 0x00000000e3300000| Untracked 
|  52|0x00000000e3400000, 0x00000000e3400000, 0x00000000e3500000|  0%| F|  |TAMS 0x00000000e3400000| PB 0x00000000e3400000| Untracked 
|  53|0x00000000e3500000, 0x00000000e3500000, 0x00000000e3600000|  0%| F|  |TAMS 0x00000000e3500000| PB 0x00000000e3500000| Untracked 
|  54|0x00000000e3600000, 0x00000000e3600000, 0x00000000e3700000|  0%| F|  |TAMS 0x00000000e3600000| PB 0x00000000e3600000| Untracked 
|  55|0x00000000e3700000, 0x00000000e3700000, 0x00000000e3800000|  0%| F|  |TAMS 0x00000000e3700000| PB 0x00000000e3700000| Untracked 
|  56|0x00000000e3800000, 0x00000000e3800000, 0x00000000e3900000|  0%| F|  |TAMS 0x00000000e3800000| PB 0x00000000e3800000| Untracked 
|  57|0x00000000e3900000, 0x00000000e3900000, 0x00000000e3a00000|  0%| F|  |TAMS 0x00000000e3900000| PB 0x00000000e3900000| Untracked 
|  58|0x00000000e3a00000, 0x00000000e3a00000, 0x00000000e3b00000|  0%| F|  |TAMS 0x00000000e3a00000| PB 0x00000000e3a00000| Untracked 
|  59|0x00000000e3b00000, 0x00000000e3b00000, 0x00000000e3c00000|  0%| F|  |TAMS 0x00000000e3b00000| PB 0x00000000e3b00000| Untracked 
|  60|0x00000000e3c00000, 0x00000000e3c00000, 0x00000000e3d00000|  0%| F|  |TAMS 0x00000000e3c00000| PB 0x00000000e3c00000| Untracked 
|  61|0x00000000e3d00000, 0x00000000e3d00000, 0x00000000e3e00000|  0%| F|  |TAMS 0x00000000e3d00000| PB 0x00000000e3d00000| Untracked 
|  62|0x00000000e3e00000, 0x00000000e3e00000, 0x00000000e3f00000|  0%| F|  |TAMS 0x00000000e3e00000| PB 0x00000000e3e00000| Untracked 
|  63|0x00000000e3f00000, 0x00000000e3f00000, 0x00000000e4000000|  0%| F|  |TAMS 0x00000000e3f00000| PB 0x00000000e3f00000| Untracked 
|  64|0x00000000e4000000, 0x00000000e4000000, 0x00000000e4100000|  0%| F|  |TAMS 0x00000000e4000000| PB 0x00000000e4000000| Untracked 
|  65|0x00000000e4100000, 0x00000000e4100000, 0x00000000e4200000|  0%| F|  |TAMS 0x00000000e4100000| PB 0x00000000e4100000| Untracked 
|  66|0x00000000e4200000, 0x00000000e4200000, 0x00000000e4300000|  0%| F|  |TAMS 0x00000000e4200000| PB 0x00000000e4200000| Untracked 
|  67|0x00000000e4300000, 0x00000000e4300000, 0x00000000e4400000|  0%| F|  |TAMS 0x00000000e4300000| PB 0x00000000e4300000| Untracked 
|  68|0x00000000e4400000, 0x00000000e4400000, 0x00000000e4500000|  0%| F|  |TAMS 0x00000000e4400000| PB 0x00000000e4400000| Untracked 
|  69|0x00000000e4500000, 0x00000000e4500000, 0x00000000e4600000|  0%| F|  |TAMS 0x00000000e4500000| PB 0x00000000e4500000| Untracked 
|  70|0x00000000e4600000, 0x00000000e4600000, 0x00000000e4700000|  0%| F|  |TAMS 0x00000000e4600000| PB 0x00000000e4600000| Untracked 
|  71|0x00000000e4700000, 0x00000000e4700000, 0x00000000e4800000|  0%| F|  |TAMS 0x00000000e4700000| PB 0x00000000e4700000| Untracked 
|  72|0x00000000e4800000, 0x00000000e4800000, 0x00000000e4900000|  0%| F|  |TAMS 0x00000000e4800000| PB 0x00000000e4800000| Untracked 
|  73|0x00000000e4900000, 0x00000000e4900000, 0x00000000e4a00000|  0%| F|  |TAMS 0x00000000e4900000| PB 0x00000000e4900000| Untracked 
|  74|0x00000000e4a00000, 0x00000000e4a00000, 0x00000000e4b00000|  0%| F|  |TAMS 0x00000000e4a00000| PB 0x00000000e4a00000| Untracked 
|  75|0x00000000e4b00000, 0x00000000e4b00000, 0x00000000e4c00000|  0%| F|  |TAMS 0x00000000e4b00000| PB 0x00000000e4b00000| Untracked 
|  76|0x00000000e4c00000, 0x00000000e4c00000, 0x00000000e4d00000|  0%| F|  |TAMS 0x00000000e4c00000| PB 0x00000000e4c00000| Untracked 
|  77|0x00000000e4d00000, 0x00000000e4d00000, 0x00000000e4e00000|  0%| F|  |TAMS 0x00000000e4d00000| PB 0x00000000e4d00000| Untracked 
|  78|0x00000000e4e00000, 0x00000000e4e00000, 0x00000000e4f00000|  0%| F|  |TAMS 0x00000000e4e00000| PB 0x00000000e4e00000| Untracked 
|  79|0x00000000e4f00000, 0x00000000e4f00000, 0x00000000e5000000|  0%| F|  |TAMS 0x00000000e4f00000| PB 0x00000000e4f00000| Untracked 
|  80|0x00000000e5000000, 0x00000000e5000000, 0x00000000e5100000|  0%| F|  |TAMS 0x00000000e5000000| PB 0x00000000e5000000| Untracked 
|  81|0x00000000e5100000, 0x00000000e5100000, 0x00000000e5200000|  0%| F|  |TAMS 0x00000000e5100000| PB 0x00000000e5100000| Untracked 
|  82|0x00000000e5200000, 0x00000000e5200000, 0x00000000e5300000|  0%| F|  |TAMS 0x00000000e5200000| PB 0x00000000e5200000| Untracked 
|  83|0x00000000e5300000, 0x00000000e5300000, 0x00000000e5400000|  0%| F|  |TAMS 0x00000000e5300000| PB 0x00000000e5300000| Untracked 
|  84|0x00000000e5400000, 0x00000000e5400000, 0x00000000e5500000|  0%| F|  |TAMS 0x00000000e5400000| PB 0x00000000e5400000| Untracked 
|  85|0x00000000e5500000, 0x00000000e5500000, 0x00000000e5600000|  0%| F|  |TAMS 0x00000000e5500000| PB 0x00000000e5500000| Untracked 
|  86|0x00000000e5600000, 0x00000000e5600000, 0x00000000e5700000|  0%| F|  |TAMS 0x00000000e5600000| PB 0x00000000e5600000| Untracked 
|  87|0x00000000e5700000, 0x00000000e5700000, 0x00000000e5800000|  0%| F|  |TAMS 0x00000000e5700000| PB 0x00000000e5700000| Untracked 
|  88|0x00000000e5800000, 0x00000000e5800000, 0x00000000e5900000|  0%| F|  |TAMS 0x00000000e5800000| PB 0x00000000e5800000| Untracked 
|  89|0x00000000e5900000, 0x00000000e5900000, 0x00000000e5a00000|  0%| F|  |TAMS 0x00000000e5900000| PB 0x00000000e5900000| Untracked 
|  90|0x00000000e5a00000, 0x00000000e5a00000, 0x00000000e5b00000|  0%| F|  |TAMS 0x00000000e5a00000| PB 0x00000000e5a00000| Untracked 
|  91|0x00000000e5b00000, 0x00000000e5b00000, 0x00000000e5c00000|  0%| F|  |TAMS 0x00000000e5b00000| PB 0x00000000e5b00000| Untracked 
|  92|0x00000000e5c00000, 0x00000000e5c00000, 0x00000000e5d00000|  0%| F|  |TAMS 0x00000000e5c00000| PB 0x00000000e5c00000| Untracked 
|  93|0x00000000e5d00000, 0x00000000e5d00000, 0x00000000e5e00000|  0%| F|  |TAMS 0x00000000e5d00000| PB 0x00000000e5d00000| Untracked 
|  94|0x00000000e5e00000, 0x00000000e5e00000, 0x00000000e5f00000|  0%| F|  |TAMS 0x00000000e5e00000| PB 0x00000000e5e00000| Untracked 
|  95|0x00000000e5f00000, 0x00000000e5f00000, 0x00000000e6000000|  0%| F|  |TAMS 0x00000000e5f00000| PB 0x00000000e5f00000| Untracked 
|  96|0x00000000e6000000, 0x00000000e6000000, 0x00000000e6100000|  0%| F|  |TAMS 0x00000000e6000000| PB 0x00000000e6000000| Untracked 
|  97|0x00000000e6100000, 0x00000000e6100000, 0x00000000e6200000|  0%| F|  |TAMS 0x00000000e6100000| PB 0x00000000e6100000| Untracked 
|  98|0x00000000e6200000, 0x00000000e6200000, 0x00000000e6300000|  0%| F|  |TAMS 0x00000000e6200000| PB 0x00000000e6200000| Untracked 
|  99|0x00000000e6300000, 0x00000000e6300000, 0x00000000e6400000|  0%| F|  |TAMS 0x00000000e6300000| PB 0x00000000e6300000| Untracked 
| 100|0x00000000e6400000, 0x00000000e6400000, 0x00000000e6500000|  0%| F|  |TAMS 0x00000000e6400000| PB 0x00000000e6400000| Untracked 
| 101|0x00000000e6500000, 0x00000000e6500000, 0x00000000e6600000|  0%| F|  |TAMS 0x00000000e6500000| PB 0x00000000e6500000| Untracked 
| 102|0x00000000e6600000, 0x00000000e6600000, 0x00000000e6700000|  0%| F|  |TAMS 0x00000000e6600000| PB 0x00000000e6600000| Untracked 
| 103|0x00000000e6700000, 0x00000000e6700000, 0x00000000e6800000|  0%| F|  |TAMS 0x00000000e6700000| PB 0x00000000e6700000| Untracked 
| 104|0x00000000e6800000, 0x00000000e6800000, 0x00000000e6900000|  0%| F|  |TAMS 0x00000000e6800000| PB 0x00000000e6800000| Untracked 
| 105|0x00000000e6900000, 0x00000000e6900000, 0x00000000e6a00000|  0%| F|  |TAMS 0x00000000e6900000| PB 0x00000000e6900000| Untracked 
| 106|0x00000000e6a00000, 0x00000000e6a00000, 0x00000000e6b00000|  0%| F|  |TAMS 0x00000000e6a00000| PB 0x00000000e6a00000| Untracked 
| 107|0x00000000e6b00000, 0x00000000e6b00000, 0x00000000e6c00000|  0%| F|  |TAMS 0x00000000e6b00000| PB 0x00000000e6b00000| Untracked 
| 108|0x00000000e6c00000, 0x00000000e6c00000, 0x00000000e6d00000|  0%| F|  |TAMS 0x00000000e6c00000| PB 0x00000000e6c00000| Untracked 
| 109|0x00000000e6d00000, 0x00000000e6d00000, 0x00000000e6e00000|  0%| F|  |TAMS 0x00000000e6d00000| PB 0x00000000e6d00000| Untracked 
| 110|0x00000000e6e00000, 0x00000000e6e00000, 0x00000000e6f00000|  0%| F|  |TAMS 0x00000000e6e00000| PB 0x00000000e6e00000| Untracked 
| 111|0x00000000e6f00000, 0x00000000e6f00000, 0x00000000e7000000|  0%| F|  |TAMS 0x00000000e6f00000| PB 0x00000000e6f00000| Untracked 
| 112|0x00000000e7000000, 0x00000000e7000000, 0x00000000e7100000|  0%| F|  |TAMS 0x00000000e7000000| PB 0x00000000e7000000| Untracked 
| 113|0x00000000e7100000, 0x00000000e7100000, 0x00000000e7200000|  0%| F|  |TAMS 0x00000000e7100000| PB 0x00000000e7100000| Untracked 
| 114|0x00000000e7200000, 0x00000000e7200000, 0x00000000e7300000|  0%| F|  |TAMS 0x00000000e7200000| PB 0x00000000e7200000| Untracked 
| 115|0x00000000e7300000, 0x00000000e7300000, 0x00000000e7400000|  0%| F|  |TAMS 0x00000000e7300000| PB 0x00000000e7300000| Untracked 
| 116|0x00000000e7400000, 0x00000000e7400000, 0x00000000e7500000|  0%| F|  |TAMS 0x00000000e7400000| PB 0x00000000e7400000| Untracked 
| 117|0x00000000e7500000, 0x00000000e7500000, 0x00000000e7600000|  0%| F|  |TAMS 0x00000000e7500000| PB 0x00000000e7500000| Untracked 
| 118|0x00000000e7600000, 0x00000000e7600000, 0x00000000e7700000|  0%| F|  |TAMS 0x00000000e7600000| PB 0x00000000e7600000| Untracked 
| 119|0x00000000e7700000, 0x00000000e7700000, 0x00000000e7800000|  0%| F|  |TAMS 0x00000000e7700000| PB 0x00000000e7700000| Untracked 
| 120|0x00000000e7800000, 0x00000000e7800000, 0x00000000e7900000|  0%| F|  |TAMS 0x00000000e7800000| PB 0x00000000e7800000| Untracked 
| 121|0x00000000e7900000, 0x00000000e7900000, 0x00000000e7a00000|  0%| F|  |TAMS 0x00000000e7900000| PB 0x00000000e7900000| Untracked 
| 122|0x00000000e7a00000, 0x00000000e7a00000, 0x00000000e7b00000|  0%| F|  |TAMS 0x00000000e7a00000| PB 0x00000000e7a00000| Untracked 
| 123|0x00000000e7b00000, 0x00000000e7b00000, 0x00000000e7c00000|  0%| F|  |TAMS 0x00000000e7b00000| PB 0x00000000e7b00000| Untracked 
| 124|0x00000000e7c00000, 0x00000000e7c00000, 0x00000000e7d00000|  0%| F|  |TAMS 0x00000000e7c00000| PB 0x00000000e7c00000| Untracked 
| 125|0x00000000e7d00000, 0x00000000e7d00000, 0x00000000e7e00000|  0%| F|  |TAMS 0x00000000e7d00000| PB 0x00000000e7d00000| Untracked 
| 126|0x00000000e7e00000, 0x00000000e7e00000, 0x00000000e7f00000|  0%| F|  |TAMS 0x00000000e7e00000| PB 0x00000000e7e00000| Untracked 
| 127|0x00000000e7f00000, 0x00000000e7f00000, 0x00000000e8000000|  0%| F|  |TAMS 0x00000000e7f00000| PB 0x00000000e7f00000| Untracked 
| 128|0x00000000e8000000, 0x00000000e8000000, 0x00000000e8100000|  0%| F|  |TAMS 0x00000000e8000000| PB 0x00000000e8000000| Untracked 
| 129|0x00000000e8100000, 0x00000000e8100000, 0x00000000e8200000|  0%| F|  |TAMS 0x00000000e8100000| PB 0x00000000e8100000| Untracked 
| 130|0x00000000e8200000, 0x00000000e8200000, 0x00000000e8300000|  0%| F|  |TAMS 0x00000000e8200000| PB 0x00000000e8200000| Untracked 
| 131|0x00000000e8300000, 0x00000000e8300000, 0x00000000e8400000|  0%| F|  |TAMS 0x00000000e8300000| PB 0x00000000e8300000| Untracked 
| 132|0x00000000e8400000, 0x00000000e8400000, 0x00000000e8500000|  0%| F|  |TAMS 0x00000000e8400000| PB 0x00000000e8400000| Untracked 
| 133|0x00000000e8500000, 0x00000000e8500000, 0x00000000e8600000|  0%| F|  |TAMS 0x00000000e8500000| PB 0x00000000e8500000| Untracked 
| 134|0x00000000e8600000, 0x00000000e8600000, 0x00000000e8700000|  0%| F|  |TAMS 0x00000000e8600000| PB 0x00000000e8600000| Untracked 
| 135|0x00000000e8700000, 0x00000000e8700000, 0x00000000e8800000|  0%| F|  |TAMS 0x00000000e8700000| PB 0x00000000e8700000| Untracked 
| 136|0x00000000e8800000, 0x00000000e8800000, 0x00000000e8900000|  0%| F|  |TAMS 0x00000000e8800000| PB 0x00000000e8800000| Untracked 
| 137|0x00000000e8900000, 0x00000000e8900000, 0x00000000e8a00000|  0%| F|  |TAMS 0x00000000e8900000| PB 0x00000000e8900000| Untracked 
| 138|0x00000000e8a00000, 0x00000000e8a00000, 0x00000000e8b00000|  0%| F|  |TAMS 0x00000000e8a00000| PB 0x00000000e8a00000| Untracked 
| 139|0x00000000e8b00000, 0x00000000e8b00000, 0x00000000e8c00000|  0%| F|  |TAMS 0x00000000e8b00000| PB 0x00000000e8b00000| Untracked 
| 140|0x00000000e8c00000, 0x00000000e8c00000, 0x00000000e8d00000|  0%| F|  |TAMS 0x00000000e8c00000| PB 0x00000000e8c00000| Untracked 
| 141|0x00000000e8d00000, 0x00000000e8d00000, 0x00000000e8e00000|  0%| F|  |TAMS 0x00000000e8d00000| PB 0x00000000e8d00000| Untracked 
| 142|0x00000000e8e00000, 0x00000000e8e00000, 0x00000000e8f00000|  0%| F|  |TAMS 0x00000000e8e00000| PB 0x00000000e8e00000| Untracked 
| 143|0x00000000e8f00000, 0x00000000e8f00000, 0x00000000e9000000|  0%| F|  |TAMS 0x00000000e8f00000| PB 0x00000000e8f00000| Untracked 
| 144|0x00000000e9000000, 0x00000000e9000000, 0x00000000e9100000|  0%| F|  |TAMS 0x00000000e9000000| PB 0x00000000e9000000| Untracked 
| 145|0x00000000e9100000, 0x00000000e9100000, 0x00000000e9200000|  0%| F|  |TAMS 0x00000000e9100000| PB 0x00000000e9100000| Untracked 
| 146|0x00000000e9200000, 0x00000000e9200000, 0x00000000e9300000|  0%| F|  |TAMS 0x00000000e9200000| PB 0x00000000e9200000| Untracked 
| 147|0x00000000e9300000, 0x00000000e9300000, 0x00000000e9400000|  0%| F|  |TAMS 0x00000000e9300000| PB 0x00000000e9300000| Untracked 
| 148|0x00000000e9400000, 0x00000000e9400000, 0x00000000e9500000|  0%| F|  |TAMS 0x00000000e9400000| PB 0x00000000e9400000| Untracked 
| 149|0x00000000e9500000, 0x00000000e9500000, 0x00000000e9600000|  0%| F|  |TAMS 0x00000000e9500000| PB 0x00000000e9500000| Untracked 
| 150|0x00000000e9600000, 0x00000000e9600000, 0x00000000e9700000|  0%| F|  |TAMS 0x00000000e9600000| PB 0x00000000e9600000| Untracked 
| 151|0x00000000e9700000, 0x00000000e9700000, 0x00000000e9800000|  0%| F|  |TAMS 0x00000000e9700000| PB 0x00000000e9700000| Untracked 
| 152|0x00000000e9800000, 0x00000000e9800000, 0x00000000e9900000|  0%| F|  |TAMS 0x00000000e9800000| PB 0x00000000e9800000| Untracked 
| 153|0x00000000e9900000, 0x00000000e9900000, 0x00000000e9a00000|  0%| F|  |TAMS 0x00000000e9900000| PB 0x00000000e9900000| Untracked 
| 154|0x00000000e9a00000, 0x00000000e9a00000, 0x00000000e9b00000|  0%| F|  |TAMS 0x00000000e9a00000| PB 0x00000000e9a00000| Untracked 
| 155|0x00000000e9b00000, 0x00000000e9b00000, 0x00000000e9c00000|  0%| F|  |TAMS 0x00000000e9b00000| PB 0x00000000e9b00000| Untracked 
| 156|0x00000000e9c00000, 0x00000000e9c00000, 0x00000000e9d00000|  0%| F|  |TAMS 0x00000000e9c00000| PB 0x00000000e9c00000| Untracked 
| 157|0x00000000e9d00000, 0x00000000e9d00000, 0x00000000e9e00000|  0%| F|  |TAMS 0x00000000e9d00000| PB 0x00000000e9d00000| Untracked 
| 158|0x00000000e9e00000, 0x00000000e9e00000, 0x00000000e9f00000|  0%| F|  |TAMS 0x00000000e9e00000| PB 0x00000000e9e00000| Untracked 
| 159|0x00000000e9f00000, 0x00000000e9f00000, 0x00000000ea000000|  0%| F|  |TAMS 0x00000000e9f00000| PB 0x00000000e9f00000| Untracked 
| 160|0x00000000ea000000, 0x00000000ea000000, 0x00000000ea100000|  0%| F|  |TAMS 0x00000000ea000000| PB 0x00000000ea000000| Untracked 
| 161|0x00000000ea100000, 0x00000000ea100000, 0x00000000ea200000|  0%| F|  |TAMS 0x00000000ea100000| PB 0x00000000ea100000| Untracked 
| 162|0x00000000ea200000, 0x00000000ea200000, 0x00000000ea300000|  0%| F|  |TAMS 0x00000000ea200000| PB 0x00000000ea200000| Untracked 
| 163|0x00000000ea300000, 0x00000000ea300000, 0x00000000ea400000|  0%| F|  |TAMS 0x00000000ea300000| PB 0x00000000ea300000| Untracked 
| 164|0x00000000ea400000, 0x00000000ea400000, 0x00000000ea500000|  0%| F|  |TAMS 0x00000000ea400000| PB 0x00000000ea400000| Untracked 
| 165|0x00000000ea500000, 0x00000000ea500000, 0x00000000ea600000|  0%| F|  |TAMS 0x00000000ea500000| PB 0x00000000ea500000| Untracked 
| 166|0x00000000ea600000, 0x00000000ea600000, 0x00000000ea700000|  0%| F|  |TAMS 0x00000000ea600000| PB 0x00000000ea600000| Untracked 
| 167|0x00000000ea700000, 0x00000000ea700000, 0x00000000ea800000|  0%| F|  |TAMS 0x00000000ea700000| PB 0x00000000ea700000| Untracked 
| 168|0x00000000ea800000, 0x00000000ea800000, 0x00000000ea900000|  0%| F|  |TAMS 0x00000000ea800000| PB 0x00000000ea800000| Untracked 
| 169|0x00000000ea900000, 0x00000000ea900000, 0x00000000eaa00000|  0%| F|  |TAMS 0x00000000ea900000| PB 0x00000000ea900000| Untracked 
| 170|0x00000000eaa00000, 0x00000000eaa00000, 0x00000000eab00000|  0%| F|  |TAMS 0x00000000eaa00000| PB 0x00000000eaa00000| Untracked 
| 171|0x00000000eab00000, 0x00000000eab00000, 0x00000000eac00000|  0%| F|  |TAMS 0x00000000eab00000| PB 0x00000000eab00000| Untracked 
| 172|0x00000000eac00000, 0x00000000eac00000, 0x00000000ead00000|  0%| F|  |TAMS 0x00000000eac00000| PB 0x00000000eac00000| Untracked 
| 173|0x00000000ead00000, 0x00000000ead00000, 0x00000000eae00000|  0%| F|  |TAMS 0x00000000ead00000| PB 0x00000000ead00000| Untracked 
| 174|0x00000000eae00000, 0x00000000eae00000, 0x00000000eaf00000|  0%| F|  |TAMS 0x00000000eae00000| PB 0x00000000eae00000| Untracked 
| 175|0x00000000eaf00000, 0x00000000eaf00000, 0x00000000eb000000|  0%| F|  |TAMS 0x00000000eaf00000| PB 0x00000000eaf00000| Untracked 
| 176|0x00000000eb000000, 0x00000000eb080000, 0x00000000eb100000| 50%| E|  |TAMS 0x00000000eb000000| PB 0x00000000eb000000| Complete 
| 177|0x00000000eb100000, 0x00000000eb200000, 0x00000000eb200000|100%| E|CS|TAMS 0x00000000eb100000| PB 0x00000000eb100000| Complete 
| 178|0x00000000eb200000, 0x00000000eb300000, 0x00000000eb300000|100%| E|CS|TAMS 0x00000000eb200000| PB 0x00000000eb200000| Complete 
| 179|0x00000000eb300000, 0x00000000eb400000, 0x00000000eb400000|100%| E|CS|TAMS 0x00000000eb300000| PB 0x00000000eb300000| Complete 
| 180|0x00000000eb400000, 0x00000000eb500000, 0x00000000eb500000|100%| E|CS|TAMS 0x00000000eb400000| PB 0x00000000eb400000| Complete 
| 181|0x00000000eb500000, 0x00000000eb600000, 0x00000000eb600000|100%| E|CS|TAMS 0x00000000eb500000| PB 0x00000000eb500000| Complete 
| 182|0x00000000eb600000, 0x00000000eb700000, 0x00000000eb700000|100%| E|CS|TAMS 0x00000000eb600000| PB 0x00000000eb600000| Complete 
| 183|0x00000000eb700000, 0x00000000eb800000, 0x00000000eb800000|100%| E|CS|TAMS 0x00000000eb700000| PB 0x00000000eb700000| Complete 
| 184|0x00000000eb800000, 0x00000000eb900000, 0x00000000eb900000|100%| E|CS|TAMS 0x00000000eb800000| PB 0x00000000eb800000| Complete 
| 185|0x00000000eb900000, 0x00000000eba00000, 0x00000000eba00000|100%| E|CS|TAMS 0x00000000eb900000| PB 0x00000000eb900000| Complete 
| 186|0x00000000eba00000, 0x00000000ebb00000, 0x00000000ebb00000|100%| E|CS|TAMS 0x00000000eba00000| PB 0x00000000eba00000| Complete 
| 187|0x00000000ebb00000, 0x00000000ebc00000, 0x00000000ebc00000|100%| E|CS|TAMS 0x00000000ebb00000| PB 0x00000000ebb00000| Complete 
| 188|0x00000000ebc00000, 0x00000000ebd00000, 0x00000000ebd00000|100%| E|CS|TAMS 0x00000000ebc00000| PB 0x00000000ebc00000| Complete 
| 189|0x00000000ebd00000, 0x00000000ebe00000, 0x00000000ebe00000|100%| E|CS|TAMS 0x00000000ebd00000| PB 0x00000000ebd00000| Complete 
| 190|0x00000000ebe00000, 0x00000000ebf00000, 0x00000000ebf00000|100%| E|CS|TAMS 0x00000000ebe00000| PB 0x00000000ebe00000| Complete 
| 191|0x00000000ebf00000, 0x00000000ec000000, 0x00000000ec000000|100%| E|CS|TAMS 0x00000000ebf00000| PB 0x00000000ebf00000| Complete 
| 192|0x00000000ec000000, 0x00000000ec100000, 0x00000000ec100000|100%| E|CS|TAMS 0x00000000ec000000| PB 0x00000000ec000000| Complete 
| 193|0x00000000ec100000, 0x00000000ec200000, 0x00000000ec200000|100%| E|CS|TAMS 0x00000000ec100000| PB 0x00000000ec100000| Complete 
| 194|0x00000000ec200000, 0x00000000ec300000, 0x00000000ec300000|100%| E|CS|TAMS 0x00000000ec200000| PB 0x00000000ec200000| Complete 
| 195|0x00000000ec300000, 0x00000000ec400000, 0x00000000ec400000|100%| E|CS|TAMS 0x00000000ec300000| PB 0x00000000ec300000| Complete 
| 196|0x00000000ec400000, 0x00000000ec500000, 0x00000000ec500000|100%| E|CS|TAMS 0x00000000ec400000| PB 0x00000000ec400000| Complete 
| 197|0x00000000ec500000, 0x00000000ec600000, 0x00000000ec600000|100%| E|CS|TAMS 0x00000000ec500000| PB 0x00000000ec500000| Complete 
| 198|0x00000000ec600000, 0x00000000ec700000, 0x00000000ec700000|100%| E|CS|TAMS 0x00000000ec600000| PB 0x00000000ec600000| Complete 
| 199|0x00000000ec700000, 0x00000000ec800000, 0x00000000ec800000|100%| E|CS|TAMS 0x00000000ec700000| PB 0x00000000ec700000| Complete 
| 200|0x00000000ec800000, 0x00000000ec900000, 0x00000000ec900000|100%| E|CS|TAMS 0x00000000ec800000| PB 0x00000000ec800000| Complete 
| 201|0x00000000ec900000, 0x00000000eca00000, 0x00000000eca00000|100%| E|CS|TAMS 0x00000000ec900000| PB 0x00000000ec900000| Complete 
| 202|0x00000000eca00000, 0x00000000ecb00000, 0x00000000ecb00000|100%| E|CS|TAMS 0x00000000eca00000| PB 0x00000000eca00000| Complete 
| 203|0x00000000ecb00000, 0x00000000ecc00000, 0x00000000ecc00000|100%| E|CS|TAMS 0x00000000ecb00000| PB 0x00000000ecb00000| Complete 
| 204|0x00000000ecc00000, 0x00000000ecd00000, 0x00000000ecd00000|100%| E|CS|TAMS 0x00000000ecc00000| PB 0x00000000ecc00000| Complete 
| 205|0x00000000ecd00000, 0x00000000ece00000, 0x00000000ece00000|100%| E|CS|TAMS 0x00000000ecd00000| PB 0x00000000ecd00000| Complete 
| 206|0x00000000ece00000, 0x00000000ecf00000, 0x00000000ecf00000|100%| E|CS|TAMS 0x00000000ece00000| PB 0x00000000ece00000| Complete 
| 207|0x00000000ecf00000, 0x00000000ed000000, 0x00000000ed000000|100%| E|CS|TAMS 0x00000000ecf00000| PB 0x00000000ecf00000| Complete 
| 208|0x00000000ed000000, 0x00000000ed100000, 0x00000000ed100000|100%| E|CS|TAMS 0x00000000ed000000| PB 0x00000000ed000000| Complete 
| 209|0x00000000ed100000, 0x00000000ed200000, 0x00000000ed200000|100%| E|CS|TAMS 0x00000000ed100000| PB 0x00000000ed100000| Complete 
| 210|0x00000000ed200000, 0x00000000ed300000, 0x00000000ed300000|100%| E|CS|TAMS 0x00000000ed200000| PB 0x00000000ed200000| Complete 
| 211|0x00000000ed300000, 0x00000000ed400000, 0x00000000ed400000|100%| E|CS|TAMS 0x00000000ed300000| PB 0x00000000ed300000| Complete 
| 212|0x00000000ed400000, 0x00000000ed500000, 0x00000000ed500000|100%| E|CS|TAMS 0x00000000ed400000| PB 0x00000000ed400000| Complete 
| 213|0x00000000ed500000, 0x00000000ed600000, 0x00000000ed600000|100%| E|CS|TAMS 0x00000000ed500000| PB 0x00000000ed500000| Complete 
| 214|0x00000000ed600000, 0x00000000ed700000, 0x00000000ed700000|100%| E|CS|TAMS 0x00000000ed600000| PB 0x00000000ed600000| Complete 
| 215|0x00000000ed700000, 0x00000000ed800000, 0x00000000ed800000|100%| E|CS|TAMS 0x00000000ed700000| PB 0x00000000ed700000| Complete 
| 216|0x00000000ed800000, 0x00000000ed900000, 0x00000000ed900000|100%| E|CS|TAMS 0x00000000ed800000| PB 0x00000000ed800000| Complete 
| 217|0x00000000ed900000, 0x00000000eda00000, 0x00000000eda00000|100%| E|CS|TAMS 0x00000000ed900000| PB 0x00000000ed900000| Complete 
| 218|0x00000000eda00000, 0x00000000edb00000, 0x00000000edb00000|100%| E|CS|TAMS 0x00000000eda00000| PB 0x00000000eda00000| Complete 
| 219|0x00000000edb00000, 0x00000000edc00000, 0x00000000edc00000|100%| E|CS|TAMS 0x00000000edb00000| PB 0x00000000edb00000| Complete 
| 220|0x00000000edc00000, 0x00000000edd00000, 0x00000000edd00000|100%| E|CS|TAMS 0x00000000edc00000| PB 0x00000000edc00000| Complete 
| 221|0x00000000edd00000, 0x00000000ede00000, 0x00000000ede00000|100%| E|CS|TAMS 0x00000000edd00000| PB 0x00000000edd00000| Complete 
| 222|0x00000000ede00000, 0x00000000edeb93e0, 0x00000000edf00000| 72%| S|CS|TAMS 0x00000000ede00000| PB 0x00000000ede00000| Complete 
| 223|0x00000000edf00000, 0x00000000ee000000, 0x00000000ee000000|100%| S|CS|TAMS 0x00000000edf00000| PB 0x00000000edf00000| Complete 
| 224|0x00000000ee000000, 0x00000000ee100000, 0x00000000ee100000|100%| S|CS|TAMS 0x00000000ee000000| PB 0x00000000ee000000| Complete 
| 225|0x00000000ee100000, 0x00000000ee200000, 0x00000000ee200000|100%| E|CS|TAMS 0x00000000ee100000| PB 0x00000000ee100000| Complete 
| 226|0x00000000ee200000, 0x00000000ee300000, 0x00000000ee300000|100%| E|CS|TAMS 0x00000000ee200000| PB 0x00000000ee200000| Complete 
| 227|0x00000000ee300000, 0x00000000ee400000, 0x00000000ee400000|100%| E|CS|TAMS 0x00000000ee300000| PB 0x00000000ee300000| Complete 
| 228|0x00000000ee400000, 0x00000000ee500000, 0x00000000ee500000|100%| E|CS|TAMS 0x00000000ee400000| PB 0x00000000ee400000| Complete 
| 229|0x00000000ee500000, 0x00000000ee600000, 0x00000000ee600000|100%| E|CS|TAMS 0x00000000ee500000| PB 0x00000000ee500000| Complete 
| 230|0x00000000ee600000, 0x00000000ee700000, 0x00000000ee700000|100%| E|CS|TAMS 0x00000000ee600000| PB 0x00000000ee600000| Complete 
| 231|0x00000000ee700000, 0x00000000ee800000, 0x00000000ee800000|100%| E|CS|TAMS 0x00000000ee700000| PB 0x00000000ee700000| Complete 
| 232|0x00000000ee800000, 0x00000000ee900000, 0x00000000ee900000|100%| E|CS|TAMS 0x00000000ee800000| PB 0x00000000ee800000| Complete 
| 233|0x00000000ee900000, 0x00000000eea00000, 0x00000000eea00000|100%| E|CS|TAMS 0x00000000ee900000| PB 0x00000000ee900000| Complete 
| 234|0x00000000eea00000, 0x00000000eeb00000, 0x00000000eeb00000|100%| E|CS|TAMS 0x00000000eea00000| PB 0x00000000eea00000| Complete 
| 235|0x00000000eeb00000, 0x00000000eec00000, 0x00000000eec00000|100%| E|CS|TAMS 0x00000000eeb00000| PB 0x00000000eeb00000| Complete 
| 236|0x00000000eec00000, 0x00000000eed00000, 0x00000000eed00000|100%| E|CS|TAMS 0x00000000eec00000| PB 0x00000000eec00000| Complete 
| 237|0x00000000eed00000, 0x00000000eee00000, 0x00000000eee00000|100%| E|CS|TAMS 0x00000000eed00000| PB 0x00000000eed00000| Complete 
| 238|0x00000000eee00000, 0x00000000eef00000, 0x00000000eef00000|100%| E|CS|TAMS 0x00000000eee00000| PB 0x00000000eee00000| Complete 
| 239|0x00000000eef00000, 0x00000000ef000000, 0x00000000ef000000|100%| E|CS|TAMS 0x00000000eef00000| PB 0x00000000eef00000| Complete 
| 240|0x00000000ef000000, 0x00000000ef100000, 0x00000000ef100000|100%| E|CS|TAMS 0x00000000ef000000| PB 0x00000000ef000000| Complete 
| 241|0x00000000ef100000, 0x00000000ef200000, 0x00000000ef200000|100%| E|CS|TAMS 0x00000000ef100000| PB 0x00000000ef100000| Complete 
| 242|0x00000000ef200000, 0x00000000ef300000, 0x00000000ef300000|100%| E|CS|TAMS 0x00000000ef200000| PB 0x00000000ef200000| Complete 
| 243|0x00000000ef300000, 0x00000000ef400000, 0x00000000ef400000|100%| E|CS|TAMS 0x00000000ef300000| PB 0x00000000ef300000| Complete 
| 244|0x00000000ef400000, 0x00000000ef500000, 0x00000000ef500000|100%| E|CS|TAMS 0x00000000ef400000| PB 0x00000000ef400000| Complete 
| 245|0x00000000ef500000, 0x00000000ef600000, 0x00000000ef600000|100%| E|CS|TAMS 0x00000000ef500000| PB 0x00000000ef500000| Complete 
| 246|0x00000000ef600000, 0x00000000ef700000, 0x00000000ef700000|100%| E|CS|TAMS 0x00000000ef600000| PB 0x00000000ef600000| Complete 
| 247|0x00000000ef700000, 0x00000000ef800000, 0x00000000ef800000|100%| E|CS|TAMS 0x00000000ef700000| PB 0x00000000ef700000| Complete 
| 248|0x00000000ef800000, 0x00000000ef900000, 0x00000000ef900000|100%| E|CS|TAMS 0x00000000ef800000| PB 0x00000000ef800000| Complete 
| 249|0x00000000ef900000, 0x00000000efa00000, 0x00000000efa00000|100%| E|CS|TAMS 0x00000000ef900000| PB 0x00000000ef900000| Complete 
| 250|0x00000000efa00000, 0x00000000efb00000, 0x00000000efb00000|100%| E|CS|TAMS 0x00000000efa00000| PB 0x00000000efa00000| Complete 
| 251|0x00000000efb00000, 0x00000000efc00000, 0x00000000efc00000|100%| E|CS|TAMS 0x00000000efb00000| PB 0x00000000efb00000| Complete 
| 252|0x00000000efc00000, 0x00000000efd00000, 0x00000000efd00000|100%| E|CS|TAMS 0x00000000efc00000| PB 0x00000000efc00000| Complete 
| 253|0x00000000efd00000, 0x00000000efe00000, 0x00000000efe00000|100%| E|CS|TAMS 0x00000000efd00000| PB 0x00000000efd00000| Complete 
| 254|0x00000000efe00000, 0x00000000eff00000, 0x00000000eff00000|100%| E|CS|TAMS 0x00000000efe00000| PB 0x00000000efe00000| Complete 
| 255|0x00000000eff00000, 0x00000000f0000000, 0x00000000f0000000|100%| E|CS|TAMS 0x00000000eff00000| PB 0x00000000eff00000| Complete 

Card table byte_map: [0x00000234a8060000,0x00000234a8160000] _byte_map_base: 0x00000234a7960000

Marking Bits: (CMBitMap*) 0x000002349583db20
 Bits: [0x00000234a8160000, 0x00000234a8960000)

Polling page: 0x0000023493710000

Metaspace:

Usage:
  Non-class:     13.73 MB used.
      Class:      2.17 MB used.
       Both:     15.90 MB used.

Virtual space:
  Non-class space:       64.00 MB reserved,      13.94 MB ( 22%) committed,  1 nodes.
      Class space:      320.00 MB reserved,       2.38 MB ( <1%) committed,  1 nodes.
             Both:      384.00 MB reserved,      16.31 MB (  4%) committed. 

Chunk freelists:
   Non-Class:  1.73 MB
       Class:  13.66 MB
        Both:  15.40 MB

MaxMetaspaceSize: 384.00 MB
CompressedClassSpaceSize: 320.00 MB
Initial GC threshold: 21.00 MB
Current GC threshold: 21.00 MB
CDS: on
 - commit_granule_bytes: 65536.
 - commit_granule_words: 8192.
 - virtual_space_node_default_size: 8388608.
 - enlarge_chunks_in_place: 1.
 - use_allocation_guard: 0.


Internal statistics:

num_allocs_failed_limit: 0.
num_arena_births: 548.
num_arena_deaths: 0.
num_vsnodes_births: 2.
num_vsnodes_deaths: 0.
num_space_committed: 261.
num_space_uncommitted: 0.
num_chunks_returned_to_freelist: 0.
num_chunks_taken_from_freelist: 1084.
num_chunk_merges: 0.
num_chunk_splits: 728.
num_chunks_enlarged: 517.
num_inconsistent_stats: 0.

CodeHeap 'non-profiled nmethods': size=120000Kb used=1332Kb max_used=1332Kb free=118668Kb
 bounds [0x00000234a04e0000, 0x00000234a0750000, 0x00000234a7a10000]
CodeHeap 'profiled nmethods': size=120000Kb used=5766Kb max_used=5766Kb free=114233Kb
 bounds [0x0000023498a10000, 0x0000023498fc0000, 0x000002349ff40000]
CodeHeap 'non-nmethods': size=5760Kb used=1403Kb max_used=1451Kb free=4356Kb
 bounds [0x000002349ff40000, 0x00000234a01b0000, 0x00000234a04e0000]
CodeCache: size=245760Kb, used=8501Kb, max_used=8549Kb, free=237257Kb
 total_blobs=3457, nmethods=2891, adapters=470, full_count=0
Compilation: enabled, stopped_count=0, restarted_count=0

Compilation events (20 events):
Event: 70.400 Thread 0x00000234ab62a700 2896       3       sun.management.spi.PlatformMBeanProvider$PlatformComponent::getMBeans (87 bytes)
Event: 70.402 Thread 0x00000234ab62a700 nmethod 2896 0x0000023498fab690 code [0x0000023498faba20, 0x0000023498fad098]
Event: 70.402 Thread 0x00000234ab62a700 2897       3       java.util.stream.ReferencePipeline$Head::forEach (26 bytes)
Event: 70.402 Thread 0x00000234ab62a700 nmethod 2897 0x0000023498fad790 code [0x0000023498fad9c0, 0x0000023498fae0f0]
Event: 70.402 Thread 0x00000234ab62a700 2898       3       java.util.stream.AbstractPipeline::sourceStageSpliterator (112 bytes)
Event: 70.403 Thread 0x00000234ab62a700 nmethod 2898 0x0000023498fae390 code [0x0000023498fae5c0, 0x0000023498faecb0]
Event: 71.414 Thread 0x00000234ab62a700 2899       1       java.util.stream.Collectors$CollectorImpl::characteristics (5 bytes)
Event: 71.414 Thread 0x00000234ab62a700 nmethod 2899 0x00000234a062ca10 code [0x00000234a062cba0, 0x00000234a062cc68]
Event: 72.399 Thread 0x00000234ab62a700 2900       3       java.util.Spliterators$EmptySpliterator$OfRef::forEachRemaining (6 bytes)
Event: 72.400 Thread 0x00000234ab62a700 nmethod 2900 0x0000023498faef10 code [0x0000023498faf0e0, 0x0000023498faf398]
Event: 72.400 Thread 0x00000234ab62a700 2901       3       java.util.Spliterators$EmptySpliterator::forEachRemaining (6 bytes)
Event: 72.400 Thread 0x00000234ab62a700 nmethod 2901 0x0000023498faf490 code [0x0000023498faf640, 0x0000023498faf8a0]
Event: 72.599 Thread 0x00000234ab627570 2902       4       jdk.internal.misc.Unsafe::weakCompareAndSetInt (11 bytes)
Event: 72.599 Thread 0x00000234ab627570 nmethod 2902 0x00000234a062cd10 code [0x00000234a062cea0, 0x00000234a062cf38]
Event: 73.412 Thread 0x00000234ab62a700 2903       3       java.util.HashMap$HashMapSpliterator::getFence (53 bytes)
Event: 73.412 Thread 0x00000234ab62a700 nmethod 2903 0x0000023498faf990 code [0x0000023498fafb40, 0x0000023498fafce8]
Event: 73.412 Thread 0x00000234ab62a700 2904       3       javax.management.ObjectName::setCanonicalName (251 bytes)
Event: 73.413 Thread 0x00000234ab62a700 nmethod 2904 0x0000023498fafe10 code [0x0000023498fb00a0, 0x0000023498fb1048]
Event: 73.413 Thread 0x00000234ab62a700 2905       3       javax.management.ObjectName::isPropertyListPattern (17 bytes)
Event: 73.413 Thread 0x00000234ab62a700 nmethod 2905 0x0000023498fb1610 code [0x0000023498fb17a0, 0x0000023498fb1908]

GC Heap History (4 events):
Event: 11.445 GC heap before
{Heap before GC invocations=0 (full 0):
 garbage-first heap   total 262144K, used 26624K [0x00000000e0000000, 0x0000000100000000)
  region size 1024K, 23 young (23552K), 0 survivors (0K)
 Metaspace       used 2922K, committed 3072K, reserved 393216K
  class space    used 346K, committed 384K, reserved 327680K
}
Event: 11.514 GC heap after
{Heap after GC invocations=1 (full 0):
 garbage-first heap   total 262144K, used 11137K [0x00000000e0000000, 0x0000000100000000)
  region size 1024K, 3 young (3072K), 3 survivors (3072K)
 Metaspace       used 2922K, committed 3072K, reserved 393216K
  class space    used 346K, committed 384K, reserved 327680K
}
Event: 34.823 GC heap before
{Heap before GC invocations=1 (full 0):
 garbage-first heap   total 262144K, used 40833K [0x00000000e0000000, 0x0000000100000000)
  region size 1024K, 31 young (31744K), 3 survivors (3072K)
 Metaspace       used 4688K, committed 4864K, reserved 393216K
  class space    used 594K, committed 704K, reserved 327680K
}
Event: 34.827 GC heap after
{Heap after GC invocations=2 (full 0):
 garbage-first heap   total 262144K, used 14862K [0x00000000e0000000, 0x0000000100000000)
  region size 1024K, 3 young (3072K), 3 survivors (3072K)
 Metaspace       used 4688K, committed 4864K, reserved 393216K
  class space    used 594K, committed 704K, reserved 327680K
}

Dll operation events (20 events):
Event: 0.529 Attempting to load shared library C:\Users\user\.vscode\extensions\redhat.java-1.56.0-win32-x64\jre\21.0.12.1-win32-x86_64\bin\nio.dll
Event: 0.539 Loaded shared library C:\Users\user\.vscode\extensions\redhat.java-1.56.0-win32-x64\jre\21.0.12.1-win32-x86_64\bin\nio.dll
Event: 0.572 Attempting to load shared library C:\Users\user\.vscode\extensions\redhat.java-1.56.0-win32-x64\jre\21.0.12.1-win32-x86_64\bin\zip.dll
Event: 0.572 Loaded shared library C:\Users\user\.vscode\extensions\redhat.java-1.56.0-win32-x64\jre\21.0.12.1-win32-x86_64\bin\zip.dll
Event: 4.824 Attempting to load shared library C:\Users\user\.vscode\extensions\redhat.java-1.56.0-win32-x64\jre\21.0.12.1-win32-x86_64\bin\jimage.dll
Event: 4.824 Loaded shared library C:\Users\user\.vscode\extensions\redhat.java-1.56.0-win32-x64\jre\21.0.12.1-win32-x86_64\bin\jimage.dll
Event: 10.369 Attempting to load shared library C:\Users\user\.vscode\extensions\redhat.java-1.56.0-win32-x64\jre\21.0.12.1-win32-x86_64\bin\verify.dll
Event: 10.411 Loaded shared library C:\Users\user\.vscode\extensions\redhat.java-1.56.0-win32-x64\jre\21.0.12.1-win32-x86_64\bin\verify.dll
Event: 10.855 Attempting to load shared library C:\Users\user\.gradle\native\660c5614fbf4a5f2a75b1949f50a0caf5cd603558e7d8a26e50b933a0cfb79d1\windows-amd64\native-platform.dll
Event: 10.921 Loaded shared library C:\Users\user\.gradle\native\660c5614fbf4a5f2a75b1949f50a0caf5cd603558e7d8a26e50b933a0cfb79d1\windows-amd64\native-platform.dll
Event: 11.168 Attempting to load shared library C:\Users\user\.gradle\native\0.2.8\x86_64-windows-gnu\gradle-fileevents.dll
Event: 11.192 Loaded shared library C:\Users\user\.gradle\native\0.2.8\x86_64-windows-gnu\gradle-fileevents.dll
Event: 44.437 Attempting to load shared library C:\Users\user\.vscode\extensions\redhat.java-1.56.0-win32-x64\jre\21.0.12.1-win32-x86_64\bin\management.dll
Event: 44.519 Loaded shared library C:\Users\user\.vscode\extensions\redhat.java-1.56.0-win32-x64\jre\21.0.12.1-win32-x86_64\bin\management.dll
Event: 44.556 Attempting to load shared library C:\Users\user\.vscode\extensions\redhat.java-1.56.0-win32-x64\jre\21.0.12.1-win32-x86_64\bin\management_ext.dll
Event: 45.146 Loaded shared library C:\Users\user\.vscode\extensions\redhat.java-1.56.0-win32-x64\jre\21.0.12.1-win32-x86_64\bin\management_ext.dll
Event: 46.927 Attempting to load shared library C:\Users\user\.vscode\extensions\redhat.java-1.56.0-win32-x64\jre\21.0.12.1-win32-x86_64\bin\extnet.dll
Event: 46.929 Loaded shared library C:\Users\user\.vscode\extensions\redhat.java-1.56.0-win32-x64\jre\21.0.12.1-win32-x86_64\bin\extnet.dll
Event: 48.451 Attempting to load shared library C:\Users\user\.vscode\extensions\redhat.java-1.56.0-win32-x64\jre\21.0.12.1-win32-x86_64\bin\sunmscapi.dll
Event: 48.482 Loaded shared library C:\Users\user\.vscode\extensions\redhat.java-1.56.0-win32-x64\jre\21.0.12.1-win32-x86_64\bin\sunmscapi.dll

Deoptimization events (20 events):
Event: 54.734 Thread 0x00000234c59c63c0 DEOPT PACKING pc=0x00000234a05d7e8c sp=0x00000037f26fbf80
Event: 54.734 Thread 0x00000234c59c63c0 DEOPT UNPACKING pc=0x000002349ff94422 sp=0x00000037f26fbe90 mode 2
Event: 54.734 Thread 0x00000234c59c63c0 Uncommon trap: trap_request=0xffffff45 fr.pc=0x00000234a0550644 relative=0x00000000000001e4
Event: 54.734 Thread 0x00000234c59c63c0 Uncommon trap: reason=unstable_if action=reinterpret pc=0x00000234a0550644 method=java.util.HashMap.getNode(Ljava/lang/Object;)Ljava/util/HashMap$Node; @ 66 c2
Event: 54.734 Thread 0x00000234c59c63c0 DEOPT PACKING pc=0x00000234a0550644 sp=0x00000037f26fbf10
Event: 54.734 Thread 0x00000234c59c63c0 DEOPT UNPACKING pc=0x000002349ff94422 sp=0x00000037f26fbe90 mode 2
Event: 54.916 Thread 0x00000234c59c63c0 Uncommon trap: trap_request=0xffffff45 fr.pc=0x00000234a054ab80 relative=0x00000000000002c0
Event: 54.916 Thread 0x00000234c59c63c0 Uncommon trap: reason=unstable_if action=reinterpret pc=0x00000234a054ab80 method=java.util.concurrent.ConcurrentHashMap.get(Ljava/lang/Object;)Ljava/lang/Object; @ 152 c2
Event: 54.916 Thread 0x00000234c59c63c0 DEOPT PACKING pc=0x00000234a054ab80 sp=0x00000037f26fb510
Event: 54.916 Thread 0x00000234c59c63c0 DEOPT UNPACKING pc=0x000002349ff94422 sp=0x00000037f26fb478 mode 2
Event: 56.232 Thread 0x00000234c59c63c0 Uncommon trap: trap_request=0xffffff76 fr.pc=0x00000234a0590760 relative=0x00000000000001a0
Event: 56.232 Thread 0x00000234c59c63c0 Uncommon trap: reason=predicate action=maybe_recompile pc=0x00000234a0590760 method=java.util.regex.Pattern$BmpCharPropertyGreedy.match(Ljava/util/regex/Matcher;ILjava/lang/CharSequence;)Z @ 12 c2
Event: 56.232 Thread 0x00000234c59c63c0 DEOPT PACKING pc=0x00000234a0590760 sp=0x00000037f26fbef0
Event: 56.232 Thread 0x00000234c59c63c0 DEOPT UNPACKING pc=0x000002349ff94422 sp=0x00000037f26fbe88 mode 2
Event: 63.866 Thread 0x00000234c59c63c0 DEOPT PACKING pc=0x0000023498e58c61 sp=0x00000037f26f97c0
Event: 63.866 Thread 0x00000234c59c63c0 DEOPT UNPACKING pc=0x000002349ff94bc2 sp=0x00000037f26f8cd0 mode 0
Event: 63.868 Thread 0x00000234c59c63c0 Uncommon trap: trap_request=0xffffff45 fr.pc=0x00000234a05b9480 relative=0x00000000000000c0
Event: 63.868 Thread 0x00000234c59c63c0 Uncommon trap: reason=unstable_if action=reinterpret pc=0x00000234a05b9480 method=jdk.internal.misc.Unsafe.convEndian(ZI)I @ 4 c2
Event: 63.868 Thread 0x00000234c59c63c0 DEOPT PACKING pc=0x00000234a05b9480 sp=0x00000037f26fa980
Event: 63.868 Thread 0x00000234c59c63c0 DEOPT UNPACKING pc=0x000002349ff94422 sp=0x00000037f26fa818 mode 2

Classes loaded (20 events):
Event: 58.095 Loading class java/util/concurrent/LinkedBlockingDeque$Itr
Event: 58.097 Loading class java/util/concurrent/LinkedBlockingDeque$AbstractItr
Event: 58.097 Loading class java/util/concurrent/LinkedBlockingDeque$AbstractItr done
Event: 58.097 Loading class java/util/concurrent/LinkedBlockingDeque$Itr done
Event: 59.171 Loading class java/util/LinkedList$ListItr
Event: 60.094 Loading class java/util/LinkedList$ListItr done
Event: 63.845 Loading class java/lang/Character$UnicodeBlock
Event: 63.846 Loading class java/lang/Character$Subset
Event: 63.847 Loading class java/lang/Character$Subset done
Event: 63.847 Loading class java/lang/Character$UnicodeBlock done
Event: 63.864 Loading class sun/security/provider/MD5
Event: 63.864 Loading class sun/security/provider/MD5 done
Event: 63.865 Loading class sun/security/provider/SHA5$SHA512
Event: 63.865 Loading class sun/security/provider/SHA5
Event: 63.865 Loading class sun/security/provider/SHA5 done
Event: 63.865 Loading class sun/security/provider/SHA5$SHA512 done
Event: 63.868 Loading class sun/security/provider/ByteArrayAccess$LE
Event: 63.868 Loading class sun/security/provider/ByteArrayAccess$LE done
Event: 68.926 Loading class java/io/File$TempDirectory
Event: 68.926 Loading class java/io/File$TempDirectory done

Classes unloaded (0 events):
No events

Classes redefined (0 events):
No events

Internal exceptions (20 events):
Event: 48.020 Thread 0x0000023495812720 Exception <a 'java/io/IOException'{0x00000000ed5b0178}> (0x00000000ed5b0178) 
thrown [s\src\hotspot\share\prims\jni.cpp, line 520]
Event: 48.043 Thread 0x0000023495812720 Implicit null exception at 0x00000234a052b924 to 0x00000234a052bf74
Event: 48.048 Thread 0x0000023495812720 Exception <a 'java/lang/NoSuchMethodError'{0x00000000ed41af78}: 'java.lang.Object java.lang.invoke.DirectMethodHandle$Holder.newInvokeSpecial(java.lang.Object, java.lang.Object, java.lang.Object, java.lang.Object, java.lang.Object)'> (0x00000000ed41af78) 
thrown [s\src\hotspot\share\interpreter\linkResolver.cpp, line 773]
Event: 48.055 Thread 0x0000023495812720 Exception <a 'java/lang/NoSuchMethodError'{0x00000000ed4436c0}: 'void java.lang.invoke.DirectMethodHandle$Holder.invokeSpecial(java.lang.Object, java.lang.Object, java.lang.Object)'> (0x00000000ed4436c0) 
thrown [s\src\hotspot\share\interpreter\linkResolver.cpp, line 773]
Event: 50.890 Thread 0x00000234c59c63c0 Exception <a 'java/lang/NoSuchMethodError'{0x00000000eca331d8}: 'java.lang.Object java.lang.invoke.DirectMethodHandle$Holder.invokeVirtual(java.lang.Object, java.lang.Object, java.lang.Object, java.lang.Object, java.lang.Object, java.lang.Object, java.lang.Object)'> (0x00000000eca331d8) 
thrown [s\src\hotspot\share\interpreter\linkResolver.cpp, line 773]
Event: 50.925 Thread 0x00000234c59c63c0 Exception <a 'java/lang/NoSuchMethodError'{0x00000000ecaccda0}: 'long java.lang.invoke.DirectMethodHandle$Holder.invokeInterface(java.lang.Object, java.lang.Object)'> (0x00000000ecaccda0) 
thrown [s\src\hotspot\share\interpreter\linkResolver.cpp, line 773]
Event: 52.972 Thread 0x00000234c59c63c0 Exception <a 'java/lang/NoSuchMethodError'{0x00000000ec69bae0}: 'void java.lang.invoke.DirectMethodHandle$Holder.invokeStatic(java.lang.Object, java.lang.Object)'> (0x00000000ec69bae0) 
thrown [s\src\hotspot\share\interpreter\linkResolver.cpp, line 773]
Event: 52.989 Thread 0x00000234c59c63c0 Exception <a 'java/lang/NoSuchMethodError'{0x00000000ec6f03d8}: 'java.lang.Object java.lang.invoke.DirectMethodHandle$Holder.invokeVirtual(java.lang.Object, java.lang.Object, java.lang.Object, java.lang.Object, java.lang.Object, java.lang.Object, java.lang.Object, java.lang.Object, java.lang.Object, java.lang.Object, java.lang.Object, java.lang.Object)'> (0x00000000ec6f03d8) 
thrown [s\src\hotspot\share\interpreter\linkResolver.cpp, line 773]
Event: 52.992 Thread 0x00000234c59c63c0 Exception <a 'java/lang/NoSuchMethodError'{0x00000000ec6f5400}: 'java.lang.Object java.lang.invoke.DirectMethodHandle$Holder.invokeSpecial(java.lang.Object, java.lang.Object, java.lang.Object, java.lang.Object, java.lang.Object, java.lang.Object, java.lang.Object, java.lang.Object, java.lang.Object, java.lang.Object, java.lang.Object, java.lang.Object, java.lang.Object)'> (0x00000000ec6f5400) 
thrown [s\src\hotspot\share\interpreter\linkResolver.cpp, line 773]
Event: 54.712 Thread 0x00000234c59c63c0 Exception <a 'java/lang/NoSuchMethodError'{0x00000000ec488710}: 'void java.lang.invoke.DirectMethodHandle$Holder.invokeStatic(java.lang.Object, java.lang.Object, java.lang.Object, java.lang.Object)'> (0x00000000ec488710) 
thrown [s\src\hotspot\share\interpreter\linkResolver.cpp, line 773]
Event: 54.959 Thread 0x00000234c59c63c0 Exception <a 'java/lang/NoSuchMethodError'{0x00000000ec33d640}: 'int java.lang.invoke.DirectMethodHandle$Holder.invokeVirtual(java.lang.Object, java.lang.Object, java.lang.Object)'> (0x00000000ec33d640) 
thrown [s\src\hotspot\share\interpreter\linkResolver.cpp, line 773]
Event: 55.400 Thread 0x00000234c59c63c0 Exception <a 'java/lang/NoSuchMethodError'{0x00000000ec1a8280}: 'java.lang.Object java.lang.invoke.DirectMethodHandle$Holder.newInvokeSpecial(java.lang.Object, java.lang.Object, java.lang.Object, java.lang.Object, java.lang.Object, java.lang.Object)'> (0x00000000ec1a8280) 
thrown [s\src\hotspot\share\interpreter\linkResolver.cpp, line 773]
Event: 55.614 Thread 0x00000234c59c63c0 Exception <a 'java/lang/NoSuchMethodError'{0x00000000ebe165f8}: 'void java.lang.invoke.DelegatingMethodHandle$Holder.reinvoke_L(java.lang.Object, java.lang.Object, java.lang.Object, java.lang.Object, java.lang.Object, java.lang.Object, java.lang.Object, java.lang.Object, java.lang.Object, java.lang.Object)'> (0x00000000ebe165f8) 
thrown [s\src\hotspot\share\interpreter\linkResolver.cpp, line 773]
Event: 55.615 Thread 0x00000234c59c63c0 Exception <a 'java/lang/NoSuchMethodError'{0x00000000ebe1e0d8}: 'java.lang.Object java.lang.invoke.Invokers$Holder.invoker(java.lang.Object, java.lang.Object, java.lang.Object, java.lang.Object, java.lang.Object, java.lang.Object, java.lang.Object, java.lang.Object, java.lang.Object, java.lang.Object)'> (0x00000000ebe1e0d8) 
thrown [s\src\hotspot\share\interpreter\linkResolver.cpp, line 773]
Event: 56.228 Thread 0x00000234c59c63c0 Exception <a 'java/lang/NoSuchMethodError'{0x00000000eb86e120}: 'void java.lang.invoke.DirectMethodHandle$Holder.invokeInterface(java.lang.Object, java.lang.Object)'> (0x00000000eb86e120) 
thrown [s\src\hotspot\share\interpreter\linkResolver.cpp, line 773]
Event: 56.229 Thread 0x00000234c59c63c0 Exception <a 'java/lang/IncompatibleClassChangeError'{0x00000000eb8716a0}: Found class java.lang.Object, but interface was expected> (0x00000000eb8716a0) 
thrown [s\src\hotspot\share\interpreter\linkResolver.cpp, line 840]
Event: 56.235 Thread 0x00000234c59c63c0 Exception <a 'java/lang/NoSuchMethodError'{0x00000000eb896d28}: 'java.lang.Object java.lang.invoke.DirectMethodHandle$Holder.newInvokeSpecial(java.lang.Object, java.lang.Object, java.lang.Object, java.lang.Object, java.lang.Object, java.lang.Object, java.lang.Object, java.lang.Object)'> (0x00000000eb896d28) 
thrown [s\src\hotspot\share\interpreter\linkResolver.cpp, line 773]
Event: 57.000 Thread 0x00000234c59c63c0 Exception <a 'java/lang/NoSuchMethodError'{0x00000000eb7a13f8}: 'java.lang.Object java.lang.invoke.DirectMethodHandle$Holder.newInvokeSpecial(java.lang.Object, java.lang.Object, int)'> (0x00000000eb7a13f8) 
thrown [s\src\hotspot\share\interpreter\linkResolver.cpp, line 773]
Event: 66.843 Thread 0x00000234c59c63c0 Exception <a 'java/lang/NoSuchMethodError'{0x00000000eb23cca0}: 'java.lang.Object java.lang.invoke.DirectMethodHandle$Holder.invokeVirtual(java.lang.Object, java.lang.Object, java.lang.Object, java.lang.Object, java.lang.Object, java.lang.Object, java.lang.Object, java.lang.Object)'> (0x00000000eb23cca0) 
thrown [s\src\hotspot\share\interpreter\linkResolver.cpp, line 773]
Event: 68.748 Thread 0x00000234c59c63c0 Exception <a 'java/lang/NoSuchMethodError'{0x00000000eb159588}: 'java.lang.Object java.lang.invoke.DirectMethodHandle$Holder.invokeVirtual(java.lang.Object, java.lang.Object, java.lang.Object, java.lang.Object, java.lang.Object, java.lang.Object, java.lang.Object, java.lang.Object, java.lang.Object, java.lang.Object)'> (0x00000000eb159588) 
thrown [s\src\hotspot\share\interpreter\linkResolver.cpp, line 773]

ZGC Phase Switch (0 events):
No events

VM Operations (20 events):
Event: 60.682 Executing non-safepoint VM operation: HandshakeAllThreads (HandshakeForDeflation) done
Event: 60.682 Executing safepoint VM operation: Cleanup
Event: 60.682 Executing safepoint VM operation: Cleanup done
Event: 60.682 Executing non-safepoint VM operation: RendezvousGCThreads
Event: 60.682 Executing non-safepoint VM operation: RendezvousGCThreads done
Event: 62.760 Executing safepoint VM operation: Cleanup
Event: 63.042 Executing safepoint VM operation: Cleanup done
Event: 64.103 Executing safepoint VM operation: Cleanup
Event: 65.612 Executing safepoint VM operation: Cleanup done
Event: 67.621 Executing safepoint VM operation: Cleanup
Event: 67.668 Executing safepoint VM operation: Cleanup done
Event: 68.679 Executing safepoint VM operation: Cleanup
Event: 68.742 Executing safepoint VM operation: Cleanup done
Event: 69.750 Executing safepoint VM operation: Cleanup
Event: 69.843 Executing safepoint VM operation: Cleanup done
Event: 70.848 Executing safepoint VM operation: Cleanup
Event: 70.848 Executing safepoint VM operation: Cleanup done
Event: 71.853 Executing safepoint VM operation: Cleanup
Event: 71.853 Executing safepoint VM operation: Cleanup done
Event: 73.869 Executing safepoint VM operation: Cleanup

Memory protections (0 events):
No events

Nmethod flushes (0 events):
No events

Events (20 events):
Event: 0.448 Thread 0x0000023495812720 Thread added: 0x00000234ab8b98c0
Event: 0.660 Thread 0x0000023495812720 Thread added: 0x00000234ab87c410
Event: 31.849 Thread 0x00000234ab62a700 Thread added: 0x00000234ab657800
Event: 32.349 Thread 0x00000234ab657800 Thread exited: 0x00000234ab657800
Event: 45.400 Thread 0x0000023495812720 Thread added: 0x00000234c5d0aec0
Event: 47.618 Thread 0x0000023495812720 Thread added: 0x00000234c5cd44f0
Event: 48.012 Thread 0x00000234ab62a700 Thread added: 0x00000234c598e9d0
Event: 48.056 Thread 0x0000023495812720 Thread added: 0x00000234c5c45280
Event: 48.408 Thread 0x00000234c598e9d0 Thread exited: 0x00000234c598e9d0
Event: 48.747 Thread 0x00000234c5cd44f0 Thread added: 0x00000234c6b9eb50
Event: 48.754 Thread 0x00000234c6b9eb50 Thread added: 0x00000234c6bf8e90
Event: 49.031 Thread 0x00000234c6b9eb50 Thread added: 0x00000234c597c6e0
Event: 50.177 Thread 0x00000234c6b9eb50 Thread added: 0x00000234c59c63c0
Event: 50.212 Thread 0x00000234c59c63c0 Thread added: 0x00000234c6cfc050
Event: 50.218 Thread 0x00000234c59c63c0 Thread added: 0x00000234c6cfc6e0
Event: 50.230 Thread 0x00000234c59c63c0 Thread added: 0x00000234c6cfd400
Event: 56.998 Thread 0x00000234c59c63c0 Thread added: 0x00000234c6cfe7b0
Event: 57.199 Thread 0x00000234c59c63c0 Thread added: 0x00000234c6cfee40
Event: 61.707 Thread 0x00000234c6cfee40 Thread added: 0x00000234c6cfda90
Event: 67.027 Thread 0x00000234c59c63c0 Thread added: 0x00000234c6cfcd70


Dynamic libraries:
0x00007ff771d30000 - 0x00007ff771d3e000 	C:\Users\user\.vscode\extensions\redhat.java-1.56.0-win32-x64\jre\21.0.12.1-win32-x86_64\bin\java.exe
0x00007ffe59920000 - 0x00007ffe59b86000 	C:\WINDOWS\SYSTEM32\ntdll.dll
0x00007ffe58340000 - 0x00007ffe58409000 	C:\WINDOWS\System32\KERNEL32.DLL
0x00007ffe57240000 - 0x00007ffe5763f000 	C:\WINDOWS\System32\KERNELBASE.dll
0x00007ffe57020000 - 0x00007ffe5716c000 	C:\WINDOWS\System32\ucrtbase.dll
0x00007ffde8ba0000 - 0x00007ffde8bb8000 	C:\Users\user\.vscode\extensions\redhat.java-1.56.0-win32-x64\jre\21.0.12.1-win32-x86_64\bin\jli.dll
0x00007ffe59660000 - 0x00007ffe59826000 	C:\WINDOWS\System32\USER32.dll
0x00007ffe56ca0000 - 0x00007ffe56cc7000 	C:\WINDOWS\System32\win32u.dll
0x00007ffe57f80000 - 0x00007ffe57fab000 	C:\WINDOWS\System32\GDI32.dll
0x00007ffe56d60000 - 0x00007ffe56e89000 	C:\WINDOWS\System32\gdi32full.dll
0x00007ffe56bf0000 - 0x00007ffe56c93000 	C:\WINDOWS\System32\msvcp_win.dll
0x00007ffde8b80000 - 0x00007ffde8b9e000 	C:\Users\user\.vscode\extensions\redhat.java-1.56.0-win32-x64\jre\21.0.12.1-win32-x86_64\bin\VCRUNTIME140.dll
0x00007ffe41130000 - 0x00007ffe413c1000 	C:\WINDOWS\WinSxS\amd64_microsoft.windows.common-controls_6595b64144ccf1df_6.0.26100.8972_none_3e0da176e32f9d4b\COMCTL32.dll
0x00007ffe58660000 - 0x00007ffe58709000 	C:\WINDOWS\System32\msvcrt.dll
0x00007ffe57c10000 - 0x00007ffe57c42000 	C:\WINDOWS\System32\IMM32.DLL
0x00007ffe4bce0000 - 0x00007ffe4bcec000 	C:\Users\user\.vscode\extensions\redhat.java-1.56.0-win32-x64\jre\21.0.12.1-win32-x86_64\bin\vcruntime140_1.dll
0x00007ffde6c80000 - 0x00007ffde6d0d000 	C:\Users\user\.vscode\extensions\redhat.java-1.56.0-win32-x64\jre\21.0.12.1-win32-x86_64\bin\msvcp140.dll
0x00007ffdbb3a0000 - 0x00007ffdbc142000 	C:\Users\user\.vscode\extensions\redhat.java-1.56.0-win32-x64\jre\21.0.12.1-win32-x86_64\bin\server\jvm.dll
0x00007ffe58a70000 - 0x00007ffe58b2c000 	C:\WINDOWS\System32\ADVAPI32.dll
0x00007ffe587a0000 - 0x00007ffe5884a000 	C:\WINDOWS\System32\sechost.dll
0x00007ffe58850000 - 0x00007ffe58968000 	C:\WINDOWS\System32\RPCRT4.dll
0x00007ffe58710000 - 0x00007ffe58792000 	C:\WINDOWS\System32\WS2_32.dll
0x00007ffe567d0000 - 0x00007ffe5682e000 	C:\WINDOWS\SYSTEM32\POWRPROF.dll
0x00007ffe4df90000 - 0x00007ffe4dfc6000 	C:\WINDOWS\SYSTEM32\WINMM.dll
0x00007ffe4dfd0000 - 0x00007ffe4dfdb000 	C:\WINDOWS\SYSTEM32\VERSION.dll
0x00007ffe567b0000 - 0x00007ffe567c5000 	C:\WINDOWS\SYSTEM32\UMPDC.dll
0x00007ffe55820000 - 0x00007ffe5583b000 	C:\WINDOWS\SYSTEM32\kernel.appcore.dll
0x00007ffe4b360000 - 0x00007ffe4b36a000 	C:\Users\user\.vscode\extensions\redhat.java-1.56.0-win32-x64\jre\21.0.12.1-win32-x86_64\bin\jimage.dll
0x00007ffe49000000 - 0x00007ffe49242000 	C:\WINDOWS\SYSTEM32\DBGHELP.DLL
0x00007ffe58b40000 - 0x00007ffe58ec5000 	C:\WINDOWS\System32\combase.dll
0x00007ffe57ce0000 - 0x00007ffe57db9000 	C:\WINDOWS\System32\OLEAUT32.dll
0x00007ffe3ed70000 - 0x00007ffe3edab000 	C:\WINDOWS\SYSTEM32\dbgcore.DLL
0x00007ffe56b30000 - 0x00007ffe56bdc000 	C:\WINDOWS\System32\bcryptPrimitives.dll
0x00007ffe43a60000 - 0x00007ffe43a6f000 	C:\Users\user\.vscode\extensions\redhat.java-1.56.0-win32-x64\jre\21.0.12.1-win32-x86_64\bin\instrument.dll
0x00007ffde8820000 - 0x00007ffde8840000 	C:\Users\user\.vscode\extensions\redhat.java-1.56.0-win32-x64\jre\21.0.12.1-win32-x86_64\bin\java.dll
0x00007ffe58ed0000 - 0x00007ffe59658000 	C:\WINDOWS\System32\SHELL32.dll
0x00007ffe54600000 - 0x00007ffe54e9b000 	C:\WINDOWS\SYSTEM32\windows.storage.dll
0x00007ffe57e80000 - 0x00007ffe57f79000 	C:\WINDOWS\System32\SHCORE.dll
0x00007ffe57dc0000 - 0x00007ffe57e26000 	C:\WINDOWS\System32\shlwapi.dll
0x00007ffe56a50000 - 0x00007ffe56a79000 	C:\WINDOWS\SYSTEM32\profapi.dll
0x00007ffde6c60000 - 0x00007ffde6c78000 	C:\Users\user\.vscode\extensions\redhat.java-1.56.0-win32-x64\jre\21.0.12.1-win32-x86_64\bin\zip.dll
0x00007ffe47cb0000 - 0x00007ffe47cc0000 	C:\Users\user\.vscode\extensions\redhat.java-1.56.0-win32-x64\jre\21.0.12.1-win32-x86_64\bin\net.dll
0x00007ffe4f5d0000 - 0x00007ffe4f6f8000 	C:\WINDOWS\SYSTEM32\WINHTTP.dll
0x00007ffe55dd0000 - 0x00007ffe55e3c000 	C:\WINDOWS\system32\mswsock.dll
0x00007ffde6c40000 - 0x00007ffde6c56000 	C:\Users\user\.vscode\extensions\redhat.java-1.56.0-win32-x64\jre\21.0.12.1-win32-x86_64\bin\nio.dll
0x00007ffe430e0000 - 0x00007ffe430f0000 	C:\Users\user\.vscode\extensions\redhat.java-1.56.0-win32-x64\jre\21.0.12.1-win32-x86_64\bin\verify.dll
0x00007ffde6c10000 - 0x00007ffde6c37000 	C:\Users\user\.gradle\native\660c5614fbf4a5f2a75b1949f50a0caf5cd603558e7d8a26e50b933a0cfb79d1\windows-amd64\native-platform.dll
0x00007ffde6b00000 - 0x00007ffde6b77000 	C:\Users\user\.gradle\native\0.2.8\x86_64-windows-gnu\gradle-fileevents.dll
0x00007ffe36150000 - 0x00007ffe3615a000 	C:\Users\user\.vscode\extensions\redhat.java-1.56.0-win32-x64\jre\21.0.12.1-win32-x86_64\bin\management.dll
0x00007ffe31f10000 - 0x00007ffe31f1c000 	C:\Users\user\.vscode\extensions\redhat.java-1.56.0-win32-x64\jre\21.0.12.1-win32-x86_64\bin\management_ext.dll
0x00007ffe57e30000 - 0x00007ffe57e38000 	C:\WINDOWS\System32\PSAPI.DLL
0x00007ffe55240000 - 0x00007ffe55273000 	C:\WINDOWS\SYSTEM32\IPHLPAPI.DLL
0x00007ffe57fb0000 - 0x00007ffe57fba000 	C:\WINDOWS\System32\NSI.dll
0x00007ffe2baf0000 - 0x00007ffe2baf9000 	C:\Users\user\.vscode\extensions\redhat.java-1.56.0-win32-x64\jre\21.0.12.1-win32-x86_64\bin\extnet.dll
0x00007ffe560c0000 - 0x00007ffe560db000 	C:\WINDOWS\SYSTEM32\CRYPTSP.dll
0x00007ffe55780000 - 0x00007ffe557b9000 	C:\WINDOWS\system32\rsaenh.dll
0x00007ffe55e80000 - 0x00007ffe55eb2000 	C:\WINDOWS\SYSTEM32\USERENV.dll
0x00007ffe56a20000 - 0x00007ffe56a4a000 	C:\WINDOWS\SYSTEM32\bcrypt.dll
0x00007ffe560e0000 - 0x00007ffe560ec000 	C:\WINDOWS\SYSTEM32\CRYPTBASE.dll
0x00007ffe2b790000 - 0x00007ffe2b79e000 	C:\Users\user\.vscode\extensions\redhat.java-1.56.0-win32-x64\jre\21.0.12.1-win32-x86_64\bin\sunmscapi.dll
0x00007ffe56e90000 - 0x00007ffe5700e000 	C:\WINDOWS\System32\CRYPT32.dll
0x00007ffe56300000 - 0x00007ffe56330000 	C:\WINDOWS\SYSTEM32\ncrypt.dll
0x00007ffe562b0000 - 0x00007ffe562ef000 	C:\WINDOWS\SYSTEM32\NTASN1.dll
0x00007ffe1de50000 - 0x00007ffe1de58000 	C:\WINDOWS\system32\wshunix.dll

JVMTI agents:
C:\Users\user\.gradle\wrapper\dists\gradle-9.5.1-bin\iq79hdu3mqx29lgffhp8bfmx\gradle-9.5.1\lib\agents\gradle-instrumentation-agent-9.5.1.jar path:C:\Users\user\.vscode\extensions\redhat.java-1.56.0-win32-x64\jre\21.0.12.1-win32-x86_64\bin\instrument.dll, loaded, initialized, instrumentlib options:none

dbghelp: loaded successfully - version: 4.0.5 - missing functions: none
symbol engine: initialized successfully - sym options: 0x614 - pdb path: .;C:\Users\user\.vscode\extensions\redhat.java-1.56.0-win32-x64\jre\21.0.12.1-win32-x86_64\bin;C:\WINDOWS\SYSTEM32;C:\WINDOWS\WinSxS\amd64_microsoft.windows.common-controls_6595b64144ccf1df_6.0.26100.8972_none_3e0da176e32f9d4b;C:\Users\user\.vscode\extensions\redhat.java-1.56.0-win32-x64\jre\21.0.12.1-win32-x86_64\bin\server;C:\Users\user\.gradle\native\660c5614fbf4a5f2a75b1949f50a0caf5cd603558e7d8a26e50b933a0cfb79d1\windows-amd64;C:\Users\user\.gradle\native\0.2.8\x86_64-windows-gnu

VM Arguments:
jvm_args: --add-opens=java.base/java.lang=ALL-UNNAMED --add-opens=java.base/java.lang.invoke=ALL-UNNAMED --add-opens=java.base/java.util=ALL-UNNAMED --add-opens=java.prefs/java.util.prefs=ALL-UNNAMED --add-exports=jdk.compiler/com.sun.tools.javac.api=ALL-UNNAMED --add-exports=jdk.compiler/com.sun.tools.javac.util=ALL-UNNAMED --add-opens=java.base/java.nio.charset=ALL-UNNAMED --add-opens=java.base/java.net=ALL-UNNAMED --add-opens=java.base/java.util.concurrent=ALL-UNNAMED --add-opens=java.base/java.util.concurrent.atomic=ALL-UNNAMED --add-opens=java.xml/javax.xml.namespace=ALL-UNNAMED --add-opens=java.base/java.time=ALL-UNNAMED -XX:MaxMetaspaceSize=384m -XX:+HeapDumpOnOutOfMemoryError -Xms256m -Xmx512m -Dfile.encoding=UTF-8 -Duser.country=KR -Duser.language=ko -Duser.variant -javaagent:C:\Users\user\.gradle\wrapper\dists\gradle-9.5.1-bin\iq79hdu3mqx29lgffhp8bfmx\gradle-9.5.1\lib\agents\gradle-instrumentation-agent-9.5.1.jar 
java_command: org.gradle.launcher.daemon.bootstrap.GradleDaemon 9.5.1
java_class_path (initial): C:\Users\user\.gradle\wrapper\dists\gradle-9.5.1-bin\iq79hdu3mqx29lgffhp8bfmx\gradle-9.5.1\lib\gradle-daemon-main-9.5.1.jar
Launcher Type: SUN_STANDARD

[Global flags]
     intx CICompilerCount                          = 4                                         {product} {ergonomic}
   size_t CompressedClassSpaceSize                 = 335544320                                 {product} {ergonomic}
     uint ConcGCThreads                            = 3                                         {product} {ergonomic}
     uint G1ConcRefinementThreads                  = 10                                        {product} {ergonomic}
   size_t G1HeapRegionSize                         = 1048576                                   {product} {ergonomic}
    uintx GCDrainStackTargetSize                   = 64                                        {product} {ergonomic}
     bool HeapDumpOnOutOfMemoryError               = true                                   {manageable} {command line}
   size_t InitialHeapSize                          = 268435456                                 {product} {command line}
   size_t MarkStackSize                            = 4194304                                   {product} {ergonomic}
   size_t MaxHeapSize                              = 536870912                                 {product} {command line}
   size_t MaxMetaspaceSize                         = 402653184                                 {product} {command line}
   size_t MaxNewSize                               = 321912832                                 {product} {ergonomic}
   size_t MinHeapDeltaBytes                        = 1048576                                   {product} {ergonomic}
   size_t MinHeapSize                              = 268435456                                 {product} {command line}
    uintx NonNMethodCodeHeapSize                   = 5839372                                {pd product} {ergonomic}
    uintx NonProfiledCodeHeapSize                  = 122909434                              {pd product} {ergonomic}
    uintx ProfiledCodeHeapSize                     = 122909434                              {pd product} {ergonomic}
    uintx ReservedCodeCacheSize                    = 251658240                              {pd product} {ergonomic}
     bool SegmentedCodeCache                       = true                                      {product} {ergonomic}
   size_t SoftMaxHeapSize                          = 536870912                              {manageable} {ergonomic}
     bool UseCompressedOops                        = true                           {product lp64_product} {ergonomic}
     bool UseG1GC                                  = true                                      {product} {ergonomic}
     bool UseLargePagesIndividualAllocation        = false                                  {pd product} {ergonomic}

Logging:
Log output configuration:
 #0: stdout all=warning uptime,level,tags foldmultilines=false
 #1: stderr all=off uptime,level,tags foldmultilines=false

Release file:
JAVA_VERSION="21.0.12.1" 
MODULES="java.base java.compiler java.datatransfer java.xml java.prefs java.desktop java.instrument java.logging java.management java.security.sasl java.naming java.rmi java.management.rmi java.net.http java.scripting java.security.jgss java.transaction.xa java.sql java.sql.rowset java.xml.crypto java.se java.smartcardio jdk.accessibility jdk.internal.jvmstat jdk.attach jdk.charsets jdk.internal.opt jdk.zipfs jdk.compiler jdk.crypto.ec jdk.crypto.cryptoki jdk.crypto.mscapi jdk.dynalink jdk.internal.ed jdk.editpad jdk.hotspot.agent jdk.httpserver jdk.internal.le jdk.internal.vm.ci jdk.internal.vm.compiler jdk.internal.vm.compiler.management jdk.jartool jdk.javadoc jdk.jcmd jdk.management jdk.management.agent jdk.jconsole jdk.jdeps jdk.jdwp.agent jdk.jdi jdk.jfr jdk.jshell jdk.jsobject jdk.jstatd jdk.localedata jdk.management.jfr jdk.naming.dns jdk.naming.rmi jdk.net jdk.nio.mapmode jdk.random jdk.sctp jdk.security.auth jdk.security.jgss jdk.unsupported jdk.unsupported.desktop jdk.xml.dom" 

Environment Variables:
JAVA_HOME=C:/Program Files/Java/jdk-17
PATH=C:\Program Files\Common Files\Oracle\Java\javapath;C:/Program Files/Java/jdk-17\bin;C:\WINDOWS\system32;C:\WINDOWS;C:\WINDOWS\System32\Wbem;C:\WINDOWS\System32\WindowsPowerShell\v1.0\;C:\WINDOWS\System32\OpenSSH\;C:\Program Files (x86)\Windows Kits\10\Windows Performance Toolkit\;C:\Program Files\dotnet\;C:\Program Files\Git\cmd;C:\Program Files\PuTTY\;C:\Program Files\nodejs\;C:\Program Files (x86)\cloudflared\;C:\Users\user\AppData\Local\Programs\Python\Python314\Scripts\;C:\Users\user\AppData\Local\Programs\Python\Python314\;C:\Users\user\AppData\Local\Programs\Eclipse Adoptium\jdk-17.0.17.10-hotspot\bin;C:\Program Files\MySQL\MySQL Shell 8.0\bin\;C:\Users\user\AppData\Local\Microsoft\WindowsApps;;C:\Users\user\AppData\Local\Programs\Microsoft VS Code\bin;C:\Program Files\JetBrains\IntelliJ IDEA 2025.3.1.1\bin;C:\Users\user\AppData\Roaming\npm
USERNAME=user
OS=Windows_NT
PROCESSOR_IDENTIFIER=AMD64 Family 25 Model 80 Stepping 0, AuthenticAMD
TMP=C:\Users\user\AppData\Local\Temp
TEMP=C:\Users\user\AppData\Local\Temp




Periodic native trim disabled

---------------  S Y S T E M  ---------------

OS:
 Windows 11 , 64 bit Build 26100 (10.0.26100.9168)
OS uptime: 13 days 0:11 hours

CPU: total 12 (initial active 12) (12 cores per cpu, 2 threads per core) family 25 model 80 stepping 0 microcode 0xa50000d, cx8, cmov, fxsr, ht, mmx, 3dnowpref, sse, sse2, sse3, ssse3, sse4a, sse4.1, sse4.2, popcnt, lzcnt, tsc, tscinvbit, avx, avx2, aes, erms, clmul, bmi1, bmi2, adx, sha, fma, vzeroupper, clflush, clflushopt, rdtscp, rdpid, fsrm, f16c, pku, cet_ss
Processor Information for the first 12 processors :
  Max Mhz: 2000, Current Mhz: 2000, Mhz Limit: 2000

Memory: 4k page, system-wide physical 14173M (395M free)
TotalPageFile size 44575M (AvailPageFile size 812M)
current process WorkingSet (physical memory assigned to process): 110M, peak: 193M
current process commit charge ("private bytes"): 398M, peak: 423M

vm_info: OpenJDK 64-Bit Server VM (21.0.12.1+1-LTS) for windows-amd64 JRE (21.0.12.1+1-LTS), built on 2026-08-18T00:00:00Z by "admin" with MS VC++ 17.12 (VS2022)

END.
